Price,Close,High,Low,Open,Volume
Ticker,POWERGRID.NS,POWERGRID.NS,POWERGRID.NS,POWERGRID.NS,POWERGRID.NS
Date,,,,,
2007-10-05,52.25092315673828,56.87352079210541,43.1875167592935,46.64148069529059,855215656
2007-10-08,49.576053619384766,54.016862537626224,49.26441654631749,54.016862537626224,126671715
2007-10-09,52.95210647583008,53.41955856155875,46.92714891334015,49.60202027946315,116725709
2007-10-10,53.445526123046875,54.53625229612375,52.97807406164678,54.328493084779,67931378
2007-10-11,59.41854476928711,62.32714565110846,52.97807591685675,62.32714565110846,106320954
2007-10-12,59.02899932861328,61.23641853894796,57.65260993581821,58.172002691191075,99410791
2007-10-15,59.80808639526367,60.613149365105215,59.28869365783617,60.24957163102002,41814972
2007-10-16,65.91095733642578,66.94974995491496,59.470488187972286,59.88599959959553,138614496
2007-10-17,71.05294799804688,72.71500060587947,55.10758390026759,59.2107888242532,204876259
2007-10-18,68.55986022949219,77.62326694998494,65.6252924665311,72.1956096460106,146617799
2007-10-19,68.32612609863281,71.10487837519793,64.92409978153778,67.00167052368528,110266491
2007-10-22,67.41719818115234,69.52073602931264,65.18380509901479,66.94974610875174,72253405
2007-10-23,72.2215805053711,72.87082144558245,69.07925012791905,69.07925012791905,74594921
2007-10-24,71.10488891601562,74.53288255767866,70.29982590725984,73.75378636916345,63055170
2007-10-25,70.94906616210938,72.61112580374328,62.664748863355165,68.68970625838412,34522489
2007-10-26,73.07857513427734,74.2472087946232,70.24788189466473,72.19560466190785,62370025
2007-10-29,74.55884552001953,76.35075327592689,73.90960460044656,74.27318233329336,43657697
2007-10-30,76.22090148925781,78.27249847130612,73.33826771577914,75.57166060037268,79921711
2007-10-31,77.80504608154297,79.51904624712627,76.3507493150309,76.61044566938766,44655368
2007-11-01,76.06507873535156,80.32410174435992,75.44181171469887,79.72680154113318,50632492
2007-11-02,77.44147491455078,77.90893402768407,72.71499945673308,73.31230675802226,32001693
2007-11-05,79.025634765625,80.76560206602664,76.92208968494275,77.38954884379375,38833135
2007-11-06,80.06441497802734,85.1284944701781,78.97368875539027,80.402018868561,81880281
2007-11-07,78.8957748413086,82.68733892498679,77.1298409810299,81.54467915408398,33593141
2007-11-08,77.54535675048828,79.64890163812531,75.83136347438267,76.87014898589277,27990521
2007-11-12,79.41517639160156,80.81753972616059,73.15648911813985,75.20809343263998,35153735
2007-11-13,81.31095886230469,82.94704472720406,78.19460215022379,80.76559925557673,43830531
2007-11-14,80.2461929321289,83.88194181618005,79.83067454712304,82.73927506330682,36738579
2007-11-15,81.59663391113281,83.02496415468542,80.06442228652637,81.75244893799764,29242252
2007-11-16,81.0252914428711,82.86913291726692,80.09038025094132,81.23304713728376,18895294
2007-11-19,83.9598617553711,86.99831089630602,82.24586841674902,82.86913551955915,40716718
2007-11-20,82.661376953125,85.95952236707782,81.64855825968476,83.62225496195276,26342171
2007-11-21,76.22090148925781,83.6482144402179,74.37705313799535,83.15479559149391,26814499
2007-11-22,73.59796905517578,78.4802665059787,70.40370507449748,75.41584366715539,34096185
2007-11-23,78.48026275634766,78.94771479672264,74.06541757918617,78.4283220752583,27664090
2007-11-26,79.10353088378906,81.38885748073669,78.48026383628412,81.38885748073669,20159123
2007-11-27,77.15581512451172,80.45396065821008,76.35075914029224,80.45396065821008,20573198
2007-11-28,76.01314544677734,79.20741653647964,75.49375269004072,78.84383878887796,16435311
2007-11-29,73.9615478515625,78.32444557366883,73.00066984828123,77.90893418859778,25530967
2007-11-30,76.81820678710938,77.28565884913134,74.27318374302095,75.31196923405419,18437721
2007-12-03,77.908935546875,78.86981356690838,77.1558132229992,77.75311349122042,16851227
2007-12-04,76.8961181640625,79.07757062302105,76.32478470626714,78.42832965841616,14008727
2007-12-05,79.96053314208984,80.24620338989415,76.8701504147332,77.02596542646992,27725290
2007-12-06,78.48026275634766,82.92106770698186,77.46744413160636,81.70049340259774,24104710
2007-12-07,78.14266967773438,80.09039282754533,76.74031323670025,78.97369963059697,11742386
2007-12-10,78.22056579589844,79.18143668746873,77.2077471789224,78.89577351073939,8330010
2007-12-11,77.85700225830078,79.36324000443418,77.46745764922925,78.92175470520993,11685950
2007-12-12,77.80504608154297,78.50622764724912,76.3507493150309,76.87014202374442,16342131
2007-12-13,76.50657653808594,78.94772547710306,76.2209133205207,77.90893989364311,14620172
2007-12-14,75.75344848632812,76.9480560444722,75.36390392176888,76.24687441932254,10991851
2007-12-17,71.18279266357422,76.61044956339703,70.11803332976248,76.19493114847727,19355678
2007-12-18,70.87116241455078,73.23439676821395,68.66374307848817,70.37773645095646,21607783
2007-12-19,69.57267761230469,73.77976040766359,68.97537734292943,73.15648627327145,19526912
2007-12-20,68.87149047851562,71.05294273016169,68.55985343617839,70.48160932666252,17105204
2007-12-24,70.97504425048828,72.09173733645451,69.33895133147657,69.9102848075826,16711519
2007-12-26,73.13052368164062,74.01349424896684,71.36458959170383,71.36458959170383,20930094
2007-12-27,73.64990234375,75.67553244191026,73.02662829290948,74.63674705365226,44565277
2007-12-28,74.22125244140625,74.53288953705146,72.71500765324038,73.49409686999547,18354518
2007-12-31,74.7666015625,75.20808679886157,73.85766427075583,74.7925754262359,11982308
2008-01-01,76.14299774169922,76.84417941004538,74.45497119128444,75.1561528596306,16687746
2008-01-02,75.72747802734375,76.71432280119272,74.61078507154846,76.14298939168604,13437280
2008-01-03,78.84383392333984,79.15547096709338,74.3510882637633,75.26002553196089,31815218
2008-01-04,78.42832946777344,81.0252933198803,77.90893669735206,79.98650777903757,28011310
2008-01-07,77.77908325195312,79.57098396206206,76.94805346645929,77.93489825467049,15858063
2008-01-08,75.13018798828125,78.94772646416955,74.22125059138955,77.85700017895637,13282666
2008-01-09,73.9355697631836,75.54568861660081,73.75378090083227,75.20808475492818,13113527
2008-01-10,72.16963958740234,76.35075545564695,71.67621365655424,74.27318445370132,18023003
2008-01-11,73.26036834716797,73.96154999391128,70.37773425382663,73.15648697553367,11629440
2008-01-14,74.3770523071289,75.15614136508786,72.22157398905203,73.39020757599046,10264240
2008-01-15,72.11770629882812,75.88330412600341,71.52040598346072,75.57167407952703,11558334
2008-01-16,70.6374282836914,72.19560653797659,68.84552751809248,71.59830628277695,14834065
2008-01-17,72.53321838378906,74.14333734261837,69.3908879708916,70.89712556022928,16169395
2008-01-18,69.15716552734375,72.01382569941867,68.55985821922869,71.9359111498627,13254156
2008-01-21,57.39291000366211,68.55985355258522,49.99156017562317,68.55985355258522,33202389
2008-01-22,51.62765121459961,54.536251977577116,41.006066827069716,51.731529058486494,58755707
2008-01-23,57.39291000366211,59.600329077286446,52.45867913320771,52.45867913320771,28425991
2008-01-24,57.52275466918945,61.599988706133416,54.79594303899763,60.48329582842628,29911930
2008-01-25,60.48330307006836,60.76896626669082,58.042154310018866,60.24957351303902,12550722
2008-01-28,61.132545471191406,61.59999755169175,54.795950907517096,59.652274679010944,13601109
2008-01-29,60.119720458984375,62.171324487753495,59.21078321365633,61.28835406012044,7679877
2008-01-30,56.795616149902344,60.50927312832484,56.042493798914045,60.24957673759998,9016102
2008-01-31,53.08195114135742,57.54873009144553,52.45868056101796,57.39291156577131,41538563
2008-02-01,54.92579650878906,55.31534106495473,53.49746646951495,53.99088886951997,9089201
2008-02-04,57.75648880004883,58.4317000984018,55.9645844669119,55.9645844669119,12009385
2008-02-05,59.54838562011719,60.327474668607785,56.61381827974547,57.86035934838756,14593303
2008-02-06,59.02899932861328,59.73018095730967,55.73085744541012,57.912306313504644,12429218
2008-02-07,56.25025177001953,60.22360857288286,55.88667753558726,58.223944999968865,11300078
2008-02-08,54.79594802856445,57.08127467016359,53.78312937009734,56.613822614222954,13514197
2008-02-11,50.926475524902344,55.57504392226387,50.381112378145964,55.57504392226387,15133331
2008-02-12,50.01753234863281,52.79628492852518,49.6020174503745,52.45868105501637,10237627
2008-02-13,49.29039001464844,51.549746609385394,48.27757474650029,50.900505601295826,10395753
2008-02-14,53.601348876953125,54.14671200648857,50.3811107872611,50.3811107872611,12514003
2008-02-15,55.13355255126953,55.575037793374705,51.96525539845679,53.39358544692266,12080990
2008-02-18,54.82191467285156,56.38009640652044,54.3544626184011,56.38009640652044,6977153
2008-02-19,54.224613189697266,55.93860988727597,53.809098305078585,55.808761705979975,7226542
2008-02-20,52.87419509887695,53.731195280219815,52.27689482411242,53.705224937326214,5604999
2008-02-21,53.23777389526367,54.14671125780228,52.588532922021805,53.731196330455944,3874365
2008-02-22,52.56255340576172,52.90015724398808,50.92646432529672,51.47182735211839,2691220
2008-02-25,53.0040397644043,53.65328068175928,51.73152827086002,53.18582863020665,6270186
2008-02-26,53.21179962158203,53.96491839044489,52.95210325146674,53.49746633318034,7139423
2008-02-27,56.32815933227539,59.10690854037433,53.990891865581766,53.990891865581766,43223132
2008-02-28,57.91231155395508,58.35379684491477,56.09443674565164,56.873525949210254,35763847
2008-02-29,57.081275939941406,58.691394874856286,56.146371807263115,57.54873152863808,16477462
2008-03-03,54.69207000732422,56.509948226502665,54.06879938717148,54.58819215769171,10049153
2008-03-04,53.289710998535156,55.26340425939629,51.939291889156905,55.055648557140465,11485198
2008-03-05,54.27655792236328,54.53625430433904,51.99122764756207,53.5494059394166,8581053
2008-03-07,51.497802734375,53.49746618777051,49.342320754862335,53.49746618777051,14251925
2008-03-10,51.05631637573242,51.41989058044643,48.12174887482118,51.31601273943633,11713659
2008-03-11,55.26340103149414,55.782793779153984,49.44620296217541,50.64080346390705,19665129
2008-03-12,53.86104202270508,57.133217080289434,53.341649268242726,56.7696428566373,12262350
2008-03-13,46.45969009399414,52.97807315708897,45.187178595369886,52.458680421131525,47000084
2008-03-14,49.65395736694336,49.86171305168629,46.79729732876235,47.75817177364515,35798540
2008-03-17,47.706233978271484,48.719049092029735,46.693418864513234,48.719049092029735,19211273
2008-03-18,48.12174987792969,49.0566575112236,46.84923485136878,47.62832395872079,12632937
2008-03-19,48.40742111206055,53.91298253842347,48.095784031054556,50.38111088390592,16449023
2008-03-24,48.874874114990234,50.22529679451075,47.81011817794804,50.22529679451075,11636914
2008-03-25,50.71871566772461,51.030349210145616,49.238444893562665,50.14738222308305,13232423
2008-03-26,50.407073974609375,51.62764825683621,49.86171092250042,50.38110363453614,11448313
2008-03-27,51.316017150878906,51.80944310222018,49.65396098476471,49.65396098476471,17425122
2008-03-28,51.41988754272461,51.80943558762459,50.06946864465711,51.54973571690555,11599511
2008-03-31,51.05631637573242,51.65362012566584,50.38110512563078,51.41989058044643,9914705
2008-04-01,51.160194396972656,51.88734633131968,50.510953485425695,51.41989076159144,6034588
2008-04-02,51.99122619628906,53.49746728311809,51.41989276294745,51.41989276294745,6087024
2008-04-03,51.575714111328125,52.35480327809223,51.160199184582396,52.12107723253454,3883474
2008-04-04,51.316017150878906,51.913320952160255,50.32917229291169,51.913320952160255,5906537
2008-04-07,51.10826110839844,51.62765387697477,50.510957311121075,51.39392783558695,4088729
2008-04-08,49.80978012084961,51.13423241002316,49.44620588050099,51.03035103647409,5753811
2008-04-09,49.93962860107422,50.381110351752135,49.36829513271724,49.965598944610036,3776374
2008-04-10,50.926475524902344,51.290049781953975,49.67993420862308,49.861719575969964,7075297
2008-04-11,51.160194396972656,51.67958712621022,50.64080166773508,51.41989076159144,4012660
2008-04-15,51.93928909301758,52.19898546803552,49.96559593840975,50.848562908999234,6362785
2008-04-16,51.23810958862305,52.82225824615908,51.03035036660983,52.45868401058303,4725794
2008-04-17,53.21179962158203,54.432370447709445,51.44586219138356,52.01719561458019,14831167
2008-04-21,54.06879425048828,55.00370185307744,53.497464370608526,54.01685709178502,7639361
2008-04-22,54.95176696777344,55.575041116807746,53.49747001298057,54.01686278893737,8814769
2008-04-23,55.00370788574219,55.65294885841988,54.27655940528625,55.055648572499486,5265604
2008-04-24,53.05598068237305,55.678914704607884,52.588528628744335,55.57503686184121,8801780
2008-04-25,53.49747085571289,54.2505896882424,52.77031884450412,54.01686363985155,4095990
2008-04-28,53.70521926879883,54.74400469603892,53.49746359229372,53.54940075024136,4708244
2008-04-29,54.458343505859375,54.977736271999994,53.75716538498412,54.01686176805443,6497143
2008-04-30,54.82191467285156,55.52309627688469,54.5362514853304,55.003703539780865,6331377
2008-05-02,55.315345764160156,56.87352412119478,55.21146438913831,55.65294966590789,5658418
2008-05-05,55.05564498901367,56.35412684985291,54.692067250092705,56.04248979430851,7642293
2008-05-06,54.58818435668945,55.678910427853225,54.276550852326345,54.61415469597567,5061166
2008-05-07,53.809104919433594,54.89983118533787,52.978078570401664,54.536256937489036,4303106
2008-05-08,53.15986633300781,53.70522949057994,52.848232758936554,53.393592394150744,3642073
2008-05-09,52.848228454589844,54.2246178866067,52.043168956349305,52.458683876959675,8621761
2008-05-12,52.848228454589844,53.23777303222001,51.679591199341694,52.848228454589844,4890395
2008-05-13,53.0040397644043,53.39358431481728,52.56255805401735,53.081950787901334,5056766
2008-05-14,53.08195114135742,53.36761785136726,51.9392878236755,51.9392878236755,2982486
2008-05-15,53.1079216003418,53.70522184066581,51.939287938732484,51.939287938732484,2646760
2008-05-16,53.523433685302734,53.679252213395074,52.87419275354923,53.49746686591858,4422288
2008-05-20,53.4195556640625,53.62731487495116,52.8741925787213,52.97807394534436,3464912
2008-05-21,53.75716781616211,54.536257000607485,52.19898944727136,52.19898944727136,3419088
2008-05-22,53.03001403808594,53.289710424286085,52.458684101860214,52.458684101860214,3558000
2008-05-23,52.14704513549805,53.44552701933796,51.93928944302668,52.718378573330625,4417028
2008-05-26,51.75749969482422,52.06913675061721,49.34232131832224,49.34232131832224,2605807
2008-05-27,50.199317932128906,52.40673694215976,49.9655919178912,51.835403554150055,3316550
2008-05-28,52.04316711425781,52.35480065191694,49.49814051707517,50.38110749064567,4505700
2008-05-29,52.90016174316406,53.497465498524704,51.36795388786049,52.58852821730222,11026212
2008-05-30,51.212135314941406,53.237769081721076,51.004379631231515,53.030009875653796,4023430
2008-06-02,49.03068923950195,51.93929010533569,48.303537261864726,50.90050106265999,4431595
2008-06-03,47.21281433105469,48.8229297656793,46.77132907829447,48.30353700824732,6240766
2008-06-04,45.758514404296875,47.49847804723579,45.47284768012553,47.00505562677125,5762089
2008-06-05,45.680599212646484,46.01820659129712,44.14839140566102,45.70656955290534,9721099
2008-06-06,45.18717956542969,47.082965205786756,44.537938631545245,45.44687593898347,6317089
2008-06-09,44.56391143798828,45.65463767617998,42.59021818535257,44.667789288683274,6500809
2008-06-10,44.25227737426758,44.61585515997277,43.239462096958086,44.14839951650521,6717902
2008-06-11,44.46003341674805,45.18718189118143,44.14839634350078,44.66778911734111,2586175
2008-06-12,44.77166748046875,45.03136387036357,42.5902185098238,43.8887004592979,3244212
2008-06-13,44.48600387573242,45.135244844723154,44.01854826464449,44.693759576866384,4248430
2008-06-16,46.044185638427734,46.74536382386483,44.71973325834707,44.87555180700796,4354615
2008-06-17,47.420570373535156,47.784144601937605,45.23912148076285,46.69342191673025,4736084
2008-06-18,47.36862564086914,48.40741459696039,47.264747801967204,47.264747801967204,5055019
2008-06-19,46.35580825805664,47.2647454676838,45.60268956026556,46.43371927515324,4221271
2008-06-20,45.29106140136719,46.92715081234048,44.693761098503195,46.74536192589085,3837789
2008-06-23,43.706912994384766,45.08330601886392,43.265431230665584,44.92748747540393,4516050
2008-06-24,42.35648727416992,44.35615064031838,41.915002056493314,43.70690622276449,5238203
2008-06-25,41.18785858154297,42.04485525660363,40.252950876340066,41.55143282180029,3933879
2008-06-26,43.52511978149414,45.39493492117478,41.42157862994273,41.42157862994273,18253250
2008-06-27,41.60336685180664,43.00573006513581,41.36964082370426,42.07082243036884,6821283
2008-06-30,40.7723388671875,41.966942821216485,39.60370525348991,41.577398283317294,4596315
2008-07-01,37.88970947265625,40.7723398253225,36.435409125852274,40.7723398253225,6202295
2008-07-02,39.55176544189453,39.9672803292552,36.69510543453131,37.915679755711274,5245963
2008-07-03,38.51298141479492,39.551766910591695,37.39628841575639,39.214163033400744,4726793
2008-07-04,39.03237533569336,39.78549413830723,37.65598592134241,37.91568230309599,4862814
2008-07-07,39.88936996459961,41.49948885880015,39.55176609437567,39.55176609437567,5528014
2008-07-08,41.05801010131836,42.0708253072587,36.87689403919909,36.87689403919909,8354280
2008-07-09,43.914669036865234,44.096454389067034,41.603368441857015,41.603368441857015,6860769
2008-07-10,45.83642578125,46.38178893302906,42.69409859467341,43.91467309997141,7216175
2008-07-11,43.654972076416016,46.84923609221973,43.31736467420713,46.27790617844378,6040791
2008-07-14,43.68094253540039,45.23912444355161,42.5902197787597,42.5902197787597,5942149
2008-07-15,41.86306381225586,43.05766783341191,41.5514302778396,42.59021577060878,3693378
2008-07-16,40.720401763916016,42.59021711904312,40.01922012515395,41.86306513766809,6973872
2008-07-17,42.797969818115234,43.10960686293186,41.55142868356344,41.55142868356344,5038238
2008-07-18,45.18717956542969,45.55075378393347,42.30454911451126,43.57706064045327,5983177
2008-07-21,47.732208251953125,48.01787497997532,45.213151908063296,45.96627072022533,8754188
2008-07-22,49.679927825927734,50.121409537642656,47.31669017517547,47.73220506800401,12631056
2008-07-23,53.18583297729492,54.22461852996694,50.95244333457855,51.8873510364549,12798869
2008-07-24,51.316017150878906,54.17267739719813,48.12175301166503,48.12175301166503,10764301
2008-07-25,51.41988754272461,53.0819469901264,49.47216493001048,50.7706466718199,10710381
2008-07-28,51.00438690185547,52.43271711745081,50.433053406674176,51.41989832850598,5533881
2008-07-29,48.95277786254883,50.640804321013526,48.56323329521082,49.86171518633751,5145929
2008-07-30,51.00438690185547,51.41989832850598,49.394267795332105,49.394267795332105,7354746
2008-07-31,49.21247863769531,51.88735368581929,48.56323763412511,51.88735368581929,6006517
2008-08-01,50.640804290771484,50.84856350664222,46.74535861971773,48.43338507717436,4699412
2008-08-04,50.95244216918945,51.887349849682515,49.62798991535409,49.62798991535409,4301346
2008-08-05,53.23777389526367,53.62731847920879,50.640806479938504,51.160199258531996,9161115
2008-08-06,51.88734817504883,55.13355284813203,51.52377395613501,55.13355284813203,8616591
2008-08-07,51.75749969482422,52.926133370511714,50.147380777156236,50.147380777156236,4809365
2008-08-08,50.87453079223633,52.14704226385299,50.692741929566516,51.16019397306411,4883824
2008-08-11,51.34198760986328,52.09510642657615,50.95244302994031,51.52377648943707,2714705
2008-08-12,50.459022521972656,51.93929339101079,50.069477927210805,51.67959347214509,5801276
2008-08-13,50.66677474975586,51.16019716475437,49.472170703409546,49.861715271412194,2754609
2008-08-14,49.446205139160156,50.900502078750534,49.342323767168565,50.38110930822321,2566362
2008-08-18,48.874874114990234,50.38111181553725,48.407422007195045,49.342326222785424,2963058
2008-08-19,47.9659309387207,49.082623907361025,46.97908263116288,48.796960721679135,2941144
2008-08-20,48.511295318603516,48.9008398794021,48.17368791916358,48.30353610609644,3319410
2008-08-21,47.991905212402344,48.79696472016899,47.4205717495079,48.30353876477938,4138486
2008-08-22,47.49847412109375,49.65395602316585,46.2779033421357,49.65395602316585,4139879
2008-08-25,48.01787567138672,48.66711664335031,47.68026825255102,48.66711664335031,2034227
2008-08-26,48.09578323364258,48.25160177156215,47.21281621524193,47.52444976872337,1489491
2008-08-27,47.13490676879883,48.69308515563272,46.87521037099318,48.35548124742851,4297168
2008-08-28,46.43372344970703,47.7841424548605,45.83641968769522,47.26474971694976,7382078
2008-08-29,48.35547637939453,48.5372652485006,47.05699452108682,47.26475020947307,2219080
2008-09-01,47.9659309387207,48.173686623281604,47.005052972322346,47.8880199152423,3417069
2008-09-02,50.484989166259766,50.69274485929741,47.888021869143934,48.30353677757677,5030404
2008-09-04,49.42024230957031,50.32917979617979,49.00472732550577,49.91366481211524,2813325
2008-09-05,48.329505920410156,48.874869004046715,47.7841428367736,48.82292832089754,3330688
2008-09-08,50.87453079223633,52.92613135125388,50.38110488566322,50.90049761059715,8377948
2008-09-09,51.05631637573242,51.47183126213015,49.88768273906482,50.8745310345541,3737279
2008-09-10,50.61483383178711,51.47183040886028,50.121407931043514,50.796619169951896,3847698
2008-09-11,49.26441192626953,50.381104875714016,48.87486738264601,50.381104875714016,2567354
2008-09-12,49.757835388183594,51.10825791093934,48.952775942785266,49.60201686288756,6093354
2008-09-15,46.61551284790039,48.69308398019352,45.213153038074076,47.93996514920881,6770268
2008-09-16,47.52444839477539,47.93996330976234,44.1483954343375,44.79763638826787,4654621
2008-09-17,46.30387496948242,48.199657041805125,45.70657121128564,48.199657041805125,4674190
2008-09-18,46.19999313354492,47.10893040981421,42.87588107498879,45.70657074518451,6603710
2008-09-19,49.00471496582031,49.26441132506677,46.74535523143326,47.29071829032227,9821730
2008-09-22,47.93996047973633,52.458680070225455,47.55041593037399,50.381105617935546,4162514
2008-09-23,47.36862564086914,48.43338141491791,46.48565872666673,47.36862564086914,6569683
2008-09-24,48.4593505859375,48.978743290271844,46.90117247293446,47.52444301366423,5730103
2008-09-25,46.9531135559082,48.79695837661581,45.836417118576186,48.5891991796819,10926783
2008-09-26,46.19999313354492,47.21281177355945,45.39493722102089,47.21281177355945,4967945
2008-09-29,44.48600387573242,47.524449497194425,43.62900368325005,47.524449497194425,7859964
2008-09-30,44.56391143798828,46.22596761618131,42.07082540951989,42.07082540951989,6616439
2008-10-01,46.044185638427734,46.485667416882656,44.22630726719458,45.13524821399013,3743739
2008-10-03,46.69342041015625,47.264750315680985,45.446875709965276,46.277905510092594,4681406
2008-10-06,45.7325439453125,46.7453591262907,44.79763626965662,46.17402920175926,5560277
2008-10-07,47.23877716064453,48.25159576996725,45.706569360121705,45.706569360121705,9928258
2008-10-08,46.875205993652344,47.26475055398403,43.680938485518,45.654635151360885,9985473
2008-10-10,46.58953857421875,47.65429439417314,43.13557826708303,46.69341993995669,9025179
2008-10-13,47.52444839477539,47.88802262450487,46.511633211115544,46.82327027794516,6805621
2008-10-14,46.38178634643555,49.290387312146706,46.018212106311076,47.784146142548614,5099383
2008-10-15,45.99224090576172,46.97908575661553,45.49881848033481,46.12208909784025,5495022
2008-10-16,44.2263069152832,45.34300356983569,43.36931018800439,45.34300356983569,6651066
2008-10-17,40.902191162109375,45.4468778948912,40.30488736381489,45.13524434662932,5586092
2008-10-20,41.36964416503906,43.00573353861394,40.07116221253093,41.05801060985175,7922965
2008-10-21,41.70724868774414,43.88869751189084,40.51264466998173,41.78515619053751,8047276
2008-10-22,39.42191696166992,41.603365700872644,39.03237241815667,41.291732179476455,5408099
2008-10-23,37.50016784667969,38.79864977133614,36.92883439088779,38.43507553690386,6641370
2008-10-24,32.64384078979492,36.87689003382766,32.20235557041896,36.35749731567113,9905588
2008-10-27,30.124784469604492,32.20235532649345,27.00842818427105,32.04653680775533,12878172
2008-10-29,34.09814453125,36.25362311923684,31.163573265388663,34.279929887456,13094201
2008-10-31,36.27959442138672,37.396291020565364,34.4876900207951,35.890049833329506,8097887
2008-11-03,37.39628601074219,38.38313075934058,36.09780070214636,38.331190078948126,4951148
2008-11-04,39.03237533569336,39.3440124027407,36.69510789991111,36.876893253724056,4515828
2008-11-05,37.604042053222656,40.92815757172819,36.87689013244458,40.92815757172819,6145587
2008-11-06,36.357505798339844,38.824625307550996,35.60438688577212,36.87689863767732,4896229
2008-11-07,39.188194274902344,40.35682800489144,35.83810809771416,36.09780448215618,8250147
2008-11-10,40.07115936279297,40.980096664907826,39.18819240235289,40.408763237492636,3775177
2008-11-11,39.60370635986328,41.265762396859756,38.69476907937299,40.2529472744992,8900004
2008-11-12,37.941646575927734,40.460702718747434,37.47419452909974,40.460702718747434,5705390
2008-11-14,37.811798095703125,39.473857632117216,37.34434605256,37.60404241483003,4038880
2008-11-17,39.36997985839844,40.66846531047944,35.83810830507943,40.66846531047944,5361538
2008-11-18,37.240474700927734,39.26610527063824,36.513322646457794,39.26610527063824,6392448
2008-11-19,36.3315315246582,38.5649209803355,35.86407595168905,37.39628733144874,5606729
2008-11-20,35.941986083984375,36.61719380204938,34.40977474221005,36.35749744206828,5080395
2008-11-21,38.22731399536133,39.42191799801105,34.79932051338516,35.708257805477295,8350092
2008-11-24,39.188194274902344,39.81146489309167,37.240471391587185,39.36997963059717,5420119
2008-11-25,38.22731399536133,40.071158920934,37.91568046577277,39.60370686537245,5453771
2008-11-26,39.08431625366211,39.681616526308126,37.52613795386453,38.64283099310974,5246053
2008-11-27,39.08431625366211,39.08431625366211,39.08431625366211,39.08431625366211,0
2008-11-28,38.46104049682617,39.21416279457816,36.9288326043289,37.91568093274022,8464961
2008-12-01,38.149410247802734,40.720403851115314,37.99359170649578,39.21416617064954,5733003
2008-12-02,37.811798095703125,38.22731297980665,36.6171941247895,37.86373877710007,5879324
2008-12-03,38.9544677734375,39.44789019357993,37.00674491311926,38.17537862931021,6430656
2008-12-04,40.82427978515625,41.03203900458353,34.53962591932866,34.53962591932866,4648185
2008-12-05,40.33085632324219,42.27857914190506,38.980433760026244,38.980433760026244,5338962
2008-12-08,40.43473815917969,41.75919051103826,38.694774382889925,41.42158659809845,11709287
2008-12-10,39.78549575805664,42.3305225162696,39.21416580835331,42.3305225162696,11172070
2008-12-11,39.34400939941406,40.48667268743306,38.72073531289703,40.48667268743306,9867592
2008-12-12,38.123443603515625,38.564928926335945,37.29241365080378,38.38314002344332,9847702
2008-12-15,38.746707916259766,39.6037080740884,38.43507437716007,39.42191920117876,5741641
2008-12-16,40.22698211669922,40.72040457092864,36.876895747632474,38.95447046452084,9183505
2008-12-17,40.1750373840332,41.29173390210583,39.11028154953883,41.29173390210583,8720755
2008-12-18,41.36964416503906,41.811129437834914,39.266102697504344,39.266102697504344,12640018
2008-12-19,43.36930465698242,43.88869740057416,41.317704024266554,42.590215541594816,10050607
2008-12-22,43.39527893066406,43.75885317965012,41.88903772435357,41.88903772435357,6524631
2008-12-23,42.512306213378906,43.810788124182835,42.20067266820053,43.10961000576328,5151765
2008-12-24,41.78515625,43.08363811412054,35.0590173759696,35.0590173759696,13318746
2008-12-26,41.86306381225586,44.07048298439036,40.77234115826272,44.07048298439036,5480531
2008-12-29,42.746036529541016,43.08364042336463,41.03203967256172,42.330521606279724,3418418
2008-12-30,42.66812515258789,43.36930680002783,41.08397650188268,42.64215480965352,4868199
2008-12-31,43.1875114440918,43.83675230828246,42.22663707850388,43.83675230828246,4396180
2009-01-02,43.810791015625,44.53794304708064,42.97976465127864,44.53794304708064,3976548
2009-01-05,42.823944091796875,44.53794095098454,42.27858097446112,44.53794095098454,4505326
2009-01-06,42.512306213378906,44.460032601942416,41.81112809495935,44.460032601942416,3969700
2009-01-07,40.2789192199707,43.992579837783886,37.73389591960579,43.992579837783886,12109220
2009-01-09,40.07115936279297,43.62900106858554,38.071495889197294,43.62900106858554,5272587
2009-01-12,39.00640106201172,41.032034748962445,37.4482229285222,41.032034748962445,6595708
2009-01-13,38.43507385253906,39.447889004914316,37.863740421785074,38.954466599639964,4104761
2009-01-14,38.51298141479492,39.16222234966791,37.44822557713173,39.16222234966791,2777281
2009-01-15,37.941646575927734,38.51297998636851,37.136590664430344,38.1753761216991,3693599
2009-01-16,39.136253356933594,39.707586808260224,37.65598608780889,39.266101548384405,2131503
2009-01-19,40.64249038696289,40.98009424169959,38.9804308863467,40.20100517166973,2587926
2009-01-20,45.18717956542969,46.22596505964479,38.95446660013904,40.69443018953485,19101726
2009-01-21,42.17470169067383,46.17402873363573,41.60336824957711,46.17402873363573,11311625
2009-01-22,44.17436599731445,44.77166626896676,41.65530967455618,43.52512504014558,10535551
2009-01-23,44.797637939453125,45.34300106411016,42.79797432316322,44.90151579120739,7005930
2009-01-27,46.25193405151367,46.8752046253798,43.10960731875675,44.66778551460077,8487928
2009-01-28,47.29072189331055,47.52444792996803,45.706573276742525,47.21281438854391,6636133
2009-01-29,46.979087829589844,48.25160298599593,45.213153748342144,48.25160298599593,13844487
2009-01-30,45.83642578125,46.20000004165007,44.667791965591114,46.174033219188416,4578388
2009-02-02,43.42123794555664,46.22596062423717,42.79796741330224,45.70656792696564,6678800
2009-02-03,44.1224250793457,45.18718094796468,39.78549409936304,39.78549409936304,6591337
2009-02-04,44.53793716430664,46.53760058373767,42.642151586403514,45.44687444180122,7225484
2009-02-05,44.27824401855469,45.44687774601315,43.83675875701621,44.14839582661486,3622655
2009-02-06,44.875545501708984,45.420905061858704,44.408089921406784,44.641815950379154,2228530
2009-02-09,44.901519775390625,46.641487155506084,43.73288591415554,46.641487155506084,3190528
2009-02-10,44.8236083984375,45.78448645494434,43.99257853754738,45.55075688494805,3258153
2009-02-11,44.92748260498047,45.187178975141784,43.36930438401256,44.66778623481915,1899711
2009-02-12,47.10892868041992,47.62832139064947,44.40808729169775,44.90150966194436,8517373
2009-02-13,48.719051361083984,49.212473770525726,47.78414370393474,48.04384007967855,9331167
2009-02-16,46.45969009399414,49.55007969082687,45.7844823551354,49.55007969082687,3238379
2009-02-17,44.4080924987793,46.40775607657697,44.17436645624185,46.40775607657697,2684742
2009-02-18,45.62866973876953,46.17403288662062,43.135583578848745,44.4080952422627,4576718
2009-02-19,45.784481048583984,46.745355469270336,45.10926980663633,45.706570026999266,5072418
2009-02-20,44.8236083984375,45.55075688494805,44.27824527237571,45.18718264169278,3336292
2009-02-24,47.680267333984375,48.147722938207195,42.59021750737874,44.979425647119434,9913081
2009-02-25,47.55042266845703,49.8357531286376,47.05700020714963,48.19966367606096,7821109
2009-02-26,48.25159454345703,48.51129089363449,46.51162758832521,47.75816866023412,9451371
2009-02-27,50.32917022705078,52.1989855386525,47.316691568295795,47.5244472596482,35406885
2009-03-02,47.991905212402344,49.108598272546025,47.316693898715556,47.78414598845996,9682882
2009-03-03,46.27790832519531,48.56323513102651,45.966271250601196,48.25160157879009,6218930
2009-03-04,47.55042266845703,48.0178783073466,46.48566671151501,47.16087806389467,6597422
2009-03-05,47.628326416015625,48.22563020921674,46.90117795391418,48.22563020921674,6109769
2009-03-06,48.0698127746582,48.25160165552013,46.7453604890636,46.90117902660844,3962742
2009-03-09,47.23877716064453,48.30353292790863,46.79729546753512,48.30353292790863,2964226
2009-03-12,48.615169525146484,49.05665473661889,47.31668775300087,48.79695838218977,6091612
2009-03-13,49.29039001464844,49.60202358511669,48.09578585529205,49.34232718188086,6329765
2009-03-16,49.80978012084961,50.17335436119823,48.17369075574427,49.602020896109174,8232474
2009-03-17,50.01753234863281,50.79662146198311,49.394261762424065,50.14738053419119,4981205
2009-03-18,49.65395736694336,51.08228738603387,44.66778570953899,44.66778570953899,4007849
2009-03-19,49.96559524536133,50.25125843603275,47.7841429075825,47.7841429075825,3286397
2009-03-20,50.17335510253906,50.5628996920307,49.3682955797848,49.83575120058942,3154546
2009-03-23,51.00438690185547,51.41989832850598,49.75784205483025,49.83575308909564,7034396
2009-03-24,51.10826110839844,52.01719845340702,50.381109118976994,51.67959104041782,7551877
2009-03-25,50.407073974609375,51.419889058607566,49.679925586702275,50.66677033062723,5666796
2009-03-26,49.9915657043457,51.91332181062574,48.978750486555626,51.91332181062574,9588411
2009-03-27,49.10859298706055,50.64080080782203,48.66711128811968,50.64080080782203,6291705
2009-03-30,49.10859298706055,50.22528944937353,45.44687360364254,50.22528944937353,4842258
2009-03-31,49.65395736694336,50.796620677744286,46.77132698758013,50.796620677744286,7683950
2009-04-01,47.75817108154297,51.88734607659679,47.52444505900493,51.88734607659679,7321541
2009-04-02,48.615169525146484,49.34231790860514,48.1217471562026,48.770988042275405,9185217
2009-04-06,48.0438346862793,49.52410527078693,47.70623084465475,48.822923726050234,6958026
2009-04-08,50.588871002197266,51.26408234135283,46.48566580108748,47.52445139290902,16888845
2009-04-09,49.835750579833984,52.40674413398286,49.47217281628432,51.67959212924125,7959989
2009-04-13,49.16053771972656,50.64080498150304,48.4333857377971,50.12141221827811,6786405
2009-04-15,50.43305587768555,50.77065980896976,48.822936692273004,48.822936692273004,9517190
2009-04-16,49.13456344604492,51.31601217258959,48.69307822368206,51.108256492864314,16019178
2009-04-17,50.640804290771484,52.77031599989056,48.874870328836806,50.27723006594465,24728264
2009-04-20,52.92613220214844,53.96491766871687,49.62798693685069,52.40673946886422,20235831
2009-04-21,51.93928909301758,53.1079227805983,51.47183350457078,52.666437534124796,8757532
2009-04-22,50.199317932128906,53.18582600452359,49.472166027174985,53.18582600452359,10270548
2009-04-23,51.96525573730469,52.38077064040296,49.36829199588736,50.61483670518218,7645123
2009-04-24,51.96525573730469,52.77031520161556,50.95244058262343,52.666437356430365,4953362
2009-04-27,50.251258850097656,51.93928880056711,49.8876846315912,51.93928880056711,6298942
2009-04-28,47.78414535522461,51.36795757775057,47.52444897050639,50.82259446537079,8020828
2009-04-29,48.09578323364258,49.08262810320371,47.36863123080379,48.77099454972227,10317407
2009-04-30,48.09578323364258,48.09578323364258,48.09578323364258,48.09578323364258,0
2009-05-04,48.848899841308594,49.80977784625442,48.58920346401054,49.26441474945699,6346688
2009-05-05,49.835750579833984,50.38111018044305,48.56323545212558,49.3423246214045,10754066
2009-05-06,50.04350280761719,51.212136480384224,49.472169380876984,50.35513986263139,8162872
2009-05-07,50.43305587768555,50.84857084705247,49.602025938951705,50.38111518563041,6552316
2009-05-08,50.56290054321289,52.45868635740074,49.653963152431245,50.38111165611343,16052278
2009-05-11,50.56290054321289,51.913323218460185,50.22529663557998,50.4330523445298,8177989
2009-05-12,52.56255340576172,52.796279410868976,49.93961962712959,51.05631249728488,9045014
2009-05-13,51.52377700805664,53.21180353804723,51.03035105063476,52.978077492212385,8210662
2009-05-14,51.6016845703125,52.718381158591114,50.2512619359525,51.88735130323762,7465672
2009-05-15,52.432708740234375,52.92613112231578,51.57570863438603,51.679586474452016,5990389
2009-05-18,60.79492950439453,62.32714085527408,56.14636885993741,59.21078451698184,170650
2009-05-19,61.31432342529297,64.35277232343063,55.5750365413667,59.21078567373641,19037417
2009-05-20,61.70386505126953,67.52106620529113,58.171997450787146,63.88531724520625,10704619
2009-05-21,61.00269317626953,64.40471274715884,60.53523408249806,62.27520114066193,11495294
2009-05-22,61.65193557739258,63.78144723525987,60.509268723498444,61.75580989929163,8524108
2009-05-25,60.561214447021484,62.327148513424866,59.83406595435133,62.301181691967756,5914983
2009-05-26,55.96458435058594,61.10657129974442,54.744009947548086,61.02866379417077,11328948
2009-05-27,56.977394104003906,59.21078347841063,55.96457901629542,57.13321262265689,9833643
2009-05-28,58.172000885009766,59.15884568063466,55.65294469072248,58.172000885009766,18047010
2009-05-29,59.704219818115234,60.24957944526013,58.457674973200604,59.21079383567688,12795881
2009-06-01,62.37908172607422,62.742652406484304,59.36659969640885,61.23641491400896,13519274
2009-06-02,61.83372116088867,64.24890320141066,60.35345738729826,62.84653989044405,10664555
2009-06-03,65.23574829101562,65.70320038138287,61.28836177678531,62.84654010781974,19445390
2009-06-04,65.18380737304688,65.91095584933936,63.21011764529366,65.70320014821513,11373782
2009-06-05,64.95008850097656,66.74198944917524,63.807421513507094,65.91095955326251,13240784
2009-06-08,62.8205680847168,66.09273949103614,61.62596056968598,64.92410583953426,8283946
2009-06-09,62.87250900268555,63.59965742406887,60.43136032584705,62.690720136161005,6301719
2009-06-10,63.52174758911133,65.28768141751675,62.63877715255133,65.28768141751675,5514227
2009-06-11,63.67757034301758,65.18380799646818,62.95042185977061,64.8981447852797,8425194
2009-06-12,62.976383209228516,64.50859459538997,61.34029750289423,63.88532049549365,8819990
2009-06-15,63.3399658203125,64.24890317658755,61.54805792862697,64.24890317658755,6088490
2009-06-16,63.80740737915039,64.27485939057955,61.418199599417285,63.781440562570964,5235173
2009-06-17,61.83372116088867,65.33962943830521,60.820909476048676,65.33962943830521,8548532
2009-06-18,56.8475456237793,62.06744307562543,55.938608379211566,61.80774672003464,15756310
2009-06-19,56.12040328979492,58.66542644012882,54.12073972713426,58.66542644012882,11260656
2009-06-22,55.237430572509766,56.82157915398463,54.53625247807032,56.09443071774575,11032509
2009-06-23,55.756832122802734,56.56188813833858,53.62732025125917,54.016864848076324,9061729
2009-06-24,55.8607063293457,57.548732805312156,55.1854950344876,57.548732805312156,12156270
2009-06-25,55.601009368896484,57.36694333178888,54.821916711905644,56.613824539448224,22858397
2009-06-26,57.574703216552734,57.91230710320569,55.08161372993777,57.081277274334035,16833106
2009-06-29,57.88633728027344,59.23675636136597,57.39291485598275,59.23675636136597,16727201
2009-06-30,56.82158279418945,58.925124256983594,55.990556459871705,58.17200543069766,10678356
2009-07-01,55.57503890991211,57.28903570697793,54.5362533992489,56.89949114047922,9694486
2009-07-02,57.185157775878906,57.57470234180197,55.445190639146205,57.57470234180197,11593296
2009-07-03,58.66542053222656,59.08093540861316,55.704882761802644,56.847546030097824,14320723
2009-07-06,53.8350715637207,61.02866260636159,53.237771306327794,59.62629935446948,16536927
2009-07-07,54.30252456665039,56.56188449145868,53.49746860302127,56.56188449145868,6256398
2009-07-08,52.92613220214844,53.96491766871687,51.26407616011042,53.96491766871687,9995092
2009-07-09,53.445526123046875,54.12073739579173,52.04316641648911,53.237770434059605,5766023
2009-07-10,53.315677642822266,55.26340042517743,52.51061818831064,53.75716288243242,4813799
2009-07-13,53.54940414428711,54.69206748220356,51.5497406611652,53.7571633563176,6649724
2009-07-14,56.09442901611328,56.561881064892695,53.8350692281789,54.406402641004746,6681312
2009-07-15,57.678585052490234,58.016188962485245,56.19831416820289,56.87352551055076,5318107
2009-07-16,57.574703216552734,59.41854470538326,56.094432434611846,59.41854470538326,6733724
2009-07-17,58.01618576049805,58.587519216111595,57.185159442391935,58.587519216111595,4714999
2009-07-20,58.14603042602539,59.210786243799134,57.548730186042704,58.19797110878798,3204852
2009-07-21,57.23709487915039,58.535576764227336,56.35412790176958,58.535576764227336,3387311
2009-07-22,56.53592300415039,58.535583214091034,55.88668199007396,57.392919733788105,4155805
2009-07-23,59.003028869628906,59.57436227424422,56.665761614605536,58.37975478373681,7225701
2009-07-24,58.71736526489258,60.483302730818096,58.249909675813385,60.483302730818096,3938895
2009-07-27,59.54838562011719,60.19762649385935,58.43169272622353,60.19762649385935,5271010
2009-07-28,60.4053840637207,60.76896178233331,59.26272431683671,60.61314678562194,5714377
2009-07-29,60.97671890258789,61.288355948100346,58.587514468969374,61.23641526639582,8829709
2009-07-30,61.83372116088867,62.66475101017573,61.13254655012074,61.340302251263665,17110331
2009-07-31,60.97671890258789,62.976382312851875,60.66508185707543,62.27520072162753,5752956
2009-08-03,60.924781799316406,61.93760049554139,60.665085420255146,61.599996611704775,3665243
2009-08-04,60.1976318359375,62.24923599691261,59.98987614684615,62.24923599691261,3621563
2009-08-05,59.65227508544922,60.509271746324835,58.69139705277007,60.509271746324835,4774621
2009-08-06,58.45766830444336,60.1456912050913,58.01618306179125,59.418542770278115,7103528
2009-08-07,58.58751678466797,59.47048375204312,57.730516636814066,58.172001881680394,3574790
2009-08-10,57.4708251953125,59.62630387617074,57.00337309080472,59.15885177166297,2330557
2009-08-11,57.83440017700195,58.483641136573446,56.74367395597879,58.483641136573446,2647345
2009-08-12,57.081275939941406,57.83439824578201,54.536252872348236,54.536252872348236,3169220
2009-08-13,58.04215621948242,58.63945649688888,57.44485594207596,58.63945649688888,3372052
2009-08-14,58.12006378173828,59.210790010275865,57.65261169656941,57.65261169656941,5692114
2009-08-17,55.289371490478516,57.86036489236985,55.003704774188925,57.13321645304862,7525848
2009-08-18,56.48397445678711,56.613822641539656,54.536251685498925,55.41921863734475,3831268
2009-08-19,55.10758590698242,57.107249517944545,54.92580054748623,57.00337166646705,2016070
2009-08-20,55.652950286865234,56.068465224515535,55.31534638135063,55.78279848473359,1291386
2009-08-21,55.9386100769043,56.1463692810966,54.56221723708637,55.57503587251446,2476248
2009-08-24,56.43203353881836,56.795611272496586,55.938611143286025,56.56188172302989,3720905
2009-08-25,57.10725021362305,57.6006726559203,56.483979574807684,57.081279869847876,5644025
2009-08-26,56.8475456237793,57.86036070611189,56.35412325262826,57.133212319400606,4450635
2009-08-27,56.12040328979492,57.366944522130375,55.78279587770074,56.847551754931,7528977
2009-08-28,55.88667678833008,56.79561412343625,55.263402654942624,56.50994739935993,4498782
2009-08-31,55.88667678833008,56.1983103326662,55.15952480683058,55.523099036401526,5347897
2009-09-01,55.341304779052734,56.35412338614214,54.899823086916804,56.042486349751975,4467549
2009-09-02,56.04249572753906,56.1983142718078,54.7959544181048,55.055650817766754,3513954
2009-09-03,55.237430572509766,56.61382346430423,54.79594885134956,56.61382346430423,5440841
2009-09-04,55.652950286865234,55.78279848473359,54.40640899627214,55.3672835470833,3523284
2009-09-07,55.57503890991211,56.69173192493204,55.36727969436494,56.56188373609914,4931172
2009-09-08,56.12040328979492,56.769644248794144,55.86070690619523,55.91264406950059,4162308
2009-09-09,54.769981384277344,56.09443366198986,54.536255340529884,56.09443366198986,8053306
2009-09-10,55.78279495239258,56.43203590062239,55.13355400416277,55.47116141065682,7355612
2009-09-11,56.19831466674805,56.509951757475605,55.393255117666754,56.19831466674805,4466196
2009-09-14,56.09442901611328,56.30218469949138,55.57503628531066,55.83473265071197,2292939
2009-09-15,55.73085403442383,56.483972779148615,55.47115767263201,56.40606527955401,6351632
2009-09-16,55.99055480957031,56.53591791679185,55.41922135965106,56.146373343398984,7262510
2009-09-17,56.12040328979492,56.432036836699965,55.601010522595544,56.32815898773162,4533815
2009-09-18,56.01652526855469,56.22428096585246,55.62698069435315,55.62698069435315,3807983
2009-09-22,56.09442901611328,56.50994390522686,55.93861049240102,56.09442901611328,3732519
2009-09-23,57.185157775878906,58.06812475416634,56.250250113192045,56.40606864403278,10885467
2009-09-24,57.8603630065918,58.87318165155047,57.08127390884352,57.652607322801884,10152395
2009-09-25,57.808433532714844,58.535582045014614,57.39291858753303,57.65261498797693,5754133
2009-09-29,57.62663650512695,58.84721082378055,57.39291048220702,58.69139230104815,3351144
2009-09-30,57.10725021362305,58.379761835028944,56.92546485191235,57.75649119621358,5591598
2009-10-01,56.977394104003906,57.65260533659533,56.79560876753982,57.18515330299365,4613924
2009-10-05,56.561885833740234,56.89949325064074,56.172341252794965,56.561885833740234,3847231
2009-10-06,56.87351989746094,57.08127558736006,55.704886216474,56.95142740058373,2883224
2009-10-07,56.50994110107422,57.340967315706564,56.22427440883673,57.13321164263778,3492297
2009-10-08,56.04249572753906,56.821584926524935,55.886680705628166,56.61382921573851,6173266
2009-10-09,56.01652526855469,56.50994769140512,55.60101035160152,56.35412915725297,4193022
2009-10-12,56.25025177001953,56.483977811986165,55.912644356194264,56.09443323458923,1800379
2009-10-13,56.25025177001953,56.25025177001953,56.25025177001953,56.25025177001953,0
2009-10-14,57.73051452636719,58.171999755094205,56.276217702611476,56.76964009083983,6809859
2009-10-15,58.40572738647461,59.21078684330137,57.7305161155116,57.7305161155116,7572106
2009-10-16,58.172000885009766,58.951089993879144,57.93827485682044,58.691393624256015,3312168
2009-10-20,58.094093322753906,59.054967775947446,57.70454876872363,57.91230445526347,3209019
2009-10-21,57.8603630065918,58.53557426244512,57.49678879878075,58.068122212739105,1976113
2009-10-22,56.665767669677734,57.860368243120604,52.45868475214105,57.39291615110885,2682882
2009-10-23,57.28903579711914,57.3929136438774,56.61382450965414,57.133217265802976,1979627
2009-10-26,57.10725021362305,57.65261334347065,56.45800923103251,56.873524164362,1820035
2009-10-27,56.665767669677734,57.26306795639917,56.3801009368449,56.56188629602382,4096925
2009-10-28,55.88667678833008,56.61382524747197,55.15952480683058,56.61382524747197,1873167
2009-10-29,54.95176696777344,56.58785632545196,54.536255564894155,55.10758550503201,4457277
2009-10-30,54.19864273071289,56.042487605564595,53.549401825649426,56.042487605564595,2912146
2009-11-03,53.18583297729492,54.87385950038695,52.82225873833126,53.75716644020761,3200653
2009-11-04,54.250587463378906,54.48431350218445,52.09510538418701,53.83507254863706,2690289
2009-11-05,55.341304779052734,55.57503431752399,53.211796771577475,54.14670435839071,2975233
2009-11-06,55.41922378540039,56.27622399779094,55.159527391771334,56.04249442563857,2665782
2009-11-09,55.756832122802734,55.96458783216208,54.562224465734076,55.91264714364333,1222652
2009-11-10,54.640132904052734,56.0944333675876,54.27655866875843,56.0944333675876,2700520
2009-11-11,56.380096435546875,56.58785212155239,54.53625151340757,54.977733226758644,3211200
2009-11-12,55.237430572509766,57.18515689446156,54.82191567079148,57.18515689446156,7034805
2009-11-13,54.40640640258789,55.70488831936969,54.068798990810045,55.31534374433515,5050823
2009-11-16,54.510284423828125,55.49713279711742,54.068799161783225,55.055647535072524,6037955
2009-11-17,54.484310150146484,54.74400651558814,53.887009918573625,54.74400651558814,4578478
2009-11-18,54.250587463378906,54.95176557979553,54.04282824482918,54.53625418741128,3519599
2009-11-19,54.328495025634766,54.795950626091944,54.068798643944426,54.43237287383938,3934390
2009-11-20,55.471160888671875,55.678916581207396,54.380434696966525,54.588190389502046,4677765
2009-11-23,55.15951919555664,55.67891190563761,54.74400432302041,55.57503406809287,2821321
2009-11-24,53.93894958496094,55.31534249918149,53.78313105398309,55.31534249918149,5439086
2009-11-25,54.380435943603516,54.45834344950093,53.91298034114615,54.016861712152874,1865683
2009-11-26,53.54940414428711,54.38043394769407,53.28970777101712,53.96491904599059,5780245
2009-11-27,53.05598068237305,53.75716228517355,52.147043394039216,53.44552523451612,7226035
2009-11-30,51.83540725708008,53.887011419082974,49.36829171668632,53.49746686007344,34539390
2009-12-01,53.23777389526367,53.70522598705473,51.939291948779946,52.97807750596693,9492411
2009-12-02,53.523433685302734,53.86104108322905,52.87419275354923,53.28970765434297,4964876
2009-12-03,53.54940414428711,53.912978362393595,53.419555957652115,53.601344827884105,3578736
2009-12-04,53.88701629638672,54.22462020247512,53.107927107852426,53.23777530594147,3567645
2009-12-07,53.75716781616211,54.12074206443173,53.70522712825597,53.99089386702417,4545289
2009-12-08,54.380435943603516,54.66610266915675,53.601346795198864,53.91298034114615,4206166
2009-12-09,54.01686477661133,54.744013280764854,53.91298339971126,54.328498340238056,3096689
2009-12-10,54.79594802856445,55.159522241224664,54.0168589204251,54.0168589204251,3347394
2009-12-11,54.61416244506836,55.44519228599743,54.406406746014916,55.05564770850399,2530102
2009-12-14,54.510284423828125,54.925799342983744,54.3025252030715,54.53625476671741,1458861
2009-12-15,54.510284423828125,54.795951150894965,54.120739847561794,54.614162273027624,2359025
2009-12-16,54.30252456665039,54.64013197553907,53.78313180438252,54.27655774642308,3602393
2009-12-17,54.35446548461914,55.003706440234666,54.1986469507999,55.003706440234666,1264927
2009-12-18,54.30252456665039,54.66610231812398,53.80910214696743,54.30252456665039,1671508
2009-12-21,54.30252456665039,54.48431344238719,53.91297999494949,54.042828185516456,1309866
2009-12-22,55.315345764160156,55.78279786232744,54.04283062136234,54.354467701712366,3246132
2009-12-23,56.89949417114258,57.366946266896115,55.47116401790287,55.575041870030574,9531688
2009-12-24,56.50994110107422,57.78245252392425,56.12039657230234,56.873515290123194,3529789
2009-12-29,56.977394104003906,57.83439419541669,56.71769774703469,57.003364444172284,3582130
2009-12-30,56.53592300415039,57.392919733788105,56.38010445630046,56.87352692252696,1887030
2009-12-31,57.21112823486328,58.63945840076916,56.74367613496447,56.97740218491388,8785123
2010-01-04,58.379756927490234,58.76930148429853,57.18515643783076,57.23709359865739,4353415
2010-01-05,58.56155014038086,59.41854681998825,58.30185374991101,58.69139833561578,4374738
2010-01-06,58.97706604003906,59.4185477976875,58.6913993013502,59.00303638398492,5549959
2010-01-07,59.496456146240234,59.86003392189417,58.53558158555467,59.15885223725625,4535147
2010-01-08,59.65227508544922,60.14569398972776,59.23675664295038,59.78212327784599,3809958
2010-01-11,59.6782341003418,60.379415656515356,59.52241910773184,60.24956748110227,3041300
2010-01-12,58.82124710083008,59.98988086926847,58.58752105161395,59.314673065390274,2569224
2010-01-13,59.704219818115234,59.98988304286432,58.068130369606884,58.82124923208316,3322262
2010-01-14,60.95075988769531,61.54806019198371,59.75615223440289,59.98988180964061,6747297
2010-01-15,61.6259651184082,63.080269107784204,60.95075733225475,61.470150104592896,11273753
2010-01-18,61.08060836791992,62.327149670600164,60.820911969665055,61.67790867496299,4085821
2010-01-19,60.37942123413086,61.75581061171222,60.067784175408754,61.02866217117066,4992784
2010-01-20,60.7170295715332,61.2623962255276,60.197636783756934,60.37942566842174,3697700
2010-01-21,59.02899932861328,61.00269602585923,58.717365788804095,60.509270090368965,3555527
2010-01-22,59.366607666015625,59.70421861811714,57.003373269598804,57.13322146818688,4943166
2010-01-25,59.885990142822266,60.768960558983615,58.19796737435851,59.366597437954276,2912852
2010-01-27,58.84721755981445,60.97672587305679,58.27588408518288,59.88599961143571,8252922
2010-01-28,59.15884780883789,61.26239270528787,56.25025047783836,60.197633324700064,11600411
2010-01-29,58.53557205200195,59.05496476422063,57.67857548578405,58.63944988997424,3996285
2010-02-01,58.66542053222656,59.028994728180855,58.171998157548785,58.30184633627227,2078776
2010-02-02,59.05497360229492,59.9898813286768,58.431702958826264,58.89915506083831,3466800
2010-02-03,58.66542053222656,59.34063176606012,58.43169451499575,59.210783587336635,2006355
2010-02-04,58.172000885009766,59.34063454831383,58.016182358764404,58.431697254632894,2254939
2010-02-05,55.78279495239258,57.65261029223746,55.57503925790207,57.444854597746954,4391981
2010-02-08,56.3541259765625,56.58785200342014,55.47115902934619,56.3541259765625,1831316
2010-02-09,56.1463737487793,56.613825831282725,55.860707021757136,56.1463737487793,1113258
2010-02-10,55.73085403442383,56.43203209784732,55.60100585352792,56.35412459825271,1023345
2010-02-11,55.601009368896484,56.22427997213159,55.54906868431124,55.83473540481495,640478
2010-02-15,54.484310150146484,56.35412539026938,54.4323694681152,55.73085481768088,1575236
2010-02-16,55.445194244384766,55.83473883563737,54.43237548924178,54.53625686479536,1192982
2010-02-17,55.62697982788086,55.964583711320465,55.41922061146162,55.83473552194253,989784
2010-02-18,56.172340393066406,56.84755169417549,55.159525202581584,55.7048883120296,1713670
2010-02-19,55.652950286865234,56.172343078338656,55.31534638135063,56.172343078338656,1267093
2010-02-22,55.57503890991211,56.2762205385528,55.44519072107921,55.782794603101735,835164
2010-02-23,55.36727523803711,55.678912275096465,55.081608541125576,55.57503443686244,801182
2010-02-24,55.18549728393555,55.52310118394707,54.873860205188194,55.15952694031365,906081
2010-02-25,55.289371490478516,55.57503820676811,54.588189870709286,55.57503820676811,1650113
2010-02-26,55.8607063293457,56.561884444409515,55.055646844028644,55.575039605864475,1548385
2010-03-02,55.8607063293457,56.873521510454054,55.575039605864475,55.886676671909015,780476
2010-03-03,56.458003997802734,56.613822523652814,55.34130749784167,55.34130749784167,1578097
2010-03-04,56.50994110107422,56.873515290123194,56.25024474855963,56.61381893760861,1157814
2010-03-05,56.22427749633789,56.95142591436649,56.09442931295011,56.61382204650123,766252
2010-03-08,57.1591911315918,57.496795034956705,56.35413160546265,56.61382799954574,1998979
2010-03-09,56.50994110107422,57.340967315706564,56.354122585094025,57.13321164263778,1368556
2010-03-10,56.665767669677734,56.97740122356633,56.17234171189478,56.56188629602382,1572349
2010-03-11,55.471160888671875,57.23709484229645,55.1075831431984,56.613824242332335,4256779
2010-03-12,55.21146011352539,55.782793542470074,54.82191555443333,55.081611927161376,7813231
2010-03-15,54.35446548461914,55.315343507873166,54.12073944506908,55.315343507873166,2420100
2010-03-16,54.510284423828125,54.66610295880619,53.783132434716386,54.04282881889394,1690093
2010-03-17,55.237430572509766,55.4971304681465,54.588189639311665,54.588189639311665,2067076
2010-03-18,55.10758590698242,55.523100835250126,53.0559851314604,54.82191917365101,2257266
2010-03-19,56.19831466674805,56.743677814342334,54.84789197007247,55.0556512046768,3363560
2010-03-22,55.8607063293457,56.66576581466276,55.39325073027889,55.575039605864475,2178427
2010-03-23,56.06846237182617,56.561884794149684,55.47116210096471,55.96458452328822,1381649
2010-03-25,55.289371490478516,56.32815698799885,55.055645458007945,56.32815698799885,3128139
2010-03-26,55.445194244384766,55.83473883563737,54.977738621466976,55.34131286883118,2059990
2010-03-29,55.445194244384766,55.912646344944775,55.10758681855118,55.80876849174897,1977720
2010-03-30,55.41922378540039,55.83473871967844,55.31534593242032,55.44519412923485,1369034
2010-03-31,55.652950286865234,55.88667986091451,54.692072213696285,55.57504277708734,1719363
2010-04-01,55.39324951171875,55.886675442494315,55.31534200810025,55.8347347585103,928358
2010-04-05,55.8607063293457,56.224280558159265,55.44519141540552,56.09443236770031,1444077
2010-04-06,55.678916931152344,56.09443184119247,55.523098399592605,56.09443184119247,2818200
2010-04-07,57.41888427734375,57.652610314324505,55.6269799640145,55.6269799640145,3932498
2010-04-08,57.73051452636719,58.639451802393204,56.17233633889403,58.171999755094205,4525961
2010-04-09,56.9514274597168,57.88633510994857,56.76964211145569,57.75648692303742,2218499
2010-04-12,56.32815933227539,57.39291521601846,56.14637397605826,56.66576674643462,854787
2010-04-13,55.96458435058594,56.71770315310908,55.78279547443728,55.834736159724784,1196945
2010-04-15,55.91264343261719,56.56188438422111,55.730858079582646,56.354128688650896,1834504
2010-04-16,56.04249572753906,56.1983142718078,55.626984305966204,55.73086216135942,3410045
2010-04-19,55.8607063293457,56.04249168257368,55.31534322494656,55.78279530165577,1997149
2010-04-20,56.06846237182617,56.53591797378341,55.34131038734524,55.83473633202637,2663183
2010-04-21,57.1591911315918,57.756491429039805,56.04249452361982,56.094435211379555,4408329
2010-04-22,56.43203353881836,57.99021174935674,55.88667398301587,56.977396616978275,3257926
2010-04-23,56.9514274597168,57.13321633033541,56.302186525161055,56.61382358269081,1225052
2010-04-26,57.34097671508789,57.83440268363418,56.97740246644152,57.13322100796362,1204934
2010-04-27,58.79527282714844,59.54839161199827,57.18515741166906,57.26306491541446,11718037
2010-04-28,59.6782341003418,62.58683463853788,56.146366546991516,58.431693025319014,8993805
2010-04-29,57.366943359375,59.158847665421696,56.92546162961838,59.158847665421696,5294606
2010-04-30,57.1591911315918,57.912309969961214,57.02934293455025,57.912309969961214,1318467
2010-05-03,56.795616149902344,57.107249705357546,56.66576795453991,57.107249705357546,1557313
2010-05-04,55.83473205566406,57.10724352809748,55.65294319287757,56.82157682472899,1045708
2010-05-05,55.70488739013672,55.93861342678705,55.159524289714234,55.57503920062458,1404451
2010-05-06,55.445194244384766,55.83473883563737,54.74401257118697,55.315346047300565,1322298
2010-05-07,55.05564498901367,55.44518954726544,54.56221906400878,54.79594861684583,5243780
2010-05-10,56.1463737487793,56.43203695344381,55.15952537564435,55.21146253905715,1121466
2010-05-11,55.445194244384766,56.56188733036578,55.28937570341217,56.56188733036578,838559
2010-05-12,55.497127532958984,55.91263889034379,55.10757947128543,55.88667207227522,1266616
2010-05-13,56.276222229003906,56.40607042173725,55.315344193834115,55.83473696476748,1612426
2010-05-14,55.18549728393555,56.30219035845772,54.795952696680224,55.70489006694265,1711958
2010-05-17,53.8350715637207,55.00370525872577,53.52343450277633,54.53625318966676,1851642
2010-05-18,54.01686477661133,54.51028722745535,53.5494091476345,54.51028722745535,1361316
2010-05-19,53.34164810180664,54.016859372314194,53.03001104700086,54.016859372314194,2450689
2010-05-20,54.06879425048828,54.32849061107653,52.588527108549656,53.10791982972615,2116627
2010-05-21,53.67925262451172,54.12073787042832,52.12107437636959,52.53658928034566,1432024
2010-05-24,53.367618560791016,54.0428263104259,53.030011163616095,53.809100279986325,3809046
2010-05-25,52.406742095947266,53.10792372997326,51.96525684158163,52.97807554014308,2621138
2010-05-26,53.601348876953125,54.01686381004478,53.18583394386147,53.44553033674904,1674436
2010-05-27,52.64046859741211,54.27655791711575,52.04316832786866,54.27655791711575,4522469
2010-05-28,53.523433685302734,53.96491892783811,52.640466722589466,52.640466722589466,1223573
2010-05-31,53.65327835083008,53.83506720873474,53.05597814175575,53.627311533149914,3962642
2010-06-01,54.04282760620117,54.536253542952416,53.41955700263243,54.536253542952416,2173677
2010-06-02,54.224613189697266,54.35446137099327,53.49746478338259,54.224613189697266,1067731
2010-06-03,54.8478889465332,55.029677826495984,54.22461832179432,54.48431470896533,855327
2010-06-04,54.92579650878906,55.13355219646777,54.432370586426586,55.05564469417762,730766
2010-06-07,54.250587463378906,54.51028384479786,52.97807589889754,54.22461712076549,1110289
2010-06-08,53.523433685302734,54.536252356724184,53.31567799608461,54.250585642281145,1369731
2010-06-09,53.21179962158203,53.938948048961876,53.05598109504137,53.52343315230591,2036943
2010-06-10,52.95210647583008,53.86104382658068,52.718380432965745,53.39358821849435,2079894
2010-06-11,52.666439056396484,53.49746888941699,52.56256120785832,53.23777250689278,1791437
2010-06-14,53.523433685302734,53.679252213395074,52.82225559242344,53.47149652417694,1700881
2010-06-15,53.65327835083008,53.75715971097975,53.237766999660415,53.54940051303766,1047592
2010-06-16,53.315677642822266,54.120737097333894,53.18582945733192,53.65328151615417,1289944
2010-06-17,53.4195556640625,53.679252035905215,53.107922131265724,53.3156778197969,662067
2010-06-18,53.4195556640625,53.9649187494037,52.92613326203283,53.28970747814114,1111519
2010-06-21,53.70521926879883,53.88700812750875,53.41955257183635,53.60134143054627,1131800
2010-06-22,53.289710998535156,53.88701480664663,53.03001460953653,53.757166612147316,1139377
2010-06-23,53.133888244628906,53.41955495433203,52.92613255885795,52.97807324147941,1355354
2010-06-24,52.69240951538086,53.39358763632872,52.4586834750649,53.030013404464164,2329371
2010-06-25,52.64046859741211,53.08195385567125,52.406742558128045,52.510620406436786,1672844
2010-06-28,53.627315521240234,53.88701189621268,52.66643752489917,52.66643752489917,2401306
2010-06-29,53.26374053955078,54.406407466550675,53.03001449443087,53.8870146896808,1542276
2010-06-30,54.06879425048828,54.27655345237327,52.770312447547035,52.97807164943203,2708253
2010-07-01,53.627315521240234,54.042826903310136,53.23777095878156,53.86104155424393,1450319
2010-07-02,53.78313064575195,54.14670838939312,53.54940461223801,53.8091009877774,1534161
2010-07-05,53.03001403808594,53.964921732878,51.93929132945993,53.497469646660804,1409644
2010-07-06,53.0040397644043,53.21179897137233,52.8741915809333,53.03001010556998,765539
2010-07-07,53.34164810180664,54.43237074891194,53.26373707692646,53.49746662920953,4099698
2010-07-08,52.97807312011719,54.016858591307134,52.90016209636349,54.016858591307134,2147848
2010-07-09,52.95210647583008,53.3416510547232,52.7962879398013,53.237773204823235,2076435
2010-07-12,52.432708740234375,53.237768164871056,52.30286055956257,53.055979302987595,4188571
2010-07-13,52.458683013916016,52.692409052177354,52.06913844269459,52.35480164370422,3777184
2010-07-14,52.30286407470703,52.97807536405116,52.173015885308445,52.9261346793487,2928502
2010-07-15,52.328834533691406,52.79628660762515,52.22495316405495,52.718379102755385,3552196
2010-07-16,52.12107467651367,52.69240811306553,51.93928932659811,52.69240811306553,1309829
2010-07-19,51.96525573730469,52.666437356430365,51.4718333309069,51.4718333309069,3056097
2010-07-20,51.86138153076172,52.2768964630129,51.78347402199614,52.198988954247326,2241425
2010-07-21,51.88734817504883,52.121074207039314,51.73152964626934,52.121074207039314,1373142
2010-07-22,52.69240951538086,53.341650473123856,51.9392907088705,52.302864940735056,5819774
2010-07-23,52.458683013916016,53.185831471252975,52.25092379585003,53.185831471252975,1826820
2010-07-26,52.458683013916016,52.692409052177354,51.93929025228744,52.458683013916016,1879489
2010-07-27,52.536590576171875,52.8741944626534,52.01719781398023,52.01719781398023,2785906
2010-07-28,52.588531494140625,53.289709612788855,52.32883511189514,52.718379685263365,3199899
2010-07-29,52.12107467651367,52.952104489251376,51.809441138505186,52.04316717260093,2312762
2010-07-30,52.14704513549805,52.56256004279833,52.01719694711406,52.198985819794665,1285466
2010-08-02,52.224952697753906,52.66643794769423,52.095104509225294,52.45868225499146,778568
2010-08-03,51.88734817504883,52.35480023902981,51.78347032998167,52.35480023902981,1708893
2010-08-04,52.01719665527344,52.198985526934116,51.23810752934054,52.198985526934116,1886451
2010-08-05,51.316017150878906,52.35480269499499,51.16019861478996,51.70556172992244,1508701
2010-08-06,51.70555877685547,52.58852925681105,51.419892064067334,51.54974024966581,3922176
2010-08-09,53.05598068237305,53.18582886642074,52.25092123680589,52.32883226064895,3155186
2010-08-10,52.718379974365234,53.47149878253563,52.48465041117646,53.47149878253563,2033594
2010-08-11,52.01719665527344,52.77031543920373,51.93928915162316,52.45868190224508,1383082
2010-08-12,51.80944061279297,52.04316664451709,51.679588903660125,51.73152958731327,746648
2010-08-13,52.92613220214844,53.08195072660518,51.757498552258944,52.12107276108642,2838836
2010-08-16,54.69207000732422,55.83473692035484,53.18583238175863,53.18583238175863,10437835
2010-08-17,54.5362548828125,55.73085895704382,54.3284956616136,55.2893736940591,4272775
2010-08-18,53.99089050292969,55.18549454911677,53.315679214010245,54.87385748581316,2042150
2010-08-19,54.19864273071289,55.05564283881107,53.57537216632343,55.05564283881107,2150678
2010-08-20,53.601348876953125,54.588193760982776,53.49747102426965,54.27656020293235,1350531
2010-08-23,54.19864273071289,54.484309433412285,53.13388694193734,53.86103886902283,1558660
2010-08-24,53.523433685302734,54.51028201498255,53.26373731260133,54.51028201498255,1419761
2010-08-25,53.523433685302734,54.01685961132139,53.15985946799227,53.237770493217184,1708531
2010-08-26,54.769981384277344,55.15952596464234,53.4974697928899,53.96492188038482,6819779
2010-08-27,54.19864273071289,55.315339200836455,53.86103886902283,55.00370215746305,3318728
2010-08-30,56.48397445678711,56.87351901104475,54.536251685498925,54.74400737216002,12599675
2010-08-31,56.50994110107422,57.52275617140966,55.83472988006485,56.56187825816281,7251681
2010-09-01,56.19831466674805,56.97740387120906,55.73086255301459,56.509951757475605,4105554
2010-09-02,55.88667678833008,56.6657659327068,55.601010064253764,56.6657659327068,2077611
2010-09-03,56.09442901611328,56.665762428939125,55.99055117442423,56.30218469949138,2025354
2010-09-06,56.12040328979492,56.509947865194455,55.575040179764045,55.575040179764045,1657041
2010-09-07,55.41922378540039,56.354131506936554,55.18549773560579,56.354131506936554,2364772
2010-09-08,55.315345764160156,55.62698284451018,54.9258011749015,55.41922361682425,2119627
2010-09-09,54.27655792236328,55.575039832242055,54.09476904603721,55.52309914690386,4325702
2010-09-13,54.82191467285156,55.31534059098613,54.458340461350375,54.95176285712751,2223035
2010-09-14,54.56222152709961,55.23743282968843,54.30252514320834,54.58819186996027,2096762
2010-09-15,55.497127532958984,55.730853552077264,54.56221641177124,54.56221641177124,3700295
2010-09-16,54.87385940551758,56.042493150253186,54.69207052517118,55.52310037481514,1645185
2010-09-17,54.66610336303711,55.28937398520052,54.536255169988166,55.185496135232896,3999245
2010-09-20,54.87385940551758,55.18549647972348,54.74401121165806,54.95176691289021,1658444
2010-09-21,54.87385940551758,55.57504106130202,54.69207052517118,55.34131149446875,4168036
2010-09-22,54.97773742675781,55.47116338284147,54.69207069490878,54.92580026246743,2530696
2010-09-23,54.56222152709961,55.18549566632476,54.38043617179031,54.84788825385153,1296047
2010-09-24,54.82191467285156,54.95176285712751,54.25058477545182,54.562218304299655,2212027
2010-09-27,54.97773742675781,55.626981920428,54.69207069490878,55.626981920428,1731020
2010-09-28,55.523101806640625,55.65295000384865,54.847890476687326,55.055649705634835,3076594
2010-09-29,56.43203353881836,57.36694116961287,55.6269776145928,55.6269776145928,11684464
2010-09-30,55.315345764160156,57.029342661369796,55.133556880229676,56.50994987569158,5236368
2010-10-01,56.3541259765625,56.743670528777706,55.523096189560434,55.523096189560434,3875195
2010-10-04,56.977394104003906,57.392908979626114,56.016519696632166,56.74366808720307,4550532
2010-10-05,58.12006378173828,58.48364153948925,56.92546322578279,56.97740038949175,10282420
2010-10-06,58.04215621948242,59.029001074942926,57.62664129841992,58.43170079753646,5975746
2010-10-07,56.74366760253906,58.37975322852794,56.302182390519334,58.04214937629444,5825104
2010-10-08,56.87351989746094,57.4967904895158,56.432034653478425,56.87351989746094,2872678
2010-10-11,57.081275939941406,58.042153936964404,56.873520248759014,57.96424643336039,2923343
2010-10-12,56.8475456237793,57.211119817134936,56.19830473480235,57.133212319400606,1328063
2010-10-13,57.0553092956543,57.652609551407444,56.76964257763245,57.029338953587306,2785869
2010-10-14,55.549072265625,57.54873591571408,55.055649819683914,57.3409766863362,6206210
2010-10-15,55.445194244384766,56.32816128008577,54.89983111215957,55.575042441468966,3825540
2010-10-18,55.445194244384766,56.45800947716997,54.95176827757858,56.30219093619738,2661071
2010-10-19,54.71803283691406,55.83472925361203,54.43236614788169,55.678910739380086,2506333
2010-10-20,54.14670944213867,55.18549496449279,53.88701306155014,54.95176540407704,1611212
2010-10-21,54.8478889465332,55.57504094402664,54.64013324573947,55.21146318410108,5077785
2010-10-22,55.523101806640625,56.5099502188363,54.89983116451365,55.54907215055378,7613777
2010-10-25,53.88701629638672,56.042494975721816,53.67925706602956,55.6269835597231,4373958
2010-10-26,53.08195114135742,54.22461445903934,52.874191933005974,54.01685877304533,3559839
2010-10-27,52.90016174316406,53.627313681556494,52.77031356013228,53.4195544752912,4326267
2010-10-28,51.91331481933594,53.34164477375855,51.52377028631159,53.34164477375855,12789477
2010-10-29,52.14704513549805,52.97807495009861,51.93928944302668,51.99122660496575,2557085
2010-11-01,52.276893615722656,52.82225671445147,52.0951047420272,52.354801120244964,3644082
2010-11-02,51.99122619628906,52.17301506754072,50.92647035543833,51.93928903475824,8722079
2010-11-03,52.17301559448242,52.250923098744266,51.445863624489164,51.939289559339336,5792586
2010-11-04,52.718379974365234,54.19864724786754,51.939290823356345,52.35480221934165,7578044
2010-11-08,51.08229064941406,51.62765375965141,50.01753477178071,50.5109571963354,23828591
2010-11-09,53.91297912597656,54.53625324853812,51.10825966387974,51.26407819452013,37552410
2010-11-10,52.97807312011719,54.666099510800855,52.796284253715974,54.016858591307134,23142609
2010-11-11,52.588531494140625,53.86104306267196,52.3548019322336,52.978076067508844,9305659
2010-11-12,51.70555877685547,52.952103472015274,51.419892064067334,52.38077004643901,8655373
2010-11-15,52.56255340576172,53.39357959307165,51.93928288469,51.93928288469,6781511
2010-11-16,52.01719665527344,52.84822646521153,51.887348467617954,52.84822646521153,5839719
2010-11-18,52.666439056396484,53.10792431563068,51.653623869023605,52.510620522410434,11698558
2010-11-19,52.92613220214844,53.62731380102509,52.09510241995073,52.19898378449349,13151040
2010-11-22,52.69240951538086,52.92613555569681,51.264079408346255,52.4586834750649,16159489
2010-11-23,51.13423156738281,52.147046763934405,50.381109233351296,51.471835458780795,29650997
2010-11-24,50.43305587768555,51.03035622452933,49.86172235451127,50.12141877007084,29495589
2010-11-25,50.14738082885742,50.51095504608577,48.4593544066796,49.34232136919343,297127250
2010-11-26,50.0954475402832,50.25126255802787,48.53726918397454,49.731869772591644,108003635
2010-11-29,48.745025634765625,49.86171873159032,48.30354035144917,49.73187053324523,47311917
2010-11-30,49.31635665893555,49.39426416511726,47.680267327900886,48.35547863012038,56380039
2010-12-01,50.303199768066406,50.5109554589357,49.03068823618763,49.134566081622275,49377032
2010-12-02,51.41988754272461,51.47182822133985,50.14737614022281,50.58886134138088,69791050
2010-12-03,51.83540725708008,52.1210739714919,50.51095505197614,51.41989235633174,70133580
2010-12-06,51.783470153808594,52.09510368794987,51.31601456906045,51.93928868205798,35990183
2010-12-07,51.393924713134766,51.67958790061009,50.95243947772439,51.393924713134766,22324627
2010-12-08,50.82258987426758,51.29004191558962,50.53692317241196,51.00437873609133,8690959
2010-12-09,49.65395736694336,51.03034670366943,49.34232031747156,50.796620677744286,19659317
2010-12-10,49.91365432739258,50.09544319547169,49.134565216809165,49.55008011359181,12656908
2010-12-13,50.84856033325195,51.03034567314162,49.83574522645792,49.91365272607387,10228525
2010-12-14,50.407073974609375,51.16019270258971,50.25125545652721,50.90049634657185,12502825
2010-12-15,50.199317932128906,50.53692178354367,49.99155873541754,50.38110326659946,7532899
2010-12-16,49.91365432739258,50.251258199702406,49.52410977210087,50.225291380568926,10117565
2010-12-20,49.783809661865234,50.43305063325085,49.60202078093418,49.731868975211306,12117884
2010-12-21,50.459022521972656,50.9524449708661,49.809781530702914,49.861718696589804,13693395
2010-12-22,50.87453079223633,51.056316132548794,50.459015907817715,50.5888640890512,11598882
2010-12-23,50.510955810546875,50.95244105966422,50.43304830651795,50.66677434096226,4611659
2010-12-24,50.770652770996094,50.90050096077595,50.12141182209682,50.12141182209682,4676656
2010-12-27,50.22529602050781,50.79662597430207,50.043507135634584,50.64080743331899,5508784
2010-12-28,49.93962860107422,50.35514353057405,49.80978040575288,50.121413961109454,6071879
2010-12-29,49.705902099609375,50.12141350295331,49.60202072641569,49.88768745798292,10314957
2010-12-30,50.17335510253906,50.66677754475692,49.160539874332365,49.70590300409221,31947999
2010-12-31,51.05631637573242,51.16019421674252,50.25125694377883,50.32916796630442,12208677
2011-01-03,51.05631637573242,51.29004239859447,50.82259035287038,51.13422739825801,5686478
2011-01-04,51.10826110839844,51.36795749268661,50.77065369540924,51.13423145129878,9878712
2011-01-05,50.95244216918945,51.34198674253176,50.74468647234994,51.1082607029979,6557909
2011-01-06,51.41988754272461,51.80943558762459,50.79661701112752,51.004376203231324,16916733
2011-01-07,50.82258987426758,51.887345659898145,50.4590156729774,51.41989009621877,15775814
2011-01-10,49.93962860107422,51.212140210751784,49.8357507492887,50.796625281251956,11747099
2011-01-11,49.88768768310547,50.900502897452704,49.44620593447089,50.277232267266534,8402847
2011-01-12,50.510955810546875,50.61483717906216,49.602018492540914,50.22529261420246,5356220
2011-01-13,50.251258850097656,50.614836590961616,50.09544384385025,50.484988404183774,5840003
2011-01-14,50.692745208740234,51.49780468893637,49.99156357577898,50.12141176541199,13619178
2011-01-17,50.770652770996094,50.90050096077595,49.67993009025986,50.12141182209682,10222664
2011-01-18,51.23810958862305,51.36795778149719,50.484990774424574,50.484990774424574,8525103
2011-01-19,50.84856033325195,51.41989021593604,50.588863971389,50.82258999259419,8181638
2011-01-20,51.36795425415039,51.41989141431902,50.38110594265746,50.38110594265746,8113388
2011-01-21,51.34198760986328,51.419895116904804,50.84856517976572,51.030350536981835,7263505
2011-01-24,51.1861686706543,51.54974290458334,50.84856477965396,50.97841297193988,10580288
2011-01-25,51.10826110839844,51.65362421987511,50.92647223045367,51.41989465612965,5774233
2011-01-27,51.316017150878906,51.679591386848,48.38144939769405,51.056320764849886,21308494
2011-01-28,50.14738082885742,51.31601450574976,49.44620273613651,51.160195977692624,12161301
2011-01-31,50.14738082885742,51.10825881657856,49.44620273613651,49.78380661162908,10372393
2011-02-01,49.679927825927734,50.692742955576584,49.60201680219633,50.38110590536582,5685819
2011-02-02,49.627986907958984,50.12140929982026,49.004716332852254,49.887683274449905,9759510
2011-02-03,51.23810958862305,51.39392812454355,49.368294202292375,49.60202024499429,8272335
2011-02-04,50.536922454833984,52.04316344215938,50.459014956505634,51.134226190661344,13585721
2011-02-07,50.79662322998047,51.1601974577268,50.121411937104384,50.562897192311944,10075695
2011-02-08,49.705902099609375,51.41989544429736,49.57605390547497,51.41989544429736,6969251
2011-02-09,49.80978012084961,50.48499143713002,49.21247631237329,50.38111006358095,15914271
2011-02-10,49.55008316040039,50.51095767578913,49.36829428114318,49.679931353481926,15041071
2011-02-11,50.06947326660156,50.64080317232324,49.73186586915207,50.121410427654,16032113
2011-02-14,51.1861686706543,51.54974290458334,49.887686747795094,50.14738313236693,9448315
2011-02-15,51.290042877197266,51.54973924332448,50.79662048602704,51.16019469413366,6653191
2011-02-16,51.212135314941406,51.31601315679635,51.004379631231515,51.13422781413955,3070813
2011-02-17,51.212135314941406,51.393924179955604,51.03034644992721,51.212135314941406,2410838
2011-02-18,50.95244216918945,51.41989424825718,50.484990090121734,51.21213855141766,7982842
2011-02-21,51.393924713134766,51.41989153209985,50.407076399381396,50.407076399381396,9078739
2011-02-22,51.13423156738281,51.367957609301236,50.796624153627185,51.160198387984465,6311548
2011-02-23,51.73153305053711,52.069140472169,51.16019958153405,51.16019958153405,28541975
2011-02-24,51.03034973144531,51.93929059260854,50.32917161206698,51.679590687735036,14267832
2011-02-25,51.52377700805664,51.86138090511167,50.09544686729537,51.1861695886439,31955636
2011-02-28,51.393924713134766,54.2246144254249,50.74468379185917,52.09510279469796,128195783
2011-03-01,51.67959213256836,51.99122920924307,50.90050296323928,51.67959213256836,22095525
2011-03-03,51.575714111328125,52.40674396481958,51.18616952794608,51.18616952794608,12055696
2011-03-04,51.41988754272461,51.913313422497914,51.23810221228558,51.57570605621317,5797710
2011-03-07,50.926475524902344,51.36796081569509,49.91366026513071,51.36796081569509,6845096
2011-03-08,50.87453079223633,51.36795317645209,49.705897161134985,50.90049761059715,8299919
2011-03-09,50.926475524902344,51.16020158140997,50.692749468394716,50.90050518032197,4984092
2011-03-10,51.10826110839844,51.36795749268661,50.53692765402142,50.90050188755332,4963678
2011-03-11,50.926475524902344,51.21214227057072,50.640808779233964,50.640808779233964,6148250
2011-03-14,51.316017150878906,51.47183568696785,50.71871687195522,50.71871687195522,4743614
2011-03-15,50.770652770996094,51.03034915055581,50.407078544084015,50.82259345585107,7316083
2011-03-16,51.212135314941406,51.4198909986513,50.90049826701918,50.92646860807226,3548194
2011-03-17,51.08229064941406,51.18616849842174,50.79662392287473,50.79662392287473,4312518
2011-03-18,50.87453079223633,51.41989033553108,50.692741929566516,51.16019397306411,7614611
2011-03-21,50.588871002197266,50.95244525486324,50.510959969395955,50.796626711618444,3473055
2011-03-22,50.56290054321289,50.848567284787265,50.27723380163852,50.848567284787265,3536038
2011-03-23,50.61483383178711,51.08228586976205,50.43304497126501,50.56289315096442,5655111
2011-03-24,50.87453079223633,51.00437897346981,50.459015907817715,50.90049761059715,7807585
2011-03-25,50.97841262817383,51.10826081958414,50.666775559846045,51.004382970927416,8602591
2011-03-28,51.47183609008789,51.627654627397185,50.84856546320841,50.92647297068421,11509824
2011-03-29,51.83540725708008,52.1210739714919,51.29004416999523,51.47183303980933,8985339
2011-03-30,52.458683013916016,52.640468367071456,51.8613792246286,51.93929025228744,4832583
2011-03-31,52.92613220214844,53.41955459429696,52.09510241995073,52.4586801511356,15647437
2011-04-01,54.458343505859375,54.79595091726535,52.640468824367225,52.640468824367225,22114974
2011-04-04,55.00370788574219,55.70488954517718,54.120740867372064,54.120740867372064,10060811
2011-04-05,54.640132904052734,55.18549601817301,54.09476978993246,54.79595143985248,7752278
2011-04-06,54.56222152709961,55.52309955644036,54.354465828929655,54.536254706596594,5371783
2011-04-07,54.510284423828125,55.419221768449574,54.224617696761285,54.562221587249056,5888794
2011-04-08,54.484310150146484,54.76997685660378,53.809098895526695,54.562217650836025,3282029
2011-04-11,54.14670944213867,54.51028367049109,53.80910203395903,54.04282807201719,2761151
2011-04-13,54.66610336303711,54.951766569858655,53.52343644632025,53.54940678940157,5725109
2011-04-15,54.56222152709961,54.89982893957284,54.354465828929655,54.56222152709961,2726721
2011-04-18,54.1207389831543,55.133554160798724,53.938950108190454,54.53625389567338,3846832
2011-04-19,53.731197357177734,54.40640868672308,53.49747130681606,54.40640868672308,2130742
2011-04-20,54.14670944213867,54.4064058227272,53.5494056533705,54.4064058227272,3816903
2011-04-21,54.328495025634766,54.536254244401604,53.912980110458705,54.14670967186609,3804886
2011-04-25,54.30252456665039,54.744009823521125,54.016861365289145,54.016861365289145,1583736
2011-04-26,54.17267608642578,54.61416134093592,53.54940547950844,54.53625383595534,4390914
2011-04-27,54.19864273071289,54.5362501147603,53.887009209696835,54.27655375273491,2846797
2011-04-28,54.04282760620117,54.276557164602316,53.83507191246411,54.094768290814216,5158203
2011-04-29,54.30252456665039,54.79595050869095,53.835072489552346,54.042828185516456,3615042
2011-05-02,55.26340103149414,55.47116024397258,54.01685984605352,54.01685984605352,5731198
2011-05-03,54.01686477661133,55.31534676428392,53.80910554516902,55.055650366749404,3804669
2011-05-04,54.17267608642578,54.32849461874451,53.26373875731703,53.835072201699845,4044546
2011-05-05,52.90016174316406,54.172673232404065,52.35479866995909,54.01685823065184,5204752
2011-05-06,53.54940414428711,53.835070859355596,52.926133552910635,53.03001139774713,2973311
2011-05-09,53.34164810180664,53.91297800580728,53.2377702576572,53.57537413173225,3424009
2011-05-10,53.15986633300781,53.86104803879454,52.97808096205573,53.26374419103156,1276536
2011-05-11,54.09476852416992,54.27655739874223,53.05598300628835,53.05598300628835,5173641
2011-05-12,52.666439056396484,54.09476916027962,52.56256120785832,54.09476916027962,2199955
2011-05-13,52.64046859741211,53.3416502376219,52.4846500637702,52.61449825474552,3389298
2011-05-16,52.87419509887695,53.081954319668085,52.61449871465626,52.7703172496602,2643860
2011-05-17,52.718379974365234,53.23777274170449,52.64046894584977,52.874194986680905,2042475
2011-05-18,52.64046859741211,53.44552808593063,52.510620406436786,52.87419463669617,3314783
2011-05-19,51.34198760986328,52.952106615821286,51.08229122324797,52.66643988607291,2532955
2011-05-20,52.458683013916016,52.7703165574786,51.08229008218574,51.23810861514583,1959647
2011-05-23,51.73153305053711,52.09510729337645,51.4198959724704,52.09510729337645,1694918
2011-05-24,51.316017150878906,52.666439767172875,51.108261450998754,51.913320952160255,9876185
2011-05-25,50.407073974609375,51.653618596909446,50.0954404608023,51.419889058607566,5753045
2011-05-26,49.627986907958984,50.848561239409285,49.342320200347494,50.64080203280211,4935316
2011-05-27,50.71871566772461,50.87453420011391,49.705900490730556,49.705900490730556,4500032
2011-05-30,51.41988754272461,51.54973571690555,50.459013167199934,50.90049484600084,8167114
2011-05-31,52.484649658203125,52.66643853310688,51.419893795961684,51.523775165825306,7467651
2011-06-01,52.276893615722656,52.58853067852699,51.86137870610273,52.22495293113608,1794961
2011-06-02,51.549739837646484,52.56255849510543,51.41989165308584,51.93928791368584,4461069
2011-06-03,52.458683013916016,52.92613509043869,51.54974215870842,51.54974215870842,5649415
2011-06-06,52.718379974365234,52.84822816620005,51.78347228868304,52.35480221934165,4910297
2011-06-07,52.69240951538086,52.822257706929456,52.38077244672117,52.53659098105101,6516069
2011-06-08,52.64046859741211,52.71837962541187,52.121075833510815,52.22495368181955,14162904
2011-06-09,52.718379974365234,52.900165329519396,52.406742905018625,52.45868359069561,6989160
2011-06-10,52.56255340576172,52.87418690511903,52.19897922866631,52.71837191661892,7661567
2011-06-13,53.26374053955078,53.497470107028384,52.224954985811024,52.45868455328863,2849421
2011-06-14,53.86104202270508,54.01686055351529,53.055982548816914,53.055982548816914,4458752
2011-06-15,52.87419509887695,53.93895097865331,52.64046905754986,53.88701381522375,2533103
2011-06-16,52.97807312011719,53.237769487914676,52.38076936076851,52.770313912464744,2472762
2011-06-17,53.34164810180664,53.49746662920953,52.74434433382181,52.77031467544853,2524363
2011-06-20,52.95210647583008,53.86104382658068,51.445865324028766,53.00404363960123,6194464
2011-06-21,52.64046859741211,53.211802046646575,52.1470461761774,52.87419463669617,5126564
2011-06-22,53.133888244628906,53.185828927250355,52.484647323647906,52.64046584915483,2408781
2011-06-23,53.1079216003418,53.39358478862701,52.874192050133985,53.00404023475724,3746535
2011-06-24,53.8350715637207,54.09476794038849,52.87419356110685,52.97807492966,5675164
2011-06-27,56.276222229003906,56.79561499993727,53.107924917367306,53.107924917367306,29869389
2011-06-28,56.665767669677734,57.081279074862536,56.14637489083902,56.821582685443175,13872282
2011-06-29,57.185157775878906,57.39291346876152,56.56188365251597,56.769642867756126,13356359
2011-06-30,56.87351989746094,57.912305391671545,56.120401118629744,57.13321627101359,30432762
2011-07-01,57.26306915283203,57.52276554767739,56.82158387265181,57.13322095540935,23953730
2011-07-04,57.366943359375,57.86036577374183,56.97739879187104,57.315006197122344,5307022
2011-07-05,56.92546463012695,57.31500921816358,56.09443476670571,57.13322033480339,10665833
2011-07-06,56.63978958129883,56.97739343243671,56.38009322739053,56.7436674183907,3270036
2011-07-07,57.10725021362305,57.2890390976915,56.3281610345144,56.873524164362,5856910
2011-07-08,56.71770477294922,57.52276428375212,56.53591941396644,56.74367511633468,12625687
2011-07-11,56.09442901611328,56.50994390522686,55.211458555862905,56.38009572252621,2848918
2011-07-12,56.19831466674805,56.61382961359883,55.3413144284262,55.93861826526104,2954427
2011-07-13,57.23709487915039,57.808428317527266,56.19830937108884,56.25025005543493,3819442
2011-07-14,56.665767669677734,57.289038299812646,56.25025274213522,56.873523372270135,10479376
2011-07-15,57.26306915283203,58.27588438825736,56.27622426136279,56.27622426136279,8242815
2011-07-18,56.795616149902344,57.600672143263246,56.63979761099588,57.366946096082415,2085379
2011-07-19,57.0553092956543,57.31500567160915,56.40606835576717,56.45800551754362,2972184
2011-07-20,56.691734313964844,57.36694562882136,56.53591929868524,56.951430702574456,4177419
2011-07-21,56.09442901611328,56.87351811231722,55.65294378598809,56.61382174691591,3008285
2011-07-22,56.89949417114258,57.21112772752569,55.756830753022356,56.09443465302683,3369044
2011-07-25,56.3541259765625,56.87351871284944,55.73085539748966,56.82157803027778,7429567
2011-07-26,56.613826751708984,57.055312020862495,55.70488939245222,56.094433974990835,5770592
2011-07-27,55.652950286865234,56.69173586981208,55.31534638135063,56.43203947407537,7214188
2011-07-28,54.82191467285156,55.57503695953804,53.83506988129728,55.107581382730146,13905358
2011-07-29,54.58818435668945,55.91263643671485,53.159854441876355,54.016854504178504,9768024
2011-08-01,55.80876159667969,56.458002501888174,54.588187285944784,54.588187285944784,4672455
2011-08-02,56.06846237182617,56.25025124853581,55.44519175824082,55.78279564657858,3239197
2011-08-03,54.35446548461914,55.9126437780964,53.54940599518437,55.3413103282117,12800281
2011-08-04,54.27655792236328,55.52309914690386,53.91298016971113,54.847887849295375,6939466
2011-08-05,53.133888244628906,53.86104018954208,52.01719526948455,52.1989841363022,12075758
2011-08-08,53.21179962158203,53.938948048961876,51.10825831917666,51.18616582126827,13716718
2011-08-09,52.92613220214844,53.86103982653151,51.41989116220976,51.41989116220976,7228990
2011-08-10,53.78313064575195,54.22461589311193,53.00404151913378,53.26373789467317,5126905
2011-08-11,53.49747085571289,54.146711835886215,53.13389308892963,53.15986343260811,6299073
2011-08-12,53.809104919433594,54.32849770846272,53.49747135943079,53.88701595120263,6421148
2011-08-16,53.809104919433594,54.48431624964301,53.54940852491903,54.04283097002514,4242848
2011-08-17,53.57537078857422,54.3804301946214,53.341644773233355,53.341644773233355,7430913
2011-08-18,53.315677642822266,53.938948228704426,52.79628490086088,53.75716288243242,5110388
2011-08-19,52.484649658203125,53.26373879803477,51.70556051837147,51.93929007820704,5245806
2011-08-22,53.601348876953125,53.809104582320074,51.80944447050047,52.458685452719386,3059716
2011-08-23,52.56255340576172,54.22460930273867,52.45867557264261,53.67924627591701,2837432
2011-08-24,53.0040397644043,53.36761749600901,52.09510248010732,53.18582863020665,6888368
2011-08-25,51.783470153808594,53.237770546873676,51.41989241377421,53.004040993320864,13758009
2011-08-26,50.61483383178711,51.93928596919253,50.173348611866196,51.78346744908178,9286925
2011-08-29,51.91331481933594,52.017192657004315,50.3811035048877,50.48498486491332,6345123
2011-08-30,52.04316711425781,52.51061918192527,51.54974118217184,52.45868202016085,3821904
2011-09-02,51.6016845703125,54.53625588511388,51.08229179130599,53.60134817843063,8166250
2011-09-05,50.459022521972656,51.67959347214509,50.22529646958711,51.49780810800425,7422597
2011-09-06,49.52410888671875,50.329168324400406,48.95277547356211,50.329168324400406,14848826
2011-09-07,50.27722930908203,50.770651715516124,49.653958715567526,49.7058993993427,11526455
2011-09-08,49.96559524536133,50.79662152047746,49.52411000501145,50.69274367638263,7049237
2011-09-09,49.91365432739258,50.35513956566616,49.57605045508274,49.91365432739258,6782680
2011-09-12,49.00471496582031,49.70589654472865,48.56322974615842,49.368289164293884,5271294
2011-09-13,49.13456344604492,49.5241079872978,48.952774584517314,49.26441162646255,4033213
2011-09-14,49.31635665893555,49.524112356991864,48.589204671023154,49.36829382227081,4248247
2011-09-15,49.86171340942383,50.06947261801476,48.77099077316185,49.44620203695685,8283475
2011-09-16,51.75749969482422,52.06913675061721,49.73186587688474,50.06947327438673,6853575
2011-09-19,50.87453079223633,52.06913476405584,50.66677158884835,51.10825681398513,3721222
2011-09-20,51.316017150878906,51.887350609085814,50.77065403574643,50.77065403574643,4399666
2011-09-21,51.549739837646484,51.78346938774158,50.978409938994126,51.05631744078754,2182138
2011-09-22,49.9915657043457,51.13423263965526,49.70590249287604,51.10826229615136,3792171
2011-09-23,49.88768768310547,50.48499149223373,49.18650954503018,49.60202095024914,3612112
2011-09-26,49.47216796875,50.09544206098774,49.108593763182895,49.8876828561227,1880644
2011-09-27,50.199317932128906,50.53692178354367,49.6279845441192,50.09544009495184,1273121
2011-09-28,50.56290054321289,50.69274874189598,49.80978169532252,50.27723380163852,4398260
2011-09-29,50.61483383178711,51.39392290998356,49.93962259287873,50.27722645115426,9460952
2011-09-30,51.13423156738281,51.471835458780795,50.381109233351296,50.381109233351296,6946805
2011-10-03,50.56290054321289,50.97841548347036,49.965600238213796,50.87453762899544,7517061
2011-10-04,49.783809661865234,50.926473067032376,49.65396146758811,50.27723209564676,2740436
2011-10-05,49.80978012084961,50.40708040696821,49.602020896109174,49.8876876286537,3503641
2011-10-07,50.510955810546875,51.341985624523915,50.12141124568718,50.3291704603602,4435678
2011-10-10,50.926475524902344,51.10826441460709,50.173356666218716,50.173356666218716,8326437
2011-10-11,51.264076232910156,51.445861576403345,50.64080213419807,51.16019486821987,5044978
2011-10-12,51.47183609008789,51.83541032890445,50.95244331396204,51.78347316470648,4905765
2011-10-13,51.6016845703125,51.88735130323762,51.05632144788412,51.471836375560876,3531871
2011-10-14,51.36795425415039,51.965254491412814,51.18616538766665,51.29004323036132,5039179
2011-10-17,50.82258987426758,51.52377145860797,50.53692317241196,51.316012256186916,1605713
2011-10-18,50.97841262817383,51.26407935374803,50.38110883427185,50.38110883427185,2025955
2011-10-19,51.91331481933594,52.198981514691916,51.13422575328724,51.419888926285964,5145909
2011-10-20,51.41988754272461,51.887343083190295,51.2640725515932,51.47182822133985,2881549
2011-10-21,51.41988754272461,51.99122091806362,51.03034302018178,51.29003936854367,2127672
2011-10-24,52.328834533691406,52.58853091306739,51.99122712708808,52.06913815431542,3334756
2011-10-25,53.96492004394531,54.40640529561153,52.25092324419554,52.35480109095301,7605862
2011-10-28,54.5362548828125,56.09443319119484,53.627317536256136,54.79595126754289,8504582
2011-10-31,54.458343505859375,54.84788808046484,53.70522469942701,54.536254534195045,4561310
2011-11-01,53.8350715637207,54.61416069372408,53.497467682995584,54.14670862466507,2155435
2011-11-02,53.54940414428711,53.99088938778909,53.185829926180624,53.49746698304761,2429706
2011-11-03,54.06879425048828,54.30252027054624,53.523431188781494,53.75716073119678,2676760
2011-11-04,53.93894958496094,54.53625336664978,53.70522354967294,54.53625336664978,2070811
2011-11-08,53.93894958496094,54.016860611628644,53.70522354967294,53.93894958496094,923114
2011-11-09,53.78313064575195,54.35446408088163,53.70522314203315,54.01686020162342,3342820
2011-11-11,54.769981384277344,54.92579992089488,53.4974697928899,53.757166179799896,7747315
2011-11-14,54.71803283691406,55.57503290401118,54.30251797308126,54.95175884708339,8136060
2011-11-15,53.809104919433594,54.87386084141485,53.62731955668807,54.04283097002514,2602442
2011-11-16,54.1207389831543,54.71803924827964,53.34164984306511,53.34164984306511,5559879
2011-11-17,53.57537078857422,54.71803404762961,53.39358193088841,53.75715964626002,4564324
2011-11-18,52.432708740234375,53.75716088755829,51.08228625230463,53.49746452621468,6971425
2011-11-21,51.445865631103516,52.45868436015716,51.108261736324096,51.679591675362936,5725408
2011-11-22,50.84856033325195,51.67958657779899,50.43304544979977,51.67958657779899,5742603
2011-11-23,49.36829376220703,50.744686707817884,48.90084168097022,50.562897830471556,4916261
2011-11-24,49.49814224243164,50.12141286183277,49.160538350943675,49.80977931331103,10127464
2011-11-25,50.06947326660156,50.48498816680845,49.23844346618779,49.67992870809963,7728058
2011-11-28,50.43305587768555,50.77065980896976,49.96560373862155,50.43305587768555,5436096
2011-11-29,49.446205139160156,50.7966242291166,49.342323767168565,50.58886852984873,5379923
2011-11-30,51.47183609008789,51.88735101546011,49.498142836338126,49.57605386617162,13613461
2011-12-01,51.93928909301758,52.97807459308933,51.67958919564212,51.93928909301758,4222484
2011-12-02,53.70521926879883,54.01685630591376,51.88734477112867,51.96525226922877,5707744
2011-12-05,53.315677642822266,53.73119254086286,52.90016274478167,53.081951613411135,2957969
2011-12-07,53.57537078857422,54.30251917460294,52.90015956020054,53.0040373978679,5975381
2011-12-08,51.62765121459961,53.70522218176713,51.41989200446838,53.47149615243227,5809203
2011-12-09,51.1861686706543,51.2900465200115,50.43304985986749,50.66677590151061,4296964
2011-12-12,50.17335510253906,51.62765560777939,49.70590300409221,51.419896379969195,8160604
2011-12-13,51.47183609008789,51.88735101546011,49.65396137364742,50.06947629901964,3981949
2011-12-14,50.04350280761719,51.67958854054805,49.861713938465996,51.39392534953542,5776327
2011-12-15,51.6016845703125,52.121077349319,49.29038740820509,49.31635775162696,12973287
2011-12-16,50.95244216918945,52.61449831097843,50.17335302250484,51.54974243937128,12589918
2011-12-19,51.497802734375,51.8613769470767,49.99156167838589,50.17335054591546,4820722
2011-12-20,50.66677474975586,51.65362310211045,50.25125983941485,51.65362310211045,6670657
2011-12-21,50.84856033325195,51.34198271632009,50.38110476848424,51.16019385407309,10259801
2011-12-22,52.276893615722656,52.458682489418116,50.64080431953622,50.77065250864511,3456402
2011-12-23,52.588531494140625,52.952105724812775,51.70556097661989,52.1989869207724,3249611
2011-12-26,52.38077163696289,52.51061982650416,52.04316775309863,52.25092344742163,1273482
2011-12-27,51.393924713134766,52.3547991632082,50.45901708202641,52.32883234424312,4187065
2011-12-28,52.04316711425781,52.43271167809987,51.108259456565364,51.5237743624684,3375709
2011-12-29,51.93928909301758,52.19898546803552,51.52377418851738,51.93928909301758,2924882
2011-12-30,51.99122619628906,52.354800416434855,51.6016816341991,51.93928903475824,2087779
2012-01-02,51.93928909301758,52.06913728052655,51.186166787579545,51.75750022156202,1861469
2012-01-03,52.406742095947266,52.64046813317007,51.939290021501655,52.12107537384936,3372939
2012-01-04,52.718379974365234,53.13389137035053,51.60168341117125,52.35480221934165,3739279
2012-01-05,52.614501953125,53.10792793140123,52.27689804180134,52.69241298660128,5389056
2012-01-06,51.80944061279297,52.61449655291412,51.34198502698723,52.56255939161848,7340405
2012-01-09,52.666439056396484,52.8741947534728,51.47183499231361,51.47183499231361,2368495
2012-01-10,53.289710998535156,53.653285238661695,52.48465148816786,52.48465148816786,3215986
2012-01-11,52.04316711425781,53.34164899373135,51.88734858424948,53.34164899373135,4377469
2012-01-12,52.224952697753906,52.66643794769423,51.65362278164252,52.66643794769423,4082544
2012-01-13,52.95210647583008,53.08195466879445,52.198987661108255,52.250924824879405,5766505
2012-01-16,52.01719665527344,52.952104310864414,51.809440963967674,52.354800534234684,4899595
2012-01-17,52.1989860534668,52.58853062036259,51.991226837707835,52.1989860534668,10428799
2012-01-18,51.47183609008789,52.58853267217309,51.056321164715676,52.38077344830813,6295415
2012-01-19,51.91331481933594,52.562555707709855,51.471829606298776,51.705555621641935,8276461
2012-01-20,52.69240951538086,53.081954090026656,51.88735002330801,51.9392907088705,6881600
2012-01-23,52.458683013916016,53.6273167275803,52.27689413840298,52.97807577554458,18551268
2012-01-24,52.224952697753906,52.71837863204869,51.965256320696675,52.354800886282526,10219894
2012-01-25,52.38077163696289,52.718379043184726,51.70556034687679,52.51061982650416,13171474
2012-01-27,53.57537078857422,54.5102783722949,52.53658536718618,52.71837422487199,9816649
2012-01-30,52.848228454589844,53.757165802393565,52.58853206950307,52.978076647133236,4243234
2012-01-31,54.06879425048828,54.432368450840364,52.770312447547035,52.97807164943203,10322025
2012-02-01,53.471500396728516,54.224619227633994,53.31568185735137,54.224619227633994,10757718
2012-02-02,54.58818435668945,55.08160671369891,53.31567295523649,53.60133964267054,11556658
2012-02-03,55.549072265625,56.25025394094398,54.71804239282901,54.82192024633906,11926606
2012-02-06,56.613826751708984,56.87352314006806,55.23743377999127,55.938615437503856,9084488
2012-02-07,55.96458435058594,57.26306625919743,55.497132272428836,56.873521686613984,6079363
2012-02-08,55.9386100769043,57.52275859855716,55.13355064566851,56.40606564456896,11508450
2012-02-09,56.50994110107422,57.39290799515237,56.04248555313364,57.159181982360685,11499785
2012-02-10,55.756832122802734,56.74367702579639,55.05565043958873,55.78279894470428,8590813
2012-02-13,56.9514274597168,57.3929127041577,55.23743068801814,55.23743068801814,15608851
2012-02-14,56.82158279418945,57.26306806599037,56.48397889624126,56.87352348111582,5735198
2012-02-15,57.496788024902344,58.743332677936145,56.769639619067306,56.87351745956412,15930040
2012-02-16,57.496788024902344,58.30184745287801,56.743669278353764,57.28903234390872,3862429
2012-02-17,58.01618576049805,58.95109345043037,57.65261152617927,58.17200429587971,8544515
2012-02-21,57.41888427734375,58.17200307310734,57.263065745237384,57.93827703612658,6934289
2012-02-22,57.10725021362305,58.535580375322226,56.97740201710494,57.31500944146668,5872252
2012-02-23,58.509605407714844,59.26272770588916,56.9254603532702,56.9254603532702,18016976
2012-02-24,59.366607666015625,59.834066816705224,58.587521996844956,58.717370195433034,10958004
2012-02-27,57.93827819824219,59.73018254751313,57.70455215657339,59.73018254751313,11266052
2012-02-28,58.06812286376953,58.89914913060363,57.52275978475993,58.17200070682912,9416477
2012-02-29,58.69139862060547,59.15885071677793,58.17200583714375,58.30185403300918,7991077
2012-03-01,58.43170166015625,59.00303512534643,57.91230888174981,58.094097763135146,2777389
2012-03-02,58.30185317993164,58.69139776182808,57.80843074733435,58.353793866460904,3172662
2012-03-05,57.28903579711914,58.353791651695786,56.691732014133436,58.12006209354276,3649302
2012-03-06,57.678585052490234,58.068129651265025,56.92546619933054,57.289040453715444,4557989
2012-03-07,56.406070709228516,57.289037719844025,55.47116301231188,57.13321918329831,15488701
2012-03-09,57.21112823486328,57.522765316367675,56.66576862576726,56.66576862576726,3852720
2012-03-12,57.574703216552734,58.09409597900812,57.055310454097345,57.652610721978,5124092
2012-03-13,57.83440017700195,58.2499115732416,57.13321853172169,57.83440017700195,9731037
2012-03-14,58.483642578125,58.89915398460651,57.938279454170875,58.301853696021055,4398722
2012-03-15,57.31500244140625,58.84721026871503,57.003365398880895,58.327817546077654,4513645
2012-03-16,55.99055480957031,58.17200371609886,55.70488808461069,57.39291456931312,3682825
2012-03-19,56.01652526855469,56.32815881450134,54.74401017494357,56.19831062310083,3294232
2012-03-20,55.80876159667969,56.50994318324779,55.3153392131927,56.016520799760805,3413743
2012-03-21,56.48397445678711,56.82157832820075,55.41921863734475,55.782792850180385,3430274
2012-03-22,55.18549728393555,56.4580088978314,54.69207132219261,56.094434654197975,3948023
2012-03-23,55.9386100769043,56.198306440376655,54.89982462301486,55.367276668322155,3647743
2012-03-26,55.02967834472656,55.834737857009706,54.6661041037348,55.57504146739306,4778733
2012-03-27,54.92579650878906,55.652944938021996,54.432370586426586,55.57503743573184,5834802
2012-03-28,55.15951919555664,55.523093388141874,54.66609682545117,55.18548953553214,4875221
2012-03-29,54.95176696777344,55.31534472882935,54.536255564894155,55.15952619157077,12199593
2012-03-30,56.172340393066406,56.79561453092565,54.95176598250929,54.95176598250929,8544753
2012-04-02,56.406070709228516,56.79561528941397,55.91264475644079,56.146374322438206,8676278
2012-04-03,57.185157775878906,57.39291346876152,56.35412795963335,56.69173184115699,3566758
2012-04-04,57.574703216552734,57.808429255186134,56.74367338768108,57.1591883021169,3850338
2012-04-09,56.977394104003906,57.57469783844747,56.38009389191762,57.18515330299365,4475284
2012-04-10,57.34097671508789,57.808432339654196,56.66576890575511,56.97740246644152,4598397
2012-04-11,58.01618576049805,58.17200429587971,56.63979632973495,56.63979632973495,4023851
2012-04-12,58.04215621948242,59.10690858161067,57.70455232744532,57.99021553346549,5102969
2012-04-13,58.172000885009766,58.847212150501385,57.41888211757419,58.172000885009766,6602489
2012-04-16,58.094093322753906,58.56154537864725,57.782456270586714,58.14603048321014,4350870
2012-04-17,59.003028869628906,59.1588438687446,57.65260638000581,57.730513879563645,9477019
2012-04-18,59.13288116455078,59.86002961887211,58.79527375747777,59.054970137215044,4441325
2012-04-19,59.54838562011719,59.73017447370786,58.847207589889955,58.951085425217265,2496045
2012-04-20,59.13288116455078,59.9119703037626,58.84721444236826,59.3146700393099,2778756
2012-04-23,57.52275466918945,59.47047726218362,57.23708798441222,58.92511423167383,3854809
2012-04-24,57.13322067260742,57.912309853287105,56.743676082267584,57.7045541473823,3169871
2012-04-25,56.32815933227539,57.36694487302811,55.938614754493116,57.02934098122654,3380361
2012-04-26,56.1463737487793,57.548733518647225,55.70488848680345,56.79561470912164,4377198
2012-04-27,56.22427749633789,57.13321478005234,55.96458112956233,56.19830715518885,1965594
2012-04-30,57.78246307373047,58.19797801808913,56.146377163118174,56.146377163118174,3199398
2012-05-02,56.92546463012695,58.094098394236845,56.66576823810254,57.548735266514015,3811572
2012-05-03,56.43203353881836,56.87351877408054,56.172337170395295,56.61382240565747,1452253
2012-05-04,55.445194244384766,56.40607231175096,55.10758681855118,56.14637591758256,5666533
2012-05-07,54.95176696777344,55.575041116807746,53.60134786370039,55.263404042290595,4565509
2012-05-08,54.92579650878906,55.652944938021996,54.56221877181514,54.95176332798081,2959419
2012-05-09,54.14670944213867,55.18549496449279,53.88701306155014,54.562220833194246,2412310
2012-05-10,53.23777389526367,54.718041200840496,52.97807750596693,54.09477057099985,3946438
2012-05-11,52.64046859741211,53.49746877126381,52.04316832786866,53.237772389313164,3389145
2012-05-14,52.588531494140625,52.87419469672456,52.04316838695359,52.45868330301788,2233766
2012-05-15,53.445526123046875,53.67925215374693,51.991225733063544,52.5106184778892,3494080
2012-05-16,54.30252456665039,54.6920691383513,52.45868307848553,53.13389085154768,4435353
2012-05-17,54.40640640258789,55.47116227882049,53.93895079913187,54.53625459426607,4208594
2012-05-18,54.58818435668945,55.13354739227134,53.26373227666406,53.938943486319864,4935351
2012-05-21,53.99089050292969,55.00370567513007,53.62731627731385,54.48431291786243,1491370
2012-05-22,53.86104202270508,54.30252375058355,53.54940496108465,54.19864590416259,2362045
2012-05-23,53.809104919433594,54.51028659356602,53.107926767658945,53.96492346061389,3087547
2012-05-24,54.71803283691406,54.95175884708339,53.21179541817198,54.22461047714388,2135683
2012-05-25,54.06879425048828,54.53624981296152,53.8870089114909,54.27655345237327,1446600
2012-05-28,55.26340103149414,55.75682695965699,53.7571634722236,53.7571634722236,890739
2012-05-29,55.756832122802734,56.22428423004018,54.95176906255123,55.93861748790271,5201353
2012-05-30,55.10758590698242,55.91264542005903,54.76998200909112,55.70488971710404,4048557
2012-05-31,55.13355255126953,55.575037793374705,54.56221912294019,54.61415980637285,8033660
2012-06-01,53.8350715637207,55.00370525872577,53.497467682995584,54.795949566334556,3787828
2012-06-04,54.04282760620117,54.25058682229579,53.03001243510727,53.497468029551996,3267896
2012-06-05,55.02967834472656,55.67891931876818,54.276559519309835,54.48431522206006,12393979
2012-06-06,56.9514274597168,57.70454976168746,55.05564533975703,55.05564533975703,9494285
2012-06-07,56.12040328979492,57.52276305676172,55.834736563363734,56.95142960389934,4231838
2012-06-08,55.57503890991211,56.35412804290952,54.925797965747606,55.990553818648905,3997879
2012-06-11,55.70488739013672,56.354128337697404,55.57503920062458,56.09443195867313,2205393
2012-06-12,55.91264343261719,56.17233981325876,55.08161360562113,55.52309886165484,3376544
2012-06-13,55.88667678833008,56.224280675283616,55.39325084567207,55.83473610309526,2496726
2012-06-14,54.89983367919922,56.146378542908906,54.53625941483478,55.60101538518329,6671985
2012-06-15,55.08161163330078,55.44518937106634,54.76997810110419,55.159522658118036,10286920
2012-06-18,55.601009368896484,55.83473540481495,54.89982773878351,55.31534264839277,3027005
2012-06-19,56.48397445678711,57.081274697705844,55.36727795450075,55.601007504941286,9746993
2012-06-20,56.30218505859375,57.08127415976682,56.09442937389056,56.27621823977391,8882639
2012-06-21,57.00336837768555,57.08127588120941,55.523097631872126,55.83473469068259,4083003
2012-06-22,57.1591911315918,57.496795034956705,56.483979802504194,56.61382799954574,7332263
2012-06-25,56.01652526855469,57.36694434570545,55.70488820025041,56.951429428752284,5097127
2012-06-26,57.0553092956543,57.13321679949774,55.73085707381304,55.73085707381304,1992235
2012-06-27,57.02933883666992,57.86036512460723,56.66576461555001,57.1332166823674,5727518
2012-06-28,56.977394104003906,57.54872749827909,56.458001390065476,57.13321262265689,3083553
2012-06-29,58.97706604003906,59.52242917347093,57.28903947420953,57.31500981815539,7486892
2012-07-02,58.483642578125,59.184824240688556,58.327824039515576,59.003035358584604,2634447
2012-07-03,57.990211486816406,58.95108945457451,57.704548300730266,58.847211612147056,4091332
2012-07-04,58.69139862060547,58.899154325047064,57.8084315931921,58.06812798492295,3061761
2012-07-05,59.366607666015625,59.62630406319178,58.431703454067694,58.69139985124386,2830305
2012-07-06,58.69139862060547,59.47048779579806,58.19797618078839,59.210791404067194,3797719
2012-07-09,58.58751678466797,58.69139462982549,58.2239425654379,58.61348712654672,2397364
2012-07-10,58.76930618286133,59.08094326216611,58.04215769429384,58.12006520294116,3199920
2012-07-11,59.02899932861328,59.47048457962324,58.53557691548057,58.53557691548057,2903254
2012-07-12,58.40572738647461,59.003031154862356,58.22394203967984,59.003031154862356,2728401
2012-07-13,58.19797134399414,58.69139374280322,58.04215281743405,58.48363805562807,1672753
2012-07-16,58.509605407714844,58.79527212195088,57.70454947080985,58.04215334613404,3148848
2012-07-17,58.30185317993164,58.71736810509272,58.12006429943689,58.58751991112723,2407572
2012-07-18,57.75648880004883,58.45767044109953,57.52276276048447,58.22394440153517,2516255
2012-07-19,58.172000885009766,58.587515780878256,57.912304515386644,58.14603054357597,2171498
2012-07-20,57.78246307373047,58.43170407355405,57.54873701826555,57.80843341819498,1581366
2012-07-23,56.76964569091797,57.65261271311547,56.63979749581958,57.470823831034636,2728477
2012-07-24,57.62663650512695,58.3537884370924,56.56188070920576,56.69172889108987,8366909
2012-07-25,57.52275466918945,57.860358509698926,56.38009145243763,57.470813991100094,6131518
2012-07-26,58.04215621948242,58.43170079753646,57.23709672036588,57.62664129841992,10181302
2012-07-27,59.392578125,59.73018201301635,58.22394440475593,58.847215017747914,4785341
2012-07-30,61.36626434326172,61.54805320952141,59.2107859011635,59.44451544988522,10354713
2012-07-31,61.78178405761719,62.690721363317294,61.366265633896724,61.39223949803143,13034800
2012-08-01,61.807762145996094,62.06745856640182,61.0806135778033,61.54806572559036,5116745
2012-08-02,61.340301513671875,61.93760178904375,61.23642014199186,61.340301513671875,5172210
2012-08-03,61.44416809082031,61.83371261841505,60.613145401056386,60.95074924936228,3992386
2012-08-06,62.56087112426758,62.89847498922266,61.5999931665379,61.781782030656714,3989076
2012-08-07,61.57402420043945,62.768631799149354,61.18447962265226,62.456994727976536,5499481
2012-08-08,61.78178405761719,61.96356588298523,61.44417313687088,61.67790269050833,5783459
2012-08-09,61.83372116088867,62.456995309032806,61.47015044506741,61.85969502647865,4304923
2012-08-10,62.093414306640625,63.13220684755131,61.39223973248055,61.781784293553926,4906011
2012-08-13,62.275203704833984,62.45699257715082,61.340299568226065,61.80775163653002,2775124
2012-08-14,62.353111267089844,62.794596516067955,61.62596282185739,61.62596282185739,3520379
2012-08-16,62.37908172607422,63.62562285623607,61.677900138884844,62.327141044668586,3368688
2012-08-17,61.1065673828125,62.84653443776303,60.37941896954333,62.5089305721075,4100386
2012-08-21,62.093414306640625,62.45699204819511,60.5352360623471,60.794932436396024,2904667
2012-08-22,61.78178405761719,62.11938793364852,61.39223949803143,61.57402132339947,1988035
2012-08-23,61.00269317626953,61.93759727438292,60.665082265275736,61.93759727438292,4652302
2012-08-24,60.82090377807617,61.470144686271134,60.353451733118746,60.768963096477634,5080546
2012-08-27,61.44416809082031,61.651930807975695,60.639112218343605,60.665079035630825,1296282
2012-08-28,63.10623550415039,63.885324657418536,61.39224218484658,61.5480571976141,4356311
2012-08-29,61.83372116088867,63.833384754409444,61.444176579477435,63.36593266565903,6345767
2012-08-30,63.236087799072266,63.88532880225133,61.392246167930026,61.781790769837464,9698034
2012-08-31,62.04148483276367,63.21011859444015,61.703873888062525,63.21011859444015,6414695
2012-09-03,63.132205963134766,63.36592846967558,62.35310980718733,62.37908367105736,3891463
2012-09-04,64.37875366210938,64.7682982572372,62.846542103387016,62.846542103387016,8607402
2012-09-05,63.72950744628906,64.6384447604146,63.49577789048505,63.88532245368171,5181748
2012-09-06,62.89847946166992,63.70353543109273,61.96356825603042,63.70353543109273,2059057
2012-09-07,63.313987731933594,63.80741365317373,63.10623204472745,63.625624785100264,1292419
2012-09-10,63.3399658203125,63.885325416191385,62.84653986616276,63.02832874636084,2343064
2012-09-11,62.8205680847168,63.3139869551887,62.431023534216166,62.976383087031124,1345773
2012-09-12,63.05429458618164,63.31399096964826,62.4050536275151,63.10623527181802,2846913
2012-09-13,62.924442291259766,63.67756457208932,62.58683842371075,62.69071978820959,2572173
2012-09-14,62.32714080810547,63.80741147661696,61.75580740424134,63.36592625341674,13519349
2012-09-17,61.08060836791992,62.898483155704014,60.743004459131726,62.7426610899217,12665195
2012-09-18,61.1065673828125,62.22326034369531,60.76896351715697,61.13254124614894,8408810
2012-09-20,60.639122009277344,61.392244368780496,60.249577418785826,60.249577418785826,6301939
2012-09-21,62.456993103027344,62.846537670679716,60.898814832417855,60.898814832417855,8707245
2012-09-24,61.340301513671875,63.10623551922512,61.02866444334712,62.43102773745089,7593484
2012-09-25,60.97671890258789,61.937596857620164,60.04181481076524,61.70386731230714,11733607
2012-09-26,60.76896286010742,61.262388766302216,60.40538513504655,60.76896286010742,9302273
2012-09-27,60.639122009277344,61.47015187793569,60.27554424026571,60.82091089378316,12478679
2012-09-28,62.58684539794922,62.690726774023865,61.02866702512304,61.02866702512304,8847242
2012-10-01,62.353111267089844,62.84653720030922,61.70387032586175,62.353111267089844,5138030
2012-10-03,61.1065673828125,62.84653443776303,60.92477851831652,62.32714170761152,12133968
2012-10-04,61.28836441040039,61.80775720973064,60.509275211405026,61.444179432313184,7257841
2012-10-05,61.39224624633789,61.859698360280674,61.288364867810266,61.67790947021522,11584935
2012-10-08,61.65193557739258,62.04148013512263,60.7949319146145,61.288357838958554,6807880
2012-10-09,62.4310302734375,62.58684529257154,61.21045580783563,61.85969679542007,5205666
2012-10-10,62.04148483276367,62.66475194549517,61.288362479574864,62.22326667102985,7436554
2012-10-11,61.88565444946289,62.63877670138157,61.59999127512934,62.32713966456299,5476615
2012-10-12,62.301177978515625,62.53490049184529,59.73018101888355,61.807752042516704,2847441
2012-10-15,61.7298469543457,62.82057319339009,61.52209125279329,62.11939153652474,7208908
2012-10-16,61.600006103515625,62.171339634428975,61.41821720121826,61.85970252259295,4006297
2012-10-17,62.19729995727539,62.327148153241666,61.54805897744403,62.01551107397951,2639928
2012-10-18,62.6387825012207,62.79459751169992,62.015508369873466,62.32714543554708,2525746
2012-10-19,62.01551055908203,62.586844025533104,61.807754856204035,62.327147635756745,3153069
2012-10-22,61.600006103515625,61.91164321535165,61.26240216765836,61.52209858673568,4657141
2012-10-23,61.00269317626953,61.62596022677353,60.9247786308311,61.366263861218165,3935245
2012-10-25,60.61315155029297,61.288359315404946,60.30151448765855,61.18447794628844,12050023
2012-10-29,59.704219818115234,60.01584986521759,59.28870134745247,59.28870134745247,2123473
2012-10-30,58.79527282714844,59.91196935576355,58.58751713558901,59.782121167949526,2570824
2012-10-31,59.210784912109375,59.470481275366744,58.717362526391845,59.02899604888627,1852024
2012-11-01,60.743003845214844,60.976726374452646,59.886000103862806,59.886000103862806,4524439
2012-11-02,61.28836441040039,61.444179432313184,60.82091229994631,61.08060869961143,4726469
2012-11-05,60.79492950439453,61.28835540917667,60.66508132363235,61.23641472792886,3632141
2012-11-06,62.145355224609375,62.27520341212321,60.50926947087804,61.132543588830465,4718509
2012-11-07,62.32714080810547,62.63877785064179,61.80774808544984,62.06744444677766,4694784
2012-11-08,61.7298469543457,61.96356947682389,61.39224305873361,61.781787640912654,3005197
2012-11-09,62.093414306640625,62.79459592551571,61.49611405527111,61.65193610652947,5518512
2012-11-12,62.32714080810547,62.716685350097194,62.14535194623306,62.14535194623306,5986709
2012-11-15,62.275203704833984,62.482959396889626,61.625962764213185,61.8596923207227,11277862
2012-11-16,61.85969543457031,62.30118070535863,61.444176984827905,62.223266152790075,7952790
2012-11-19,62.353111267089844,62.53490013957672,61.65193668633556,61.859692378585535,4682624
2012-11-20,63.417869567871094,63.599658437291765,62.37908407942722,62.40505089875234,5826060
2012-11-21,62.37908172607422,63.5996560378906,61.989537182603975,63.417867175328205,8050611
2012-11-22,61.85969543457031,62.66475142357839,61.65193973205682,62.45699572106489,3266009
2012-11-23,62.19729995727539,62.84654093710675,61.72984786073991,62.06745176130912,2809752
2012-11-26,62.5349006652832,62.63878203463902,61.833719033919294,62.327144971286714,2935121
2012-11-27,61.57402420043945,62.820572485130704,61.4182091872107,62.586842920572266,7105541
2012-11-29,61.236412048339844,61.8337122447662,60.71701934801877,61.548049077475355,15583782
2012-11-30,61.236412048339844,61.729837931530604,60.92477501920433,61.39223408526478,9986088
2012-12-03,61.78178405761719,61.859691560591344,61.05462857728512,61.366265633896724,5791740
2012-12-04,62.56087112426758,62.84653430737232,61.65193384838824,61.781782030656714,8486828
2012-12-05,62.40504837036133,62.976381774800416,61.8077481476492,62.71668541321125,7991825
2012-12-06,62.353111267089844,62.638781508059246,61.62596282185739,62.58684082381798,3888336
2012-12-07,61.65193557739258,62.56087287876271,61.34029852226555,62.48295833144474,3172271
2012-12-10,61.57402420043945,61.885661271612264,61.28836099461497,61.703872393035184,2674532
2012-12-11,61.028663635253906,61.911634148696585,60.92478226494941,61.80775277839208,5034484
2012-12-12,60.8988151550293,61.47014859955578,60.66508559531364,61.262392904650284,6283865
2012-12-13,61.41820526123047,61.67790162982159,61.080601391004976,61.23641639427371,7727857
2012-12-14,60.37942123413086,61.39223991379895,60.11972485931494,61.39223991379895,6097530
2012-12-17,60.43136215209961,60.87284739993964,59.96391008456343,60.4053882876884,3910978
2012-12-18,60.82090377807617,61.23641514143506,60.30151105152021,60.768963096477634,4553554
2012-12-19,60.35345458984375,61.13254371655452,59.86002865837424,61.054629168111404,6136261
2012-12-20,60.145694732666016,60.717028195212144,59.989879717751336,60.717028195212144,2121800
2012-12-21,59.57436752319336,60.119727112863224,59.47048615148706,60.041819606441145,3053451
2012-12-24,59.41854476928711,60.22360777878791,59.132881567515504,59.62630046554966,2156093
2012-12-26,59.885990142822266,60.35344921297499,59.52241947624332,59.62629379038827,2963625
2012-12-27,58.92512512207031,60.24957743455978,58.74333975987467,59.911973531655185,7464142
2012-12-28,58.95109558105469,59.93794047020924,58.327824939359296,59.41854768173678,6441596
2012-12-31,59.6003303527832,59.73017853636349,58.89914875250666,58.951089434881744,1528669
2013-01-01,59.13288116455078,60.04181849363124,59.054970137215044,59.80808893398163,6397127
2013-01-02,58.74333190917969,59.6262953030262,58.639450547684994,59.26272462722396,10823940
2013-01-03,59.2886962890625,59.600333354292395,58.769303528584395,59.10690741395213,7768126
2013-01-04,59.704219818115234,59.808094152244095,58.977067777992225,59.47049023807269,7374977
2013-01-07,59.41854476928711,59.80808934154759,58.97706303413978,59.73018183603854,5751436
2013-01-08,60.48330307006836,60.63911807827787,59.21078800573542,59.236754825531975,7147399
2013-01-09,60.01584243774414,60.742997910233335,59.782119931342535,60.63911654424491,8208348
2013-01-10,59.15884780883789,60.613151757874014,58.951092114608485,60.09375899994293,5482985
2013-01-11,58.76930618286133,59.31467283282356,58.613491165566685,59.26273214548685,7053838
2013-01-14,58.19797134399414,59.3666014873012,58.04215281743405,58.743334425775735,10369465
2013-01-15,57.678585052490234,58.7433409936129,57.574707197288525,58.431703905649925,7333310
2013-01-16,58.19797134399414,58.37975668968304,57.34097120909236,57.652608262212546,12729863
2013-01-17,58.509605407714844,58.71736461913991,57.782456973620825,58.22394221583629,8720890
2013-01-18,59.704219818115234,59.96391622051105,58.17200822609363,58.53558248497619,11437257
2013-01-21,59.15884780883789,59.782121936241246,58.795273582757645,59.39257736779294,5767870
2013-01-22,58.95109558105469,59.86003296088148,58.587521333595525,59.26273266308127,5102821
2013-01-23,58.249908447265625,59.522423477622446,57.938274916809675,59.21078642480905,4125262
2013-01-24,57.62663650512695,58.457666278128215,57.49678832324284,58.275877414547516,7597320
2013-01-25,57.65260696411133,57.99021082875886,57.289032758562286,57.289032758562286,5876853
2013-01-28,58.12006378173828,58.30185266061376,57.003370732525056,57.704552382636024,4530765
2013-01-29,58.22394561767578,58.89915340777439,57.75649000642556,57.99021605087182,8933771
2013-01-30,57.91231155395508,58.58752290151078,57.574707641356156,58.17200795514128,6691139
2013-01-31,57.23709487915039,58.146032198704255,56.925461340146455,57.75648763318117,10621030
2013-02-01,57.366943359375,57.75648792687896,57.08127663873392,57.211124827901905,6533829
2013-02-04,57.75648880004883,58.01618518231093,57.39291456935342,57.418884912051155,4150438
2013-02-05,56.92546463012695,57.62664277517824,56.71770540309277,57.52276492284002,2184943
2013-02-06,56.795616149902344,57.47082394790081,56.613827267451846,57.15919039244561,2852740
2013-02-07,57.9642448425293,58.35378939457336,56.87351868786295,56.87351868786295,5059086
2013-02-08,57.78246307373047,58.58752261798328,57.44485916276535,58.17200767362462,5162866
2013-02-11,58.45766830444336,58.56154614907989,57.31500496872657,57.912305217154724,3760946
2013-02-12,58.613487243652344,59.91196911660935,57.860364939451266,58.01618346867761,9796530
2013-02-13,57.081275939941406,59.7301803754833,56.769642403167815,59.7301803754833,7821046
2013-02-14,54.89983367919922,57.340979194055194,53.9389555669037,57.133223477949215,14843823
2013-02-15,54.87385940551758,55.18549647972348,53.75716634726885,54.328496286836085,8479053
2013-02-18,56.22427749633789,56.82157773097871,54.66609929568454,54.66609929568454,8321446
2013-02-19,56.30218505859375,56.43203324212259,55.67891448212678,56.224277557419406,8484570
2013-02-20,56.172340393066406,56.95142954303282,55.782795818083194,56.35412927033496,7964693
2013-02-21,55.497127532958984,56.58785012963006,55.237427651057516,55.99054991162142,6464828
2013-02-22,56.63978958129883,56.87351559534484,55.57503382580338,55.88667085943623,14054231
2013-02-25,58.19797134399414,58.301849187581716,56.743670966695696,56.873519151769536,15983553
2013-02-26,57.62663650512695,58.120058891815106,57.23709195947462,58.120058891815106,17614848
2013-02-27,56.561885833740234,58.094097336677756,56.40607081924827,57.912308456626896,9561570
2013-02-28,54.17267608642578,57.13321763340892,53.00404237757167,56.925461938555664,11505348
2013-03-01,56.06846237182617,56.61382547959747,54.17267666598858,54.899828650469516,9664596
2013-03-04,56.32815933227539,56.8735224456421,55.21146276255162,56.09443329007756,5835406
2013-03-05,56.406070709228516,56.61382640971769,55.31534447576615,56.38010036607795,4342564
2013-03-06,55.91264343261719,56.61382506929246,55.75682842211832,56.40606937372225,2348098
2013-03-07,56.19831466674805,56.509951757475605,55.65295151915376,55.65295151915376,3784471
2013-03-08,57.13322067260742,57.211128181732285,56.1204054421954,56.561887197832554,5865486
2013-03-11,57.34097671508789,57.52276560058998,56.613828217795145,57.107250663983635,3872022
2013-03-12,56.74366760253906,57.44484916930986,56.146367395554485,57.44484916930986,5729772
2013-03-13,57.02933883666992,57.263064870078615,56.50994608582504,56.66576461555001,4784709
2013-03-14,56.9514274597168,57.13321633033541,56.483975395779666,56.92546064022057,4923712
2013-03-15,56.613826751708984,57.15918987173458,56.32816002004247,56.82158245345317,4917271
2013-03-18,56.48397445678711,56.613822641539656,56.35412627203456,56.561881958695665,3593844
2013-03-19,55.62697982788086,56.82158035227181,54.56222044815271,56.58785431586304,5195989
2013-03-20,54.19864273071289,55.52309488151383,53.9129760280135,55.34130601915312,5025753
2013-03-21,52.77031326293945,54.69206565651542,52.38076871603794,54.0168579264387,4921271
2013-03-22,53.21179962158203,53.60134417675497,52.38076982827011,52.79628472492607,8653798
2013-03-25,53.96492004394531,54.3025239264965,53.4974679723579,53.70522366587285,4166875
2013-03-26,54.5362548828125,54.69206989576462,53.75716572862133,53.75716572862133,3767435
2013-03-28,54.95176696777344,55.263404042290595,54.06879995311843,54.51028522162478,4534130
2013-04-01,54.79594802856445,55.28937042591456,54.40640347449478,54.66609984387456,1691135
2013-04-02,55.315345764160156,55.912646058746994,54.58819375079601,55.02967902756559,4652635
2013-04-03,55.15951919555664,55.36727487064613,54.82191182058966,54.9777303380854,2361750
2013-04-04,54.27655792236328,55.28937310759721,53.91298016971113,54.92579887730267,3713922
2013-04-05,54.35446548461914,54.53625436113454,53.88701340551901,53.88701340551901,8205260
2013-04-08,54.09476852416992,55.0556465371534,53.75716463980144,54.53625377821262,3096875
2013-04-09,53.65327835083008,55.15951932707049,53.393581995170415,54.30251923997924,2293912
2013-04-10,54.328495025634766,54.43237287383938,53.445528032359135,53.78313191961353,1905585
2013-04-11,53.78313064575195,54.43237158460043,53.57537495426345,54.43237158460043,3329986
2013-04-12,54.79594802856445,54.97773337371584,53.52343300071755,53.52343300071755,1819318
2013-04-15,54.04282760620117,54.536253542952416,53.83507191246411,54.536253542952416,2619515
2013-04-16,55.523101806640625,56.04249459547273,54.016864127970614,54.042830949526,2546545
2013-04-17,55.523101806640625,56.172342792680766,55.18549790284286,55.523101806640625,3775629
2013-04-18,55.57503890991211,56.04249098076754,54.6661015880818,55.133553658937224,5080676
2013-04-22,56.82158279418945,57.44485694787492,55.18549694665941,55.18549694665941,5577118
2013-04-23,56.977394104003906,57.13321262265689,56.458001390065476,56.61381990871846,2951714
2013-04-25,57.0553092956543,58.32782083336157,56.094431295678326,56.66576473172202,7103973
2013-04-26,57.28903579711914,57.49679149063566,56.87352088772856,57.26306545484019,3417359
2013-04-29,57.366943359375,57.86036577374183,56.899491287313275,56.899491287313275,5263605
2013-04-30,58.275882720947266,58.769305152564755,56.87352293337631,57.23709717128616,5652599
2013-05-02,59.6782341003418,59.98987113027609,57.78245214825357,57.808422487807626,7787838
2013-05-03,58.172000885009766,59.83406046848372,57.990212017330606,59.15884568063466,3489204
2013-05-06,58.22394561767578,58.66542736332813,57.54873430521947,57.938278886749146,1570856
2013-05-07,58.53557205200195,59.08093510430301,57.34096810942756,58.12005717775556,4295563
2013-05-08,59.6003303527832,59.8080860375687,58.50960420176579,58.50960420176579,4623152
2013-05-09,58.95109558105469,59.83406613934408,58.587521333595525,59.73018476376337,3439496
2013-05-10,58.35379409790039,59.49645398249934,58.17200521668464,58.613490486861345,3388720
2013-05-13,58.275882720947266,58.691397645283246,57.860367796611285,57.96424916946354,3486486
2013-05-14,59.392578125,59.80808951875625,58.327822253194995,58.327822253194995,5187764
2013-05-15,59.08094024658203,60.041818256762255,58.691395678512905,59.52242549933675,7598979
2013-05-16,59.15884780883789,59.86002944098789,58.795273582757645,58.821243925125714,7843384
2013-05-17,60.275543212890625,60.71702848353249,59.08094264029772,59.21079083491501,4225774
2013-05-20,59.366607666015625,60.301518922679186,59.21079264559618,60.24957823430083,6051683
2013-05-21,58.53557205200195,59.67823531441158,58.094090360030435,59.26272396252245,3901355
2013-05-22,58.509605407714844,58.743334960862725,58.120060848945016,58.69139427741709,4300192
2013-05-23,56.92546463012695,58.613491178285685,56.61382755075455,58.249913411565295,5416658
2013-05-24,56.613826751708984,57.548734454273195,56.14637466160573,57.548734454273195,4295474
2013-05-27,58.249908447265625,58.53557515861833,56.61382272588891,56.71770056937422,1976291
2013-05-28,58.43170166015625,59.05497228977245,58.1200645841693,58.35379415233837,3947350
2013-05-29,58.95109558105469,59.184825153753515,58.27588425156894,58.66542884292328,4123634
2013-05-30,59.41854476928711,59.73018183603854,58.249911052505645,58.79527415814185,4814631
2013-05-31,58.84721755981445,59.73018459322507,58.50961013485661,59.704217771761805,8210037
2013-06-03,57.8603630065918,58.899148470256165,57.47081845771766,58.87318165155047,2337051
2013-06-04,58.79527282714844,59.132880228879415,57.75648732463625,57.75648732463625,6339450
2013-06-05,58.40572738647461,58.63945341655787,58.1460310147471,58.4576680697631,2941759
2013-06-06,58.19797134399414,58.48363805562807,58.016182475947794,58.016182475947794,3741327
2013-06-07,57.4708251953125,58.53558112486666,57.36694734123942,57.67858442581647,3373193
2013-06-10,57.13322067260742,57.912309853287105,57.02934281965502,57.652613459727206,4178032
2013-06-11,56.01652526855469,58.09409633096289,55.730858543002036,56.79561441695777,4988953
2013-06-12,56.09442901611328,56.821577430294006,55.67891412699971,56.09442901611328,1985386
2013-06-13,54.92579650878906,56.30218586496478,54.7180372987529,55.704885621120404,3320850
2013-06-14,56.665767669677734,56.873523372270135,55.05564864633463,55.18549684104431,5440747
2013-06-17,56.19831466674805,56.84755567046556,55.57504400765081,56.63979995821911,1761508
2013-06-18,56.30218505859375,56.97739631741523,55.75682550565853,56.09442937389056,2599492
2013-06-19,55.83473205566406,56.198306258879704,55.49712819318326,56.06845807756288,3158484
2013-06-20,54.97773742675781,55.73085977136646,54.82191888917128,55.67891908471838,3936637
2013-06-21,55.678916931152344,55.912642967313175,54.53625357031019,54.87385745339165,8100913
2013-06-24,55.00370788574219,56.35413051785488,54.56222261537827,55.367282125970156,7726193
2013-06-25,53.54940414428711,55.57503796920752,53.00404105594864,55.15952306750404,5865050
2013-06-26,55.05564498901367,55.26340067780496,53.21180004215046,53.39358538925347,9917951
2013-06-27,55.341304779052734,56.09442702993609,54.97773058483572,55.31533796131794,10124040
2013-06-28,57.808433532714844,58.223948477896656,55.575043784425745,55.575043784425745,13955319
2013-07-01,58.63945388793945,58.847213100406044,57.392912702569916,57.392912702569916,4880398
2013-07-02,57.83440017700195,58.58751898563335,57.44485560125906,58.22394475274485,4836103
2013-07-03,56.25025177001953,57.522763351711326,55.99055538508824,57.522763351711326,3203552
2013-07-04,55.91264343261719,56.87352144993403,55.18549497576383,56.354128688650896,5239017
2013-07-05,55.88667678833008,56.561884562237154,55.47116187352431,56.09443248455416,2878063
2013-07-08,54.69207000732422,55.83473692035484,54.432373622064105,55.83473692035484,5074736
2013-07-09,57.0553092956543,57.13321679949774,54.97773476565794,55.211460799545804,5626482
2013-07-10,56.172340393066406,57.70455187255314,56.01652538095922,57.366944460819774,6811029
2013-07-11,57.31500244140625,57.860361982289625,56.69172835635553,57.1072432389369,5779104
2013-07-12,57.28903579711914,57.52276183291461,56.12040209578424,57.49679149063566,3580274
2013-07-15,57.1591911315918,57.62664323199825,56.6397983434256,57.107250443832065,2918182
2013-07-16,57.23709487915039,57.600669102500426,56.25025005543493,56.25025005543493,2477162
2013-07-17,57.60066604614258,58.27587729502661,57.029336160438675,57.185154682851504,9890923
2013-07-18,57.65260696411133,58.01618116966037,57.26306241766078,57.41888094071248,5820812
2013-07-19,57.83440017700195,58.068126217976165,57.44485560125906,58.068126217976165,4552788
2013-07-22,57.73051452636719,58.06812191373413,57.28903281999755,57.49678850271769,2515956
2013-07-23,57.21112823486328,58.301854497770876,56.717705791112806,58.301854497770876,5415186
2013-07-24,57.13322067260742,57.47082457529218,56.48397968870769,56.66576857314273,2594203
2013-07-25,57.21112823486328,58.04215810396981,55.211464593651954,57.444857807170465,4206471
2013-07-26,56.276222229003906,57.522763470300916,56.120403693252364,57.392915277567575,5399927
2013-07-29,56.1463737487793,56.95142972171769,55.75682917257389,56.71770368046597,2056881
2013-07-30,54.82191467285156,56.198307539591134,54.3544626184011,56.146370379295206,1322467
2013-07-31,52.5106201171875,54.53625399865913,51.03034933927969,54.068798400308324,6050144
2013-08-01,53.4195556640625,53.990889091059465,51.41989219193058,52.35479983503586,4448345
2013-08-02,47.446537017822266,52.121071504699835,44.95345125368276,51.419889922725275,31014744
2013-08-05,48.4593505859375,49.23843964243902,45.55075003272228,47.75816902614325,15799229
2013-08-06,48.58919906616211,49.60201414148229,48.01786920123245,48.30353237251867,14382559
2013-08-07,48.4593505859375,49.31635066150349,48.06980605768674,48.8229247745001,5717703
2013-08-08,49.86171340942383,50.38110614736499,48.56323156457093,48.71905009042476,6778874
2013-08-12,49.39426040649414,50.588864385309485,49.13456404250634,50.12140881671703,9452703
2013-08-13,49.93962860107422,50.121413961109454,48.82293200789608,49.316357968003345,2256717
2013-08-14,50.43305587768555,50.97841905483226,49.627996284979275,49.86172235451127,9066232
2013-08-16,50.90050506591797,51.44586821144859,49.60202306339643,50.433052953953364,16654810
2013-08-19,50.12141036987305,50.74468448064359,49.21247306774972,50.43304742525832,5042098
2013-08-20,50.0954475402832,50.381110754386924,49.26441767464215,50.12141436166881,5439143
2013-08-21,50.692745208740234,51.34198615690525,50.19932279260634,50.35514132463745,17512680
2013-08-22,50.95244216918945,51.29004605714307,49.8876862975823,50.38110871934436,11299648
2013-08-23,50.79662322998047,51.004382447519504,50.17335262207854,50.79662322998047,19297499
2013-08-26,50.87453079223633,51.1342271547033,50.48498624853588,50.744682611002844,24410353
2013-08-27,49.705902099609375,53.62731826693994,49.238446487310895,50.90050266775974,13466053
2013-08-28,48.745025634765625,50.27723367076619,47.862058590490534,49.34232593820994,11398478
2013-08-29,50.536922454833984,51.16019300853261,48.693077611609375,48.693077611609375,15533827
2013-08-30,50.71871566772461,51.082289895061244,48.71905213383673,50.32917109793016,8242572
2013-09-02,51.41988754272461,51.679583891086494,50.484983506507554,50.74467985486944,15403306
2013-09-03,49.679927825927734,51.93928763406222,48.900838722758245,51.679587743981635,4877060
2013-09-04,50.04350280761719,50.32916952098729,48.90083947649425,49.13456550657616,4850453
2013-09-05,49.96559524536133,52.173014402395765,49.342321136077395,50.66677333476955,9746210
2013-09-06,51.393924713134766,52.147043477342976,49.394261266662944,49.83574650207333,7041237
2013-09-10,53.1079216003418,53.783129342496785,51.54973986250528,51.54973986250528,8723482
2013-09-11,51.41988754272461,53.445521173361605,50.92646518530846,52.926128476637835,5150080
2013-09-12,51.41988754272461,52.27688760573312,51.03034302018178,51.679583891086494,5409563
2013-09-13,51.80944061279297,52.04316664451709,51.13422933708967,51.16019615655875,6331674
2013-09-16,53.26374053955078,53.99089254058323,51.523776850451306,51.809443582201276,14084730
2013-09-17,52.74435043334961,53.26374323651853,51.18617202384283,53.00404683493407,5923058
2013-09-18,52.14704513549805,52.718378573330625,51.3679560051941,52.198985819794665,4635243
2013-09-19,52.14704513549805,54.094767961257915,51.54974135551716,53.39358633504135,10203659
2013-09-20,52.77031326293945,53.263735651209885,52.198983374231666,52.328831556532165,15290056
2013-09-23,51.549739837646484,52.40673996916117,51.341984151292436,51.99122507409563,3730187
2013-09-24,51.497802734375,51.8613769470767,50.92646931273129,51.18616568214072,8304198
2013-09-25,52.1989860534668,52.380771404603635,51.004382010514846,51.41989339731765,5150528
2013-09-26,51.575714111328125,52.069140068164884,51.18616952794608,51.93929187370421,6791644
2013-09-27,51.393924713134766,52.147043477342976,51.18616550491212,51.575710057677476,4575709
2013-09-30,50.926475524902344,51.39393116027547,50.25126417760197,51.00438655864347,5763141
2013-10-01,51.41988754272461,51.52376889995509,50.84855768974276,51.03034302018178,4024187
2013-10-03,51.88734817504883,52.069137045684485,51.21213689857602,51.93928885876116,11166670
2013-10-04,50.87453079223633,51.67958669799804,50.744682611002844,51.67958669799804,16408671
2013-10-07,50.926475524902344,51.00438655864347,50.147386321638336,50.666779123814344,3643908
2013-10-08,51.03034973144531,51.316016456684316,50.744686528563925,51.21213860814948,7001377
2013-10-09,51.445865631103516,51.62765451128178,50.64080612544756,50.64080612544756,5815351
2013-10-10,51.549739837646484,51.70555836359074,51.03034709940392,51.44586199446946,4045318
2013-10-11,51.393924713134766,51.887347108832735,51.238106187557136,51.7055582419326,2594571
2013-10-14,51.70555877685547,51.88734764563631,51.0563178488631,51.419892064067334,3588795
2013-10-15,51.393924713134766,52.01719529308786,51.03034697933449,51.75749892457762,6566169
2013-10-17,50.692745208740234,51.835408573039146,50.40707848707611,51.29004547210902,7117518
2013-10-18,51.67959213256836,51.939292044702434,50.40708052713575,51.16019935301564,15690831
2013-10-21,51.67959213256836,51.91332170125325,51.44586608624118,51.67959213256836,2023039
2013-10-22,52.95210647583008,53.809103140451874,51.57571351699314,51.57571351699314,9232804
2013-10-23,52.25092315673828,53.65328289151082,52.0951046256841,53.44552719834361,3579487
2013-10-24,51.41988754272461,52.744339623841654,51.004376203231324,52.458676458529304,7207079
2013-10-25,52.04316711425781,52.3288338322135,51.05631877244341,51.731530054241155,5281406
2013-10-28,51.290042877197266,52.40673936495873,51.056316852154254,52.095102316663116,5287076
2013-10-29,52.14704513549805,52.432711854414336,50.90050041359721,51.2121374746618,7086272
2013-10-30,52.01719665527344,52.3288337145896,51.93928915162316,52.276893030584404,3289474
2013-10-31,52.614501953125,53.23777613150384,51.341990296590936,52.432716586396054,8249061
2013-11-01,50.84856033325195,52.926131228155555,50.692741811662714,52.614494184977076,9616570
2013-11-05,49.42024230957031,50.92648016415131,49.10860519093236,50.77066160483233,17767298
2013-11-06,49.9915657043457,50.2512620946692,49.498143267202614,49.498143267202614,9564186
2013-11-07,49.36829376220703,49.99156437797533,49.10859737877377,49.809779022986625,9949028
2013-11-08,49.88768768310547,50.09544690807267,48.64114642273314,48.95277997664736,6427427
2013-11-11,49.835750579833984,50.06947662614612,48.92681321567525,49.80978023638648,7123880
2013-11-12,49.52410888671875,49.96559411709954,49.23844218014043,49.83574593432371,5714533
2013-11-13,49.86171340942383,49.99156159390912,49.10859464388063,49.26441316973447,4914428
2013-11-14,49.86171340942383,50.22529114386859,49.73186522493854,49.91365409216092,2329910
2013-11-18,50.04350280761719,50.225291676768386,49.70589893331637,50.01753246597309,4220710
2013-11-19,49.36829376220703,50.04350506360503,49.004719529872,49.65396048845515,6280476
2013-11-20,48.69308090209961,49.57605139539411,48.589203056523054,49.134566148746856,5017948
2013-11-21,48.511295318603516,48.92681022126017,48.14772109966301,48.82292885382788,4281191
2013-11-22,48.77099609375,48.92681463660259,48.40742184199917,48.40742184199917,7516975
2013-11-25,48.90083694458008,49.13456296256048,48.66711092659968,48.66711092659968,8325845
2013-11-26,48.95277786254883,49.16053707854363,48.48532579068625,48.69308148432349,7679212
2013-11-27,47.862056732177734,49.186509008345524,47.70623819574193,48.69308305590588,4670852
2013-11-28,49.18650436401367,49.342319363379296,47.602355850818654,47.91398937190724,21937834
2013-11-29,49.39426040649414,49.65395677048194,48.5112934734071,49.00471586051245,19972565
2013-12-02,48.615169525146484,49.18650291383345,47.83608046185912,47.83608046185912,12138526
2013-12-03,48.69308090209961,48.82292908965968,48.40741770735346,48.56323271453954,10819239
2013-12-04,49.65395736694336,49.809775891679266,48.459353373778,48.6151718985139,21813713
2013-12-05,50.01753234863281,50.19932121735753,49.42023210400723,50.121410192608025,14177075
2013-12-06,51.393924713134766,51.887347108832735,49.83574650207333,49.83574650207333,25973812
2013-12-09,52.614501953125,52.90016869782232,51.16020140750413,51.6795942079146,30640399
2013-12-10,51.10826110839844,52.71838009992812,50.381109118976994,52.614498728326744,28724268
2013-12-11,50.90050506591797,51.16020146642228,50.459023298475365,50.640808665413665,7491141
2013-12-12,50.87453079223633,51.00437897346981,50.5888640890512,50.744682611002844,9916532
2013-12-13,50.640804290771484,50.978411695677345,50.40707825497977,50.48498928181538,12252500
2013-12-16,51.41988754272461,51.62764673482841,50.27722431440375,50.381102149277076,21800566
2013-12-17,51.264076232910156,51.54973941873622,50.82259100004866,51.10825770823213,18137305
2013-12-18,51.93928909301758,52.822256063607064,49.21247363297172,49.342321820480684,156704650
2013-12-19,51.549739837646484,52.458680651928404,49.9915616229188,50.640802545722,508752991
2013-12-20,51.62765121459961,52.06913645406569,51.03034744812447,51.316014160581496,55032517
2013-12-23,51.783470153808594,51.88734799852235,51.18616638257888,51.41989241377421,27772323
2013-12-24,51.1861686706543,51.783472468584115,51.13423150715452,51.67959109686927,16656973
2013-12-26,51.41988754272461,51.73152456970173,50.56289100207326,50.952435524616085,58569185
2013-12-27,51.83540725708008,51.991225785155386,51.00438097794088,51.41989235633174,17259233
2013-12-30,51.41988754272461,52.04316159667886,51.21213187297796,51.62764673482841,10546799
2013-12-31,51.88734817504883,51.93928885876116,51.34198508549935,51.47183327242268,12881038
2014-01-01,51.67959213256836,51.88735135780408,51.49780677313954,51.8613810143549,3186233
2014-01-02,52.92613220214844,53.18582856879054,51.93928741785138,51.991224577765365,29730385
2014-01-03,52.30286407470703,53.3676199322469,52.017197353558636,52.9261346793487,10720086
2014-01-06,51.88734817504883,52.45868160645447,51.47183327242268,52.45868160645447,6603244
2014-01-07,51.316017150878906,51.93929129523469,51.186168957864396,51.887350609085814,12753362
2014-01-08,51.290042877197266,51.67958742638809,51.16019469413366,51.18616503521786,10653844
2014-01-09,51.34198760986328,51.679591503520115,51.160198730289494,51.290046923597146,12969982
2014-01-10,50.61483383178711,51.67958608743641,50.147378271454855,51.67958608743641,21668655
2014-01-13,50.90050506591797,51.108264299736135,50.2772344091792,50.2772344091792,11775173
2014-01-14,50.61483383178711,51.16019336863878,50.45901531167636,50.848559850774585,6262293
2014-01-15,50.640804290771484,51.67958980305249,50.433048597258306,50.666774633050025,8229009
2014-01-16,51.03034973144531,51.23810895087259,50.71871618584081,50.84856437709876,15169976
2014-01-17,50.510955810546875,51.03034856369314,50.22529261420246,50.90050037540657,11229974
2014-01-20,51.160194396972656,51.36795360208211,50.3811053031163,50.3811053031163,13050752
2014-01-21,50.82258987426758,51.29004191558962,50.74468237483301,50.978408395494036,11629511
2014-01-22,50.95244216918945,51.3679570852261,50.82259397807535,50.8485643207697,12315468
2014-01-23,50.926475524902344,51.13423475918747,50.692749468394716,50.90050518032197,5617086
2014-01-24,50.95244216918945,51.264079236806346,50.77065329268667,50.79662363538101,11973294
2014-01-27,50.14738082885742,51.367955189221306,49.78380661162908,50.588866071293076,12637443
2014-01-28,50.17335510253906,50.3811108079915,50.017536562270855,50.14738475876807,7516995
2014-01-29,49.705902099609375,50.35514307028139,49.550083562176546,50.22529487614699,5177129
2014-01-30,49.65395736694336,50.01753157642219,49.34232031747156,49.7058980493078,28308126
2014-01-31,49.60201644897461,49.861712814848445,49.44620144733622,49.861712814848445,15088682
2014-02-03,49.446205139160156,50.19932395195324,49.31635694652832,49.42023479616226,4482727
2014-02-04,49.52410888671875,49.96559411709954,49.23844218014043,49.36829036291627,8237100
2014-02-05,50.251258850097656,50.303199533751794,49.186506536405346,49.186506536405346,8121381
2014-02-06,49.96559524536133,50.12141025032484,49.4721693217853,49.86171387890903,8396200
2014-02-07,50.640804290771484,50.82259316436368,49.757837309804145,49.96559652567488,6497909
2014-02-10,50.38111114501953,50.90050393448289,50.22529612606675,50.56290003027482,3792896
2014-02-11,49.65395736694336,50.58886499300136,49.60201668457893,50.43304646826546,5013980
2014-02-12,49.705902099609375,50.04350599541575,49.52411321887813,49.80977995044536,5538187
2014-02-13,49.34231948852539,49.809775054879886,49.29038232939091,49.627986192015804,6549052
2014-02-14,49.47216796875,49.5241086505556,49.31635296804793,49.446201150204566,14754417
2014-02-17,49.627986907958984,49.78380543232502,49.39426088258863,49.39426088258863,4752663
2014-02-18,49.73186492919922,49.91365379534056,49.6020167454861,49.67992776912842,4866082
2014-02-19,49.29039001464844,49.78381247632493,49.1086011234402,49.62799392991185,2804777
2014-02-20,49.39426040649414,49.67992711135219,48.95277517877194,49.13456404250634,5141168
2014-02-21,49.49814224243164,49.705901463803784,49.39426439292439,49.472171899465415,4456386
2014-02-24,49.36829376220703,49.47217161110881,48.848900995340514,49.47217161110881,5118446
2014-02-25,49.49814224243164,49.65396077787134,49.29038654341715,49.39426439292439,4052135
2014-02-26,49.446205139160156,49.96559790968748,49.264416260532535,49.60202015243223,21051173
2014-02-28,49.0826301574707,49.550085790793965,48.43338915759773,49.36829690188639,27401493
2014-03-03,49.18650436401367,49.49813788510226,48.74501913952483,48.874867320567745,15373777
2014-03-04,49.93962860107422,50.17335464818108,48.77099484318219,48.926813382039334,9410466
2014-03-05,50.04350280761719,50.19932133512429,49.55008040580927,49.96559530504238,5385763
2014-03-06,50.692745208740234,51.05631943524113,49.93962641334033,50.04350426057522,7952223
2014-03-07,51.41988754272461,51.65361707413603,50.51095032345802,50.51095032345802,13092149
2014-03-10,51.36795425415039,51.575709939539735,50.74468367562494,51.29004323036132,11546535
2014-03-11,51.34198760986328,51.47183580317094,50.97841337307338,51.10826156638103,7773473
2014-03-12,51.160194396972656,51.290042579282044,50.79662019097783,51.08228689652997,15253272
2014-03-13,51.316017150878906,51.93929129523469,50.95244291490981,51.186168957864396,12326297
2014-03-14,51.08229064941406,51.939290829032075,50.9005017718824,51.05632030657274,11859122
2014-03-18,52.69240951538086,52.95210589847806,51.16019803722128,51.16019803722128,15512927
2014-03-19,53.133888244628906,53.73119200534588,52.64046584915483,52.64046584915483,12921191
2014-03-20,51.575714111328125,53.081955280486675,51.419895573503766,52.82225889156531,6054665
2014-03-21,52.38077163696289,53.41955715329303,51.70556034687679,51.83540853641806,21508819
2014-03-24,53.601348876953125,54.12074166272826,52.458685452719386,52.458685452719386,9956813
2014-03-25,54.8478889465332,55.029677826495984,53.28971062350715,53.28971062350715,14139614
2014-03-26,54.01686477661133,55.31534676428392,53.80910554516902,55.055650366749404,6805235
2014-03-27,54.79594802856445,55.26340008450509,54.0168589204251,54.0168589204251,20892387
2014-03-28,55.80876159667969,56.22427648048458,54.432368764223284,54.718035466986485,6967406
2014-03-31,54.5362548828125,56.25025172650461,54.30252531866903,55.678918271154686,6602071
2014-04-01,56.09442901611328,56.847547771305614,54.588187983371235,54.79594718910671,13292951
2014-04-02,56.30218505859375,56.665762790360446,55.70488482330403,56.17233687506491,8823613
2014-04-03,56.458003997802734,56.92545957535298,55.52309636505967,56.146370468460006,6355761
2014-04-04,55.36727523803711,56.48397168553541,55.23742705965525,56.48397168553541,7240495
2014-04-07,55.523101806640625,56.22428348050708,54.951768329982194,55.41922395334576,6247841
2014-04-09,55.445194244384766,55.782798147860575,54.82192008049438,55.60101278535736,6654828
2014-04-10,55.99055480957031,56.1983105064368,55.15952497738915,55.523099208084304,9464658
2014-04-11,55.91264343261719,56.068461965473645,55.652947051975616,55.678917394511295,6290384
2014-04-15,56.01652526855469,56.19831062310083,55.47116216020101,55.70488820025041,9004170
2014-04-16,55.9386100769043,56.198306440376655,54.89982462301486,55.964580417723006,10220793
2014-04-17,55.678916931152344,55.83473546271209,55.133553831872035,55.808765120392536,10918544
2014-04-21,55.02967834472656,56.198312098001466,54.925800493351446,55.47116361601795,4950498
2014-04-22,55.02967834472656,55.31534507777641,54.19864848901021,55.15952653953489,8749084
2014-04-23,54.8478889465332,55.549070600838,54.64013324573947,55.003707483307345,11101407
2014-04-24,54.8478889465332,54.8478889465332,54.8478889465332,54.8478889465332,0
2014-04-25,54.79594802856445,55.211459401686156,54.328492450266374,54.74400734574552,5635586
2014-04-28,55.10758590698242,55.315345132295135,54.43237458884211,54.666104157613624,4189566
2014-04-29,54.8478889465332,55.78279664482037,54.61416290255083,55.47116309362977,8984063
2014-04-30,54.95176696777344,56.042493206225785,54.4843148783554,54.925800146861754,9560866
2014-05-02,54.30252456665039,55.289372928373915,54.06879852810137,54.84788767150318,2642603
2014-05-05,54.58818435668945,54.847880704837294,53.99088416489229,54.17266949518149,1955739
2014-05-06,53.23777389526367,54.61416334959334,52.97807750596693,54.484315154944966,4306301
2014-05-07,53.23777389526367,53.8350741817031,52.97807750596693,53.34165174651083,6851875
2014-05-08,53.78313064575195,54.380434422907065,53.237771075005256,53.70522314203315,6511390
2014-05-09,55.497127532958984,55.704883211651385,53.783127333138765,53.91297551291084,19808139
2014-05-12,57.91231155395508,58.69140075751369,55.28937719750284,55.28937719750284,8560913
2014-05-13,58.613487243652344,59.885995252321194,58.22394268176524,58.37975768863407,14210275
2014-05-14,58.172000885009766,59.210786363502265,57.912304515386644,58.66542328282222,8786547
2014-05-15,59.44451904296875,60.04181931559844,56.22428107225571,57.9382779064577,17562208
2014-05-16,62.06745147705078,65.26171567424879,60.794936344523016,60.794936344523016,35379329
2014-05-19,63.495784759521484,65.02799635840384,62.48296596775643,62.48296596775643,25035487
2014-05-20,64.8721694946289,66.27453278808093,63.85935782243826,64.37875059116638,22538200
2014-05-21,64.6384506225586,65.36559913086204,63.88532824752407,64.40472104555735,10213784
2014-05-22,65.1318588256836,65.93692175685885,63.96322522259991,64.45665111734327,17055437
2014-05-23,67.96255493164062,68.55985516846195,62.35310916198181,65.44349875577868,22941667
2014-05-26,66.56021118164062,70.0141721073466,63.88533245963561,68.40405291834134,23747350
2014-05-27,65.91095733642578,66.74198720438781,64.4047196633971,65.23574953135912,11091241
2014-05-28,64.84619903564453,65.96289201681076,64.56053584675837,65.96289201681076,13246147
2014-05-29,64.95008850097656,65.96290024264127,64.61247754237256,65.36559992657504,14803509
2014-05-30,63.36593246459961,65.70319994565092,62.40505442455766,65.18380717208396,69911271
2014-06-02,65.02799224853516,65.6252925300266,63.469813925662514,63.52175461203468,13367356
2014-06-03,65.05396270751953,65.72917757868842,64.17099916867434,64.92411450668502,18372713
2014-06-04,64.5345687866211,65.39156548834487,64.30084625599586,65.05396158096467,23251745
2014-06-05,65.91095733642578,66.74198720438781,65.18380884372733,65.28769021899092,19424103
2014-06-06,66.53423309326172,66.69005515989181,65.46948067251007,66.43035171550832,14951210
2014-06-09,71.33860778808594,74.06541965209027,66.56019884370725,66.92376953207892,41900147
2014-06-10,70.61146545410156,73.23439617914485,69.85834310408711,72.40337336567224,22963428
2014-06-11,69.46879577636719,71.23473679707828,68.32613593058873,70.61146266686082,14529763
2014-06-12,70.87116241455078,71.44249588694538,68.66374307848817,69.39089156848334,15766959
2014-06-13,69.28701782226562,71.935915412093,67.52107670275996,71.31264829172238,10439654
2014-06-16,68.45598602294922,69.07925312577119,67.33929296626724,69.07925312577119,11540459
2014-06-17,69.33895111083984,70.01416596034954,68.06644301030997,68.06644301030997,16756330
2014-06-18,69.57267761230469,70.89712634199397,68.30016252321875,69.59864443260635,13262126
2014-06-19,68.14435577392578,70.11804569760267,67.88465936056218,69.59865287087548,4904553
2014-06-20,68.71568298339844,69.26104258350543,67.8586863069237,68.50792728072508,9100975
2014-06-23,68.24822998046875,69.33894916612768,67.91061904282493,68.55986000796254,9955400
2014-06-24,68.76760864257812,69.36490879900533,68.50791230980856,69.05327179073909,10866416
2014-06-25,68.76760864257812,69.20908677251526,68.24821597703901,68.55984594059136,14393130
2014-06-26,68.84553527832031,69.33895422096614,68.35210929095864,69.10523168330734,19577916
2014-06-27,70.923095703125,71.36458093322385,68.30015818589939,69.07924728205684,21315448
2014-06-30,72.29948425292969,72.8188769781137,71.31263948402301,71.57233584661502,33365772
2014-07-01,72.71501159667969,73.57201541735952,71.90995551359309,72.71501159667969,17681327
2014-07-02,73.39021301269531,74.1433353090656,73.02663527416173,73.02663527416173,15633096
2014-07-03,72.97470092773438,73.75379011106145,72.27352629851245,73.62394191384027,10773481
2014-07-04,74.8964614868164,75.98718781682025,72.48128628483958,72.92277159040256,11771805
2014-07-07,75.85733032226562,76.32478239367457,74.81854481037234,75.57166712438102,13259170
2014-07-08,71.54637145996094,76.03912476364691,70.63743407049867,75.83136905499867,14948074
2014-07-09,70.7413101196289,72.40336975307589,69.49476891690122,71.6762142604959,8629784
2014-07-10,71.44248962402344,72.5851494239272,67.52107021454366,71.15681939051133,17933570
2014-07-11,68.92343139648438,72.11769524080738,67.8846459482678,71.31263933632542,11319671
2014-07-14,69.57267761230469,71.00100771263106,68.4300107141575,68.92343665761088,7915363
2014-07-15,70.19595336914062,70.58549795096047,69.1311939520038,69.8323756082226,9737615
2014-07-16,70.76726531982422,71.26069117381164,69.23506117138896,70.2998133261442,6411041
2014-07-17,72.039794921875,72.40337268287716,70.48161659423495,70.66340547473604,8924449
2014-07-18,71.20875549316406,71.75412206130952,70.58548847277353,71.59830002267606,5148178
2014-07-21,71.10488891601562,71.67621531903013,70.84519253474896,71.20876324169318,4656631
2014-07-22,70.507568359375,71.5723275493959,69.93624206367691,71.15680919058998,6944595
2014-07-23,70.79324340820312,71.78008813040256,70.22191002859891,70.87115090435043,7269605
2014-07-24,69.9362564086914,70.89712740020808,69.59864547143926,70.74131238664194,5942240
2014-07-25,70.01416778564453,70.42967920793264,68.6118044071697,69.8583457187497,8230977
2014-07-28,69.1831283569336,70.42966949663241,68.66373562833286,70.11803245052903,5386124
2014-07-30,69.96222686767578,70.61146786582313,69.07925629230911,69.07925629230911,8577572
2014-07-31,69.13118743896484,69.93625039237459,68.7676167570152,69.70252084741682,19081582
2014-08-01,67.41719818115234,69.07925077687841,67.1315279379466,69.07925077687841,10682255
2014-08-04,68.7936019897461,69.96223593791868,66.6640898307994,68.04047951637045,23311942
2014-08-05,68.7936019897461,69.62463198405659,68.04047951637045,69.07926524807942,16126934
2014-08-06,69.6246109008789,70.06609611211145,68.22224776983774,68.48194412412577,9867110
2014-08-07,69.85832977294922,70.81920764296649,69.52072593881184,69.98817794336469,11406313
2014-08-08,68.50792694091797,69.6765606879639,67.75480459715777,69.46879794160564,5755079
2014-08-11,68.53388977050781,69.49476775995028,67.52107109750077,69.49476775995028,7165189
2014-08-12,68.68971252441406,69.02732348330758,68.09241220783562,68.611805012637,4457748
2014-08-13,68.71568298339844,69.72849467569934,67.96256063590266,68.55986092285686,7838517
2014-08-14,69.1831283569336,69.5986397219283,68.84552449228606,69.33894335762793,4598772
2014-08-18,70.01416778564453,70.27386418575352,68.7416526072242,68.8715008072787,5649943
2014-08-19,70.923095703125,71.62427729860967,69.28701001013731,70.16997342562023,7522151
2014-08-20,71.20875549316406,71.46845184617206,70.79324414623704,71.00099981970055,11632976
2014-08-21,70.87116241455078,71.20876631582901,70.42967713839515,71.00101061078975,5097954
2014-08-22,69.67655181884766,71.10488177231414,69.5467036412598,70.89711905240196,3969492
2014-08-25,68.7936019897461,69.85835454686114,68.55987238222494,69.70253950499144,7109144
2014-08-26,68.04045867919922,69.0792440927835,67.7288286908955,68.53388456853753,7855848
2014-08-27,67.2613754272461,68.6637386745692,66.40437879597755,67.88464954710416,14179712
2014-08-28,67.10556030273438,67.67689373748976,66.19662298894194,67.28734917443587,24486863
2014-09-01,68.76760864257812,68.975364299851,66.06676396388916,66.4822752784349,7250215
2014-09-02,68.8195571899414,69.2091017735292,68.17031621729508,68.45598647208871,8985537
2014-09-03,68.94940185546875,69.33894641911868,68.24822727667092,69.1571645918541,8220774
2014-09-04,69.67655181884766,69.85833363169907,67.80673665263953,68.61179253579849,8542895
2014-09-05,69.8323745727539,70.377734161329,69.07925224118327,69.93625594425168,5566453
2014-09-08,69.13118743896484,70.4816099376564,68.43000584880627,70.11803221099204,6820385
2014-09-09,69.6246109008789,70.11802974719748,69.33894068433338,69.39088136413389,6490318
2014-09-10,70.71533966064453,70.94906216147598,69.46879147735116,69.46879147735116,5594235
2014-09-11,71.59830474853516,71.78009361658265,70.27385607865968,70.92309700403294,6309287
2014-09-12,70.19595336914062,71.62428350248008,69.93625698126073,71.31264642808112,7528757
2014-09-15,71.02696990966797,71.31264013796762,69.52073240176492,69.6246137656402,3929071
2014-09-16,70.61146545410156,71.57234350748416,69.85834310408711,70.76728047044881,6434969
2014-09-17,70.71533966064453,70.94906216147598,69.4947653405867,70.89712147971964,5122756
2014-09-18,70.923095703125,71.62427729860967,70.19594728898767,70.53355115504628,16935401
2014-09-19,71.07891845703125,72.27352609493045,70.5075849819243,70.5075849819243,17128011
2014-09-22,71.15681457519531,71.36457729267711,70.35175870145379,71.05294026116883,7010679
2014-09-23,70.8971176147461,71.88396938017401,70.50757308988172,71.41651031456527,10349414
2014-09-24,70.55952453613281,71.3645875705331,70.29982814659377,70.68937273090233,6457902
2014-09-25,70.6374282836914,71.18279489952025,70.24788372012011,70.6374282836914,16106351
2014-09-26,71.15681457519531,71.36457729267711,70.1440030286864,70.66339573296207,5236288
2014-09-29,72.48127746582031,72.76694066393038,70.89712533210367,71.15682171028196,8073293
2014-09-30,70.24787902832031,72.22157557875562,69.65057881301388,72.16963489813884,12952693
2014-10-01,70.61146545410156,71.67621783681051,69.96222447812892,70.63743227525428,7924373
2014-10-07,71.28667449951172,71.54637089444826,70.09207390068985,70.61146669056293,8847590
2014-10-08,71.62427520751953,72.09172724262366,71.05294181140802,71.15681612770084,4593053
2014-10-09,71.70218658447266,72.14367182556329,71.31264202669533,71.75412726778596,9248781
2014-10-10,70.66340637207031,71.59831056264026,70.48161748926074,71.4165216798307,11619666
2014-10-13,70.04013061523438,70.81921977115051,69.88431560193727,70.04013061523438,10406480
2014-10-14,70.66340637207031,70.97504345049879,69.78043582397555,70.19595427678534,14165351
2014-10-15,70.66340637207031,70.66340637207031,70.66340637207031,70.66340637207031,0
2014-10-16,69.57267761230469,70.71534451045187,68.81955528697378,70.63742996011644,11263977
2014-10-17,69.65058898925781,70.37773748998835,69.33895190474027,70.09207427193137,5532569
2014-10-20,70.16998291015625,70.89713142257872,69.33895301965241,69.33895301965241,7878465
2014-10-21,72.68903350830078,73.15648558232229,70.19595108370935,70.50758110324692,6706899
2014-10-22,72.61112213134766,73.49408554747767,72.16963690092525,73.23438918190153,11612786
2014-10-27,73.77975463867188,75.51972167014269,72.79290987364377,73.18245441600075,11023074
2014-10-28,74.01349639892578,74.22125211353287,72.61113299707523,73.62394474755322,7011349
2014-10-29,74.0394515991211,74.79257387165553,72.7149959175655,74.48093682630629,13392055
2014-10-30,75.02629852294922,75.41584307962437,73.54602779864067,73.75378348659109,15543181
2014-10-31,75.72747802734375,76.01314120973973,74.71465939027668,75.02629643589076,12145111
2014-11-03,75.23404693603516,77.90892493565859,75.07823194631781,76.09105051362323,13632949
2014-11-05,73.98751831054688,75.77942621682296,73.77976260779258,75.15615206384464,5298871
2014-11-07,75.2600326538086,75.57166972705231,73.80572866024303,73.80572866024303,4488647
2014-11-10,76.92208099365234,77.59729578863704,74.14333544509113,75.31196912074527,10354057
2014-11-11,76.6883544921875,78.37638082468128,76.2988099539197,77.38953607001245,8362310
2014-11-12,74.2472152709961,76.66239030410341,73.7797631750262,76.32478640394268,6309241
2014-11-13,75.13018798828125,75.49375872020852,74.27319128015506,74.7666102116383,10971261
2014-11-14,74.84451293945312,75.77942414333947,74.27318653369035,74.71466474819518,6123081
2014-11-17,76.22090148925781,76.37671648470445,74.63674949354939,75.00032720921087,4923950
2014-11-18,77.05193328857422,77.80505562648591,75.83136590913267,76.32478481611331,6475424
2014-11-19,76.1689682006836,77.90893536068603,75.44181974351226,77.2596944087982,5431984
2014-11-20,75.90927124023438,76.35075649308966,74.9224264098441,75.93523806022552,3590544
2014-11-21,76.11702728271484,76.35075684256546,75.54569383785847,75.54569383785847,5424821
2014-11-24,73.98751831054688,75.57167051406866,73.33827733649255,75.20809275071207,6633290
2014-11-25,72.24755096435547,73.23439583424319,70.55952443477646,73.23439583424319,55543705
2014-11-26,72.27352142333984,72.9746960052644,71.70218798516254,71.9359104975657,5741991
2014-11-27,73.10454559326172,73.90960860396963,72.3773971328949,72.3773971328949,4482174
2014-11-28,74.11736297607422,74.58481504619134,72.4293365239126,73.18245883583997,4619433
2014-12-01,71.85800170898438,74.22124292358555,71.57233851735944,73.72781699836251,2477146
2014-12-02,71.70218658447266,72.29948683078824,71.54636453453276,71.67621272045854,2350906
2014-12-03,71.26070404052734,72.22158206168933,71.10488902940496,71.67621543333054,8617759
2014-12-04,70.8971176147461,71.52039167241485,70.4816062727765,71.20875464358048,4516507
2014-12-05,71.02696990966797,71.78009218597688,70.6374253622078,70.79324740802072,5700055
2014-12-08,70.55952453613281,71.83203966276031,70.35176883344465,71.02697662836,3081176
2014-12-09,70.09207153320312,71.07891639168639,69.91028265394468,70.3258010986376,4817465
2014-12-10,71.28667449951172,71.57234476077126,69.75446999621546,69.91028501529117,3714413
2014-12-11,70.61146545410156,71.67621783681051,69.98819129928165,71.62428419450507,3222482
2014-12-12,70.01416778564453,70.81922380809611,69.36492678537206,70.68937560804162,4812683
2014-12-15,69.8323745727539,70.22191914879762,69.05328542066647,69.46879681722699,2791969
2014-12-16,69.10523223876953,70.04013648635114,68.63778011497872,69.36492864584397,4811157
2014-12-17,68.04045867919922,69.78042565589578,67.31331029863311,68.87148841900954,6760384
2014-12-18,68.35209655761719,69.26103380574546,67.2873443134099,68.58582609645028,5750448
2014-12-19,70.53355407714844,70.71534294939272,67.78076826318602,68.8974683163801,4845177
2014-12-22,71.07891845703125,71.28667416305682,69.98819219450262,70.58549953580999,3767407
2014-12-23,72.2215805053711,72.58515120506041,70.87115794078845,71.05294681299064,6644017
2014-12-24,70.79324340820312,72.16963265585348,69.6505766489947,72.16963265585348,8715919
2014-12-26,71.20875549316406,72.58514475516355,70.89711846061158,71.93590387264356,2310253
2014-12-29,71.15681457519531,72.32544815981556,71.00099958179837,71.67620727947097,1421574
2014-12-30,71.49442291259766,71.93590105967623,71.28666020254403,71.67620471682335,2146065
2014-12-31,71.67622375488281,72.79292396153042,71.39056051975474,71.83204582881125,3960548
2015-01-01,71.20875549316406,71.78008887872454,71.10488117878953,71.67620751963557,778837
2015-01-02,72.06576538085938,72.37740247106275,71.23474253327136,71.23474253327136,3612848
2015-01-05,72.14366912841797,72.76693617073143,70.71533913663362,71.93590640293213,7291352
2015-01-06,70.53355407714844,71.83203595787174,69.67655744481408,71.70218776979941,8288963
2015-01-07,71.54637145996094,71.93591605544476,69.33895208555258,70.11804127652023,3256180
2015-01-08,71.85800170898438,72.14367194532429,70.76727553645422,71.67621283944352,2436600
2015-01-09,71.90994262695312,72.45530219263968,71.13085350756377,71.83203512395718,2079643
2015-01-12,70.8971176147461,72.29948072214361,70.37772491492692,71.46845099349005,3660975
2015-01-13,70.55952453613281,71.57234327322126,70.24788745974287,70.92310229937364,2850708
2015-01-14,70.66340637207031,71.1048916461177,70.01416539397577,70.53355817645141,3939014
2015-01-15,74.2472152709961,74.63675985842357,70.89712900123351,70.89712900123351,6425406
2015-01-16,76.53253936767578,77.36356920003847,73.13051957718773,74.16930510646228,8222495
2015-01-19,76.792236328125,77.33760296192906,75.00033550346521,76.4286656169709,5082702
2015-01-20,76.55851745605469,77.90894012755014,76.24688037113795,77.38954733426078,6145107
2015-01-21,76.29882049560547,76.8961207945314,75.85733521562871,76.50657620244289,2865190
2015-01-22,77.05193328857422,78.63608547131923,76.16896980227001,76.40269232303496,7016755
2015-01-23,77.67520904541016,77.90893861574114,76.45463459592207,77.28566445800217,4549463
2015-01-27,77.88296508789062,78.42833173945886,76.4546349278601,77.00000157942834,6048058
2015-01-28,77.6232681274414,78.79190188619202,77.38954560252057,78.14266090910834,5448999
2015-01-29,77.2856674194336,77.88296773407006,76.66239323781203,77.8310340895314,6923717
2015-01-30,76.87014770507812,78.16862957283037,75.83136221087632,77.12984407862858,3094145
2015-02-02,76.792236328125,77.23372159033345,75.83136534208431,76.4806063027687,2427202
2015-02-03,76.45462799072266,77.59729483295301,76.09105730071472,77.33759846378382,1320013
2015-02-04,75.96121215820312,77.5193904356197,75.7794232835615,76.61045310712669,1740828
2015-02-05,74.61079406738281,76.2988206362104,74.11736809860852,75.96121673138799,2453418
2015-02-06,74.50691223144531,75.31197527843774,73.54603416617849,73.96155262276942,2422833
2015-02-09,73.4681167602539,74.50690219472459,72.71499450237683,74.27317969879743,2511094
2015-02-10,75.36390686035156,75.9352403195922,72.71500230911982,72.81888368160551,3982617
2015-02-11,75.70152282714844,77.31163489462315,75.31197822152407,75.83137102902322,5670681
2015-02-12,78.03878021240234,78.9477175061591,75.8573278895002,77.28565792254652,7776840
2015-02-13,78.68801879882812,79.31128584063048,77.57132585147356,78.81786697979295,8270115
2015-02-16,79.3372573852539,80.19425394563561,78.94771285374273,78.94771285374273,3789682
2015-02-18,80.37604522705078,80.50589340813787,78.55817069183156,78.9996559164706,4034642
2015-02-19,80.14231872558594,80.53186328363516,78.50623299072218,80.40201509761876,2708022
2015-02-20,79.59695434570312,80.40201023240405,79.10352845081255,79.934558199974,4586215
2015-02-23,80.97335052490234,81.804380344875,79.2074165604074,79.46711293885416,5857600
2015-02-24,81.41483306884766,81.90825194465329,80.7915589634233,80.97334783123165,3786009
2015-02-25,80.27216339111328,81.93422291711649,79.25935181143305,81.85631541786641,3842514
2015-02-26,79.3372573852539,81.25900618054705,78.32443878543904,80.03843895091693,7368101
2015-02-27,81.59663391113281,81.80438962852456,78.99966983194625,79.44114808963522,4870174
2015-03-02,81.38886260986328,82.58347018778274,80.71365483800264,81.9342292361032,3288237
2015-03-03,80.79155731201172,81.23304254060359,80.06440890035644,81.12916117691795,3773373
2015-03-04,80.22023010253906,81.72647476884639,79.51905549995875,81.10320062798023,4927543
2015-03-05,80.58380889892578,81.10320167477961,78.73996736253082,79.98650861563695,2511965
2015-03-09,78.03878021240234,80.16829185243256,77.75310997896415,79.62292524934958,2904210
2015-03-10,77.12984466552734,78.09072266391856,76.19493348680278,78.03878197987024,4007085
2015-03-11,76.81820678710938,77.90893296163726,76.58447723374091,77.5972959053843,3350372
2015-03-12,77.72715759277344,79.15548789104147,76.89612764665607,76.89612764665607,4034334
2015-03-13,76.14299774169922,78.11669455055195,75.83136770662581,78.0387870417836,3743353
2015-03-16,76.22090148925781,76.71432033798182,75.5976274180423,75.5976274180423,1546607
2015-03-17,76.6883544921875,77.38953607001245,75.85732473493995,76.40268427062902,4288235
2015-03-18,76.1689682006836,76.99999802804305,75.77942362955089,76.61045345691036,3493449
2015-03-19,75.88329315185547,77.51938588282556,75.31196678612945,76.16896337943322,2641643
2015-03-20,76.97401428222656,77.8310178644798,75.10419917186884,75.83135458041271,3763675
2015-03-23,77.49341583251953,78.89577908671957,77.1558119512388,77.6492378856057,4249360
2015-03-24,76.84417724609375,78.35042191520465,76.61045472637039,77.38954388154555,5170910
2015-03-25,76.09105682373047,77.15580911276366,75.93523477637683,76.74029774258359,6008163
2015-03-26,75.36390686035156,77.64924069731407,74.81854726659003,76.29881807857677,11848617
2015-03-27,75.18212127685547,75.80538834654635,74.37705829202163,75.36390310256844,3479176
2015-03-30,75.31197357177734,75.62360360126421,74.58481805040033,75.33794039266279,4359504
2015-03-31,75.44182586669922,76.0650930042695,75.05228126394938,75.57167406761583,4797950
2015-04-01,76.06507873535156,76.27283440890245,75.36389717299215,75.36389717299215,2808077
2015-04-06,76.84417724609375,77.62326640126892,75.75345101990547,76.03912127029888,5315447
2015-04-07,76.84417724609375,76.97402543862295,75.83136557119522,76.45463266850618,2457023
2015-04-08,76.50657653808594,77.80505851741087,76.35076151845318,76.63642473601843,4009038
2015-04-09,78.42832946777344,78.73996653896933,76.55851408531343,76.63642159193357,2422269
2015-04-10,79.31129455566406,79.49308343793342,78.06475329036988,78.6880274453747,2200148
2015-04-13,80.16829681396484,80.86947141962881,78.29848142785849,79.36323379141257,2208671
2015-04-15,78.7139892578125,81.02528980377447,78.42832606436328,80.47992319166912,2330815
2015-04-16,78.27250671386719,79.07756972769138,76.61045409012591,78.50623627636475,2492100
2015-04-17,77.96086883544922,78.73995790565937,77.44146907726125,78.27249882776165,3666806
2015-04-20,77.80504608154297,79.2593498927695,77.20774587546532,78.01280175608548,2278982
2015-04-21,77.3116226196289,78.9477153392566,76.92207807585368,77.90892988918934,2312891
2015-04-22,76.37672424316406,77.67520615283603,76.14299468153702,77.38954295059428,4849646
2015-04-23,76.1689682006836,77.36356873427114,75.77942362955089,76.8701498376655,3515131
2015-04-24,75.75344848632812,76.84417467603703,74.81854434927196,75.83136303501203,2613457
2015-04-27,75.28599548339844,76.74029939986545,75.05227297439275,75.88329573269962,2052351
2015-04-28,75.02629852294922,76.09105787135691,74.53287964465632,74.94839102055717,3429520
2015-04-29,74.29915618896484,75.20809356245127,74.01349297518388,74.97436399138284,2061972
2015-04-30,73.85767364501953,75.20809634452544,72.92276941559315,73.80573295567011,4099911
2015-05-04,74.8704833984375,75.10420590523988,73.23439062724626,74.27318315476708,3652050
2015-05-05,74.3510971069336,76.16897185954313,73.5200672396547,74.2991564193445,7999174
2015-05-06,73.02664184570312,74.14334198109691,72.74097862880251,74.14334198109691,6031578
2015-05-07,72.8708267211914,73.26037131351997,71.7021929442057,72.71500465743064,5448071
2015-05-08,72.71501159667969,73.85767866110864,72.55919656276494,73.23440443601717,2987105
2015-05-11,74.273193359375,74.45497520806963,72.6111335406444,73.1045524859405,3927933
2015-05-12,72.35142517089844,74.29914789670534,71.98784744419525,74.221240396616,4551824
2015-05-13,73.156494140625,73.49409806442914,71.70219706359978,72.45531242520657,4097879
2015-05-14,72.40336608886719,73.13051449993236,71.80605881523158,73.13051449993236,3467677
2015-05-15,72.74097442626953,73.59797107217489,72.35142985588391,72.81888193140362,6305129
2015-05-18,72.74097442626953,73.20842650178925,72.065759610772,72.45530418115763,14967798
2015-05-19,72.06576538085938,74.74064394744893,71.72816146843728,72.71500638348485,6595326
2015-05-20,73.13052368164062,73.44216076685667,72.22158629251126,72.24755311431441,5168468
2015-05-21,72.45530700683594,73.20842935683851,72.03979560010617,72.97469978760586,2628801
2015-05-22,73.20842742919922,73.7278201962931,71.36458592390204,72.35143077243737,5380668
2015-05-25,74.32511138916016,74.4809334270806,73.26035916458528,73.62392983030418,5557091
2015-05-26,74.29915618896484,74.58481940274581,73.52006701169077,74.48094507260522,2220470
2015-05-27,74.3770523071289,74.58480798030841,73.64990392864344,74.2991448102759,1137269
2015-05-28,74.3770523071289,74.92241887452883,73.00066304701099,74.92241887452883,3848527
2015-05-29,74.63674926757812,75.02629379972981,73.36423431133015,74.01348224296412,3473570
2015-06-01,74.32511138916016,76.29880788981826,73.88363322683824,76.16895971390844,15815832
2015-06-02,74.01349639892578,74.22125211353287,73.41618903294614,74.01349639892578,4635659
2015-06-03,74.3770523071289,74.66272252187585,73.10453736124352,73.83169278444342,6029264
2015-06-04,74.97435760498047,75.38987602429495,73.96154598762594,74.27318304093306,8566490
2015-06-05,75.2600326538086,75.98718112823369,74.27318779246629,74.7925805663007,8696044
2015-06-08,75.90927124023438,76.19493443899744,74.76660435575188,75.54569349206764,4215142
2015-06-09,76.53253936767578,76.94805780621473,75.46778701805546,75.83136477118765,2699663
2015-06-10,76.42866516113281,76.97402474696895,75.93523921606946,76.63642085836966,2875048
2015-06-11,75.83136749267578,76.53254211432815,75.23406015613415,76.14299752686995,2113307
2015-06-12,75.51972198486328,75.80538516589634,73.88363630908864,75.57166266633693,2614529
2015-06-15,73.33827209472656,75.31196874161331,73.05260890444627,75.31196874161331,3574132
2015-06-16,74.84451293945312,75.13018318704974,72.97469757639567,73.13051963273433,2705206
2015-06-17,73.64990234375,74.97435089589325,72.94872079773299,74.63674705365226,3030212
2015-06-18,73.72781372070312,74.11735826180944,73.15648031813761,73.39020986068725,4549773
2015-06-19,72.71501159667969,73.96156004686263,72.03980372342747,73.72783045127427,9119658
2015-06-22,73.39021301269531,73.85766507315637,72.92276095223424,73.15648346010731,1849073
2015-06-23,72.40336608886719,73.64990722850959,72.27351790672289,73.23438881881896,4200054
2015-06-24,72.63709259033203,73.00067033824577,72.22158120247217,72.22158120247217,3101425
2015-06-25,73.39021301269531,73.70185006790767,72.11769797254274,72.81887958559182,11124905
2015-06-26,72.24755096435547,73.36424402882619,72.14367663551832,72.97469944507719,4184617
2015-06-29,72.45530700683594,72.81888477126107,71.52040281933624,71.57234350635633,3452315
2015-06-30,72.24755096435547,72.92276580301632,71.49443566260331,72.45530666674519,2588831
2015-07-01,73.9355697631836,74.32511430620157,71.88397273011775,72.27351727313571,1988394
2015-07-02,73.49407958984375,74.27317566813126,73.0266275786426,74.2472018068503,2965570
2015-07-03,73.49407958984375,74.2472018068503,72.97468690079488,72.97468690079488,3051297
2015-07-06,72.71501159667969,73.85767866110864,72.55919656276494,72.97470801634843,2083899
2015-07-07,71.98785400390625,73.49409164017273,71.80606512398961,73.23439525306763,3234495
2015-07-08,71.67622375488281,72.29949796116445,70.84520087279535,71.7281644461923,2440394
2015-07-09,71.15681457519531,71.96187749365124,71.10488094053927,71.72814795884143,2478234
2015-07-10,72.01382446289062,72.27352083771099,71.07891328670827,71.20876147411846,2901055
2015-07-13,72.71501159667969,72.92277436818767,71.18280694746387,71.88398868951272,1612390
2015-07-14,72.81887817382812,73.20842272411261,72.09172975557338,72.7669374915139,2264950
2015-07-15,72.58515930175781,73.07858528924493,72.45531109923128,72.74098137161914,1504877
2015-07-16,72.50724029541016,72.79291052251386,72.24754393152392,72.55918097713035,1827243
2015-07-17,73.33827209472656,73.62393528500685,72.4553016152358,72.5332161623258,1696436
2015-07-20,72.81887817382812,73.6239340931968,72.74097067271418,73.6239340931968,1668294
2015-07-21,72.71501159667969,73.18247078785642,72.53322973868457,72.79292615835331,1315889
2015-07-22,74.16929626464844,74.40302579875811,72.09172545376913,72.5591774772741,1890132
2015-07-23,73.8836441040039,74.4290037052274,73.1045478891318,74.32512233132033,1225377
2015-07-24,73.77975463867188,74.24720668055733,73.33826941505768,73.85766213820034,1692284
2015-07-27,72.92276000976562,74.24720867140702,72.74097114284831,73.41617888315278,1296310
2015-07-28,73.41619110107422,73.59797999824484,72.42934614535433,73.2344022039036,1547151
2015-07-29,72.71501159667969,73.39022651464816,72.45531517701095,73.07858940210242,1900932
2015-07-30,73.9615478515625,74.40303310114741,72.66306596732163,72.81888097554449,2942993
2015-07-31,73.75379180908203,74.1952770987414,72.92276896350643,74.1952770987414,1956499
2015-08-03,73.02664184570312,74.22124949073202,72.87082682643289,73.26037141932404,1508372
2015-08-04,73.23439025878906,74.01348641168862,72.68903070094574,72.97469388939417,1001510
2015-08-05,73.10454559326172,73.46812334580274,72.76694170573947,73.23439378420991,1107859
2015-08-06,73.26036834716797,73.70185360954082,72.81888308479512,72.87082377061228,1295185
2015-08-07,72.50724029541016,73.90960347828174,72.37739211346704,73.0006662046799,2213871
2015-08-10,71.70218658447266,73.49408732341941,71.36458271000863,72.76693889117804,2570753
2015-08-11,71.6502456665039,73.13051639015285,70.42967131385602,72.71499796972222,3873211
2015-08-12,70.6374282836914,71.62428014717739,70.4816132761489,71.1568210351198,1472522
2015-08-13,71.57234191894531,71.98785331645941,65.4435030149631,70.5335563804448,2470225
2015-08-14,71.85800170898438,72.22157944806608,71.52039783395992,71.57233851735944,1304682
2015-08-17,71.72816467285156,72.42934639595511,71.13086433269523,71.93592039402994,813782
2015-08-18,71.36457824707031,72.03978595377279,70.97503371365399,71.72814891809684,1461999
2015-08-19,70.87116241455078,71.883981163101,70.68937353087311,71.41652202086827,2417706
2015-08-20,70.68937683105469,71.13086212782135,69.7804394149475,70.16998402185057,2256015
2015-08-21,69.28701782226562,70.22192202517934,69.10522893705586,70.11804064942645,4024183
2015-08-24,68.09239959716797,68.81954798027934,66.32646579683622,67.96255142001542,7651174
2015-08-25,66.79393005371094,69.4168679392064,65.0020220630726,68.04047137363875,12357515
2015-08-26,68.0145034790039,68.97538155963561,66.48229191437099,66.79392900061852,2616303
2015-08-27,70.04013061523438,71.90994599837617,67.65092246148183,68.79358937471162,5402025
2015-08-28,70.19595336914062,71.41652075640386,69.44283102640276,70.4296758914033,2205183
2015-08-31,67.85868835449219,70.35177095122961,67.5730180905705,69.85834497836575,2305711
2015-09-01,67.05361938476562,68.09240488261834,66.48228595200364,67.18346757199721,3973158
2015-09-02,65.02799224853516,67.52107474724524,64.27486990792724,67.15750403207085,4507483
2015-09-03,66.0667724609375,66.50825769236928,64.97604631408096,65.13186131589698,3114461
2015-09-04,64.19696807861328,65.91096156748081,63.59966774429375,65.91096156748081,3868544
2015-09-07,63.52174758911133,64.87216301719427,62.612803289879224,63.78144394754491,3112256
2015-09-08,65.469482421875,66.22259777420564,62.898485178579776,63.36593730152912,2951677
2015-09-09,65.4435043334961,67.7807718422127,64.71635585083845,67.20944542029878,3201416
2015-09-10,64.0671157836914,64.79426427664893,62.690726306894014,64.79426427664893,3984541
2015-09-11,64.56053161621094,65.339620674537,63.93725755166431,64.40470957771707,1783681
2015-09-14,66.24856567382812,66.45632137145526,64.14502074297583,64.82023556615809,2400945
2015-09-15,66.66407775878906,67.59898897485665,65.4435033361181,66.22259249381676,3189547
2015-09-16,68.09239959716797,68.30015527166915,66.48228079153348,66.74197714583858,2668351
2015-09-18,69.33895111083984,70.06610664796038,68.3001655374854,68.55986193082401,2710372
2015-09-21,70.923095703125,71.15681820514338,68.40403954993963,68.97537296273137,3040868
2015-09-22,68.04045867919922,71.15681491995207,67.13152144231297,71.0009999258002,2618545
2015-09-23,66.37841796875,68.55986349575826,65.33963237168444,68.06644456398153,5775906
2015-09-24,65.1318588256836,67.54704057449483,64.69038065584581,66.48228128707876,9733917
2015-09-28,65.8590316772461,67.00169172008633,64.76830528361776,65.67724277085532,2407051
2015-09-29,66.66407775878906,67.78077080921408,65.13186626409556,65.3655958292913,2414852
2015-09-30,68.74163818359375,68.92342703446955,66.66406741864559,66.69004128003597,3047665
2015-10-01,67.80674743652344,69.5467147018655,67.65092537180759,69.07925555243358,2020545
2015-10-05,68.8195571899414,69.67656090960689,68.01450120174613,68.04046802276581,1811432
2015-10-06,68.68971252441406,69.85834633521716,68.4040492996596,69.00134961623804,1868486
2015-10-07,68.84553527832031,69.18313919586026,68.4040499808992,68.87150210093267,1403044
2015-10-08,68.7936019897461,69.07926524807942,68.35211664482647,69.02733159726725,1318938
2015-10-09,68.84553527832031,69.33895422096614,68.50793136078035,69.07925781597912,1421375
2015-10-12,69.23507690429688,69.44283261039664,68.4559877228861,68.81955844738181,1574616
2015-10-13,69.10523223876953,69.44283615902312,68.79359514133702,69.07925837123254,715400
2015-10-14,69.07925415039062,69.33895054159724,68.66374274234623,69.02732050792169,1722301
2015-10-15,70.14401245117188,70.3517681518472,69.18313441024371,69.33894942457137,2959602
2015-10-16,70.11802673339844,70.63741941965007,69.39087838158899,70.32578944367043,3651488
2015-10-19,69.4947738647461,70.29982987421525,69.00134789460976,70.11804098812736,1640198
2015-10-20,70.58549499511719,71.20876207309975,69.3389467497219,69.59864312672673,3296804
2015-10-21,70.58549499511719,71.26070275744372,70.06610224110752,70.63742863474609,3504240
2015-10-23,70.8192138671875,71.44248795784624,70.37772864003045,70.89712136734116,2367650
2015-10-26,70.507568359375,71.07890169978695,70.247872026889,70.89711285810398,1788557
2015-10-27,69.54671478271484,70.76728221180531,69.31298520772718,70.4037114831436,1680870
2015-10-28,68.06643676757812,69.57267430185397,67.75479971521057,69.15716292850715,4725765
2015-10-29,66.56021118164062,67.83271939389222,65.54739234081191,67.83271939389222,6657486
2015-10-30,66.871826171875,68.48194499794864,66.61212981427326,66.74197799307413,3034065
2015-11-02,66.9757080078125,67.20943754919756,66.04079688698687,66.87182664614923,1507300
2015-11-03,68.3780746459961,68.63777101865388,67.62495234740254,67.75480053373143,2879807
2015-11-04,68.14435577392578,69.54671922397561,67.72884433043046,69.18314142738016,10212719
2015-11-05,68.0145034790039,68.81955949415402,67.72884025936112,68.45598876412828,9402139
2015-11-06,68.1962890625,68.81955616008428,67.02765532922474,68.76762251882207,4219805
2015-11-09,67.54705047607422,67.98853575534291,65.78110935899946,67.00168382119564,5260832
2015-11-10,66.63811492919922,67.49511164505223,66.326477838512,67.10556704287217,1531108
2015-11-13,67.62495422363281,68.24822835319,66.22259095448672,66.48228733434969,1386876
2015-11-16,67.0016860961914,67.88465668470944,66.76796356020661,67.26138249931839,1462412
2015-11-17,67.91061401367188,68.45598061082929,67.10555809440618,67.13152491320255,1602664
2015-11-18,67.98853302001953,68.3521037305958,67.39122570136695,67.85868482808903,1327429
2015-11-19,68.48194122314453,68.92342641567521,67.75479287088386,68.40403372910127,2523368
2015-11-20,67.98853302001953,68.92343718403312,67.7288366361585,68.55985942874158,2168468
2015-11-23,68.24822998046875,68.45598568036972,67.7807708497974,67.7807708497974,2177227
2015-11-24,68.48194122314453,68.87148573807498,68.01448921417082,68.04045603061385,1241516
2015-11-26,69.4947738647461,69.8323777705004,68.24823257326794,68.30016621667968,4171542
2015-11-27,69.33895111083984,69.59864750417846,68.81955832416263,69.41686566461385,1605635
2015-11-30,70.7413101196289,71.1048878659189,69.23507253946983,69.36492072818552,2006989
2015-12-01,70.6374282836914,71.67621378654819,70.29982440420596,70.68936896777726,2520479
2015-12-02,70.32579803466797,70.92309828788069,69.91027960807844,70.63742804871632,1390936
2015-12-03,69.4947738647461,70.63743377996956,69.235077468825,70.11804098812736,1173194
2015-12-04,67.91061401367188,69.44282539581413,67.75479901146393,69.44282539581413,1376556
2015-12-07,68.1183853149414,68.48195604741673,67.36526293849532,68.04047075931784,1525844
2015-12-08,67.62495422363281,68.14434698335874,67.18346896892274,68.04046561352749,1469647
2015-12-09,67.59899139404297,68.40404740125625,67.0276579156744,67.36526182048269,2198948
2015-12-10,67.91061401367188,68.04046219708343,67.13152491320255,67.52106946343721,1086874
2015-12-11,66.4822769165039,68.0404549515135,66.17063990055918,68.0404549515135,1514970
2015-12-14,66.56021118164062,67.20945222198822,65.8330555806784,66.11872586526103,1552518
2015-12-15,67.2613754272461,67.41719747956813,66.09274173604851,66.56020084829959,1842404
2015-12-16,69.26103973388672,69.65058430214044,67.36525757732825,67.52107258674368,2623492
2015-12-17,69.88431549072266,70.19595256153623,68.43001150849774,69.23507452849242,1092627
2015-12-18,70.32579803466797,70.89712442356664,69.10522366392847,69.59864254931506,28017527
2015-12-21,72.42933654785156,72.66306610534492,70.32579870927171,70.32579870927171,6238035
2015-12-22,71.9359130859375,73.02663931721027,71.65024987892777,72.48127972393155,9652753
2015-12-23,72.74097442626953,72.97469694167181,72.09173347562681,72.09173347562681,3720080
2015-12-24,72.7669448852539,73.15648947511943,72.37740029538838,72.71500419766207,2224191
2015-12-28,73.83171081542969,74.14334792366334,72.53322873505289,72.94874018288701,5761043
2015-12-29,73.20842742919922,74.06542408596107,72.92276422518368,73.85766838806657,8576492
2015-12-30,73.23439025878906,73.57200117477433,72.84484570469672,72.84484570469672,8189382
2015-12-31,73.31230926513672,73.75378748419227,72.50724624420978,73.23439471380662,7159928
2016-01-01,73.23439025878906,73.67587549570335,73.10454207409161,73.44215299007688,3229824
2016-01-04,73.20842742919922,74.97436142837536,72.66306784163675,72.97469786612086,6809859
2016-01-05,72.27352142333984,73.727818316232,71.78009548929693,73.2603662467106,4259054
2016-01-06,72.45530700683594,72.68903657606859,71.67621783568104,71.9878549130861,5320149
2016-01-07,71.72816467285156,73.62394707626778,71.41652756872598,72.45531321933389,6787347
2016-01-08,73.57200622558594,73.75378806087001,72.14367609585736,72.71500251197651,10345830
2016-01-11,74.40303802490234,75.57167179805558,72.19561163089736,72.97470081299952,8283638
2016-01-12,74.1433334350586,76.22090435767616,73.77975570571462,74.53287798304939,6611338
2016-01-13,74.22125244140625,75.00034165816135,72.76694834330057,74.35110064419877,7462021
2016-01-14,74.19525909423828,75.05226264343743,73.44214394259971,73.44214394259971,10278564
2016-01-15,72.24755096435547,74.4030366302056,71.83203955957603,73.83170316509732,7430643
2016-01-18,71.75411987304688,73.26035726561511,71.3645753554147,72.71499071410153,7411237
2016-01-19,70.61146545410156,72.61112906904039,70.01416516514982,71.90994740604684,7282040
2016-01-20,69.9362564086914,72.87082415876587,67.80674463656749,69.91028254328684,15997901
2016-01-21,68.66374969482422,71.33862138615068,68.55986830993699,70.0141724747774,10416175
2016-01-22,69.13118743896484,70.53355061928198,68.61179471213846,69.18312812059042,8099084
2016-01-25,69.07925415039062,69.832376502776,68.17031678116747,69.59864693280386,8893503
2016-01-27,71.80606842041016,72.32546121846426,69.28701898562034,69.49477469589884,14527719
2016-01-28,74.63674926757812,75.05226766203528,72.97468977917846,73.23438613394626,22594616
2016-01-29,76.792236328125,77.07790657765531,75.05227618926303,75.20809120194117,11216960
2016-02-01,76.22090148925781,77.07789805364328,75.90926445365005,76.81820169808924,12278379
2016-02-02,75.96121215820312,78.09072387961547,75.31197120927956,76.09106034798783,18267134
2016-02-03,74.40303802490234,75.9352425228739,73.46812677955043,74.71466806197076,12098041
2016-02-04,76.24688720703125,76.61046501281652,74.19528267171603,75.23406835142677,8726120
2016-02-05,75.44182586669922,76.55851898563893,74.9743667076268,76.37673009541253,6170693
2016-02-08,73.98751831054688,75.85733372476639,73.57200690503828,75.33794094552293,3820374
2016-02-09,73.72781372070312,75.57166210876845,73.23438781741594,73.64990622142479,7297377
2016-02-10,74.45497131347656,75.07824547407726,73.23439685838424,73.23439685838424,8119293
2016-02-11,71.00100708007812,74.71466389889841,69.65058449740297,74.19527113977068,7247688
2016-02-12,71.85800170898438,73.13051675105538,70.79324940051147,71.67621283944352,16065640
2016-02-15,72.039794921875,73.05261365272717,71.7281578474039,72.24755062328393,8464543
2016-02-16,72.35142517089844,73.00066607950073,71.57233608057568,72.24754380763618,6766384
2016-02-17,72.50724029541016,72.63708847735327,71.33860665792209,72.63708847735327,7804863
2016-02-18,72.63709259033203,73.62393742003557,72.19560733778397,72.76694077962763,8779283
2016-02-19,73.23439025878906,73.75378299757884,72.22157864497791,72.61112319907025,6323086
2016-02-22,72.53321838378906,73.49408935036844,71.8580035715238,73.23439297135452,2293985
2016-02-23,71.20875549316406,72.870814970301,71.00099981970055,72.71499293166755,3873885
2016-02-24,72.55918884277344,73.2343966441864,71.49443645330327,71.67621829195757,11387961
2016-02-25,68.43000793457031,72.84484624716002,68.06643724153895,72.76693874470436,19051305
2016-02-26,69.41685485839844,70.58548844649941,68.5598512580195,69.3389403167535,12511003
2016-02-29,67.54705047607422,69.78043664924682,67.10556519680553,69.78043664924682,11485783
2016-03-01,69.46879577636719,69.78043284147591,67.65092111540062,68.04046568560774,14281573
2016-03-02,70.32579803466797,71.78009491594374,69.6246164136291,70.11803529901569,13550709
2016-03-03,70.45564270019531,71.10488360486721,69.62461293327235,70.89712087960046,7057560
2016-03-04,72.01382446289062,72.27352083771099,70.35176484615424,70.84519077619896,29228314
2016-03-08,71.5204086303711,72.55919427631231,70.68937870467491,72.45531289383177,20131612
2016-03-09,72.58515930175781,72.81888888419189,70.9490733588668,71.10489542872813,7284193
2016-03-10,72.53321838378906,73.18245933132386,71.72815538201684,72.7669408980725,3713460
2016-03-11,71.78009796142578,72.9227648771342,71.49443475485634,72.53322029833114,4685588
2016-03-14,71.98785400390625,72.19560970464725,71.52040191606015,71.98785400390625,4423191
2016-03-15,72.16963958740234,72.71499915752706,71.75412820489923,71.75412820489923,11655129
2016-03-16,72.06576538085938,72.71500638348485,71.4165243782339,72.40337633799722,6170234
2016-03-17,71.67622375488281,72.84485760812386,71.10489728462669,72.32546478446118,7509036
2016-03-18,71.07891845703125,72.24755222873004,70.89712957249056,71.93591514733392,9195901
2016-03-21,71.67622375488281,71.90995334341744,70.76728631347311,70.92310838740154,4674151
2016-03-22,71.78009796142578,72.37739823998072,71.41652020332347,71.67621658919217,6628643
2016-03-23,71.39055633544922,72.27352690181,71.13085993883907,71.3126488254093,11545428
2016-03-28,72.24755096435547,72.71500305591118,70.89712833174917,71.62428385718631,8691695
2016-03-29,71.75411987304688,73.23438340427778,71.44248284999829,72.71499071410153,11478000
2016-03-30,72.58515930175781,72.89679639676463,71.85801077655245,72.14368104894031,5797932
2016-03-31,72.24755096435547,72.94873262404676,71.93591388841318,71.93591388841318,15715729
2016-04-01,71.83203887939453,72.71500236736885,71.72815750682562,72.6111280395153,3935188
2016-04-04,71.98785400390625,72.76694316522153,71.83203898952934,72.0657615110947,5649881
2016-04-05,72.2215805053711,73.130517821667,72.0397916331689,72.6111250694979,7744995
2016-04-06,72.55918884277344,73.39021870623858,72.37739995940363,72.63709635144178,10418272
2016-04-07,72.81887817382812,73.18245590531289,72.50724112465757,73.05260772188474,12408704
2016-04-08,73.18245697021484,73.31230515553247,72.84484605261709,72.84484605261709,4133630
2016-04-11,73.8836441040039,74.24721482324775,73.00067355994017,73.0526142468937,12360599
2016-04-12,74.3510971069336,75.44182336744242,73.75378976673233,73.75378976673233,8901453
2016-04-13,75.31197357177734,75.49375540740623,74.74064010985913,74.97436263197429,10239725
2016-04-18,75.80538940429688,76.22090783460374,74.14333681721475,75.31197051449605,7347390
2016-04-20,76.87014770507812,77.85699251562684,75.38987696689756,75.67554015991706,7716065
2016-04-21,75.90927124023438,77.6752052069404,75.36390461798426,77.05193108000174,6315086
2016-04-22,75.85733032226562,76.50657126719892,74.948392999359,75.98717851125228,4320738
2016-04-25,74.6886978149414,75.88329835482283,74.03945685963298,75.88329835482283,3605005
2016-04-26,75.38988494873047,75.96121843997385,74.29915865539596,75.02630716938039,8964411
2016-04-27,74.97435760498047,75.8313612627538,74.61078691338457,75.467783526443,3177289
2016-04-28,73.67588806152344,75.54570364901676,73.41619164783592,74.89646261479797,9408511
2016-04-29,74.48094940185547,74.71467194179365,72.97470460246846,73.88364907350334,4383214
2016-05-02,74.19525909423828,74.79256630603503,73.54601825073226,74.27317363123021,3383764
2016-05-03,75.41584014892578,76.24686991314816,74.27318038724532,74.27318038724532,4572397
2016-05-04,74.1433334350586,75.3639007163246,73.75378184235304,75.20808571501419,4435593
2016-05-05,74.40303802490234,74.94839763448763,73.80573068285159,74.27318982788532,2770226
2016-05-06,73.98751831054688,74.4549704029229,72.97469957313596,74.35109607390346,3714029
2016-05-09,74.53288269042969,74.87048657773462,73.57200466908856,74.01348992697126,5027038
2016-05-10,73.67588806152344,74.66274006930885,73.23440274931144,74.35110296394062,7758595
2016-05-11,73.4681167602539,73.8576612981804,72.45529814375915,73.13051290299386,4574270
2016-05-12,74.74063873291016,74.97436125071943,73.33827544719355,73.70185320118385,4877581
2016-05-13,75.18212127685547,75.41584378622143,73.9615469122277,74.42899897567462,6719824
2016-05-16,75.02629852294922,75.7794208170738,74.27318327353956,75.28599489406598,4500368
2016-05-17,75.2600326538086,75.83136611396951,74.06542504716025,75.83136611396951,4754541
2016-05-18,74.29915618896484,75.26003424987931,74.11736730532445,74.79258215245795,2573082
2016-05-19,75.00033569335938,75.6236027903653,74.42900223756747,74.42900223756747,6035130
2016-05-20,75.20808410644531,75.38987296722917,74.63675070600235,75.10420274465037,3055890
2016-05-23,76.94805908203125,77.33760366196795,75.3119732552402,75.62360328341728,10093334
2016-05-24,76.19493103027344,77.51938672958728,75.93523466311952,77.38953854601033,3545037
2016-05-25,77.75311279296875,77.90893484722399,76.37672339298072,76.87014933104962,7201959
2016-05-26,78.22056579589844,78.63607715199832,77.18177331621955,77.90892875646622,11348343
2016-05-27,78.35041809082031,79.15547402731939,77.28565873722401,78.63608128255483,7635493
2016-05-30,78.81787872314453,79.44114585780963,77.57133740909859,78.48027481127814,6049447
2016-05-31,77.908935546875,79.12950994828414,77.67520598575074,78.94772107237806,4297008
2016-06-01,77.33760070800781,78.22057120669149,77.07790433130262,78.22057120669149,5018958
2016-06-02,78.01280212402344,78.22056484426031,76.92207602163788,77.33759441739711,3951078
2016-06-03,78.11668395996094,78.35041349929384,77.51938374742795,78.22056532071213,3453446
2016-06-06,77.5193862915039,78.2725015251653,77.15580856165718,78.012805159479,2395810
2016-06-07,77.85700225830078,78.40236189311457,77.51939833938197,77.59730585225309,3771426
2016-06-08,79.23339080810547,79.41517969900303,77.54536418995735,77.9089419717525,3804592
2016-06-09,79.36323547363281,80.22023215572156,79.1295129483625,79.31129478644537,4520638
2016-06-10,80.19425964355469,80.58380420274358,79.38920370578364,79.41517052517692,8988984
2016-06-13,78.84383392333984,79.85665255436017,78.6101114240607,79.85665255436017,7199310
2016-06-14,78.19459533691406,79.15547331502485,78.0647471518914,78.81786944290887,2914984
2016-06-15,80.19425964355469,80.3760485134525,78.50623322040283,78.50623322040283,5287666
2016-06-16,80.29814147949219,81.18110492531444,78.86981142079159,80.1942601118825,5385026
2016-06-17,81.57064819335938,82.03810025076082,79.41516972971422,80.50589589346083,8985642
2016-06-20,81.3628921508789,81.80437738721943,80.63574372646121,81.54468101816205,5237563
2016-06-21,81.0252914428711,81.70049921089108,80.53186550451522,81.31095464209913,5276594
2016-06-22,80.81753540039062,81.3888617963861,80.2981426442383,81.0512579138301,4797461
2016-06-23,81.3628921508789,81.98616625450256,79.38920256392876,80.76559191098991,5027803
2016-06-24,80.9214096069336,81.10319848026516,78.22057150570421,79.70083522281031,6010853
2016-06-27,79.98649597167969,81.5446740529304,79.46710327792945,79.49307009473125,5121198
2016-06-28,80.7396240234375,81.02529427737427,79.80471984351718,80.27217193347734,5842035
2016-06-29,82.71331024169922,83.2846436319188,80.79155439588277,80.92140257344565,9838712
2016-06-30,84.71297454833984,85.1025190854578,82.73927800011342,83.10285571930935,18696297
2016-07-01,85.77774047851562,86.42698147725399,84.66104736962879,85.18044016861948,9960809
2016-07-04,85.90758514404297,86.89443001258354,85.51804056082574,86.58279998178207,5753019
2016-07-05,83.75211334228516,86.11534785492294,83.51838375544583,85.85565144497524,5510329
2016-07-07,84.84283447265625,85.25834588521786,83.20674155449548,83.62226001177264,5911690
2016-07-08,85.41415405273438,85.90757289428925,83.93388343864092,84.92072816646508,7803900
2016-07-11,86.5308609008789,88.89409526503314,86.19325699810194,86.27116450724809,11133401
2016-07-12,86.5308609008789,87.77740218136373,86.24519064105567,86.73861660684045,9182267
2016-07-13,84.06373596191406,87.49172939164328,83.46642868615676,86.66069961402486,11106820
2016-07-14,85.72579193115234,86.01146217123912,84.08970617325552,84.42731005270804,7428442
2016-07-15,85.3102798461914,86.42697284352481,84.7129795959633,86.24518397309495,6629943
2016-07-18,84.7649154663086,86.1153380532748,84.45328544561386,85.49207096717014,3891623
2016-07-19,86.4269790649414,86.73861614458067,84.6610450066062,84.81686002406809,5987973
2016-07-20,87.43978881835938,88.29678541567837,86.6866665404251,86.73860722247483,7071425
2016-07-21,84.40135192871094,87.43980124625838,84.03777414740189,87.41382737918444,4189305
2016-07-22,86.4010009765625,87.28396436823034,84.58312646789304,84.92073032484588,7206087
2016-07-25,87.75142669677734,88.08903056622493,86.29712280918909,86.50487849464031,3967394
2016-07-26,89.02393341064453,89.85496318537925,86.84248817726998,87.9072404530548,8278821
2016-07-27,89.56930541992188,90.21854636996457,89.10185334483417,89.85496862005459,8851677
2016-07-28,91.51702880859375,92.89341822184078,89.41348389124774,89.80302846356568,31420184
2016-07-29,91.41314697265625,92.19223611332536,90.7379392019624,91.98448041808997,12377513
2016-08-01,92.03641510009766,93.43877123500575,91.23135214708653,91.41314101032869,11965659
2016-08-02,92.91938018798828,93.59459497156186,91.43911652628144,92.19223176659084,6487056
2016-08-03,91.36119842529297,93.02325793357274,90.21853867747588,92.97131725305502,10713465
2016-08-04,92.55581665039062,93.15311693394537,91.59493860569017,91.8286681728146,9047354
2016-08-05,91.6728515625,94.11400057309599,91.4391290261977,92.97133357989875,8816394
2016-08-08,92.71161651611328,93.49070555293656,91.15343844246672,91.93252747929,9540514
2016-08-09,91.465087890625,93.30892937701918,91.1534508246205,92.71162910992777,6314021
2016-08-10,90.58212280273438,91.67284907671657,90.16661138632001,91.46509336850939,3789657
2016-08-11,90.40033721923828,91.69881914768217,89.56930737609113,90.42630403992104,5017074
2016-08-12,92.4779052734375,92.97132416324332,90.47824176023735,90.47824176023735,4369997
2016-08-16,92.19222259521484,95.10082303616898,91.54298173985518,92.86743731161738,22372774
2016-08-17,90.71196746826172,92.86745311052522,90.50421176814538,92.42596784483094,11599079
2016-08-18,94.52951049804688,95.15278467437645,91.54300190550609,91.93254650453314,20664320
2016-08-19,93.98414611816406,95.04889848370192,93.12714945264392,95.04889848370192,16563739
2016-08-22,94.5035400390625,94.94502530991257,93.88026588671941,94.24384364970545,11335483
2016-08-23,94.60740661621094,95.25664753640727,93.49071364241622,94.2438359277299,7423678
2016-08-24,94.6853256225586,95.04889632816563,94.06205149192485,94.6853256225586,5319170
2016-08-25,94.65935516357422,96.08768530667945,93.75041779978,94.78920335840198,12995397
2016-08-26,93.9062271118164,95.25664251892202,93.59459007759416,94.86709798732282,7097916
2016-08-29,93.62056732177734,94.19190077402911,92.24417789911305,94.11399326797552,2956326
2016-08-30,95.2047119140625,95.46440827672777,93.33489669392958,93.95816373749742,5212793
2016-08-31,95.41246795654297,95.82797932049492,94.45159000210003,95.10083091122165,6435761
2016-09-01,95.72411346435547,96.08768417877621,94.65935405243711,95.30859501895489,6116318
2016-09-02,95.46441650390625,96.0876836011876,94.68532734876807,95.85396108147533,3858397
2016-09-06,96.918701171875,97.49003455558565,95.46440441762459,95.95782325991357,9001076
2016-09-07,95.95783996582031,97.12647375402743,95.51635468133227,96.65902164768771,5024999
2016-09-08,96.8148422241211,97.46408320758543,94.34771944224107,95.51635321247689,5980354
2016-09-09,95.46441650390625,96.94468730761184,95.25665376009715,96.60707637127972,5051740
2016-09-12,93.62056732177734,95.25665312776377,93.36087093845521,94.84114173233445,4144478
2016-09-14,93.04922485351562,94.03607665029091,92.71162099685205,93.46474325339852,6680869
2016-09-15,90.78988647460938,93.69848050838112,90.40034187600969,93.69848050838112,8920122
2016-09-16,91.43912506103516,93.75041872494862,89.93288035039669,91.56897325714431,21690721
2016-09-19,92.14029693603516,92.55581537802028,90.50421112280165,91.25733345565793,4266806
2016-09-20,92.50386810302734,93.17907583667383,91.93253468894159,92.27013855576483,4769662
2016-09-21,91.04957580566406,93.54265822528234,90.66003123730401,92.50387270965552,4957941
2016-09-22,92.73760986328125,93.6465472638919,91.51703537351808,91.98448748488899,4676363
2016-09-23,91.38719177246094,93.1790927970122,91.25734356583914,92.5817924554951,7599534
2016-09-26,91.25733947753906,92.60776217485054,90.8158541858601,91.25733947753906,6333433
2016-09-27,91.51702880859375,92.52984046979128,91.33523993256901,91.75075132515539,6069513
2016-09-28,92.68566131591797,93.02326519857777,91.51702761421583,91.51702761421583,4515648
2016-09-29,90.06272888183594,94.58144894114488,89.17976537183553,92.84148169786084,13380901
2016-09-30,91.69882202148438,92.29612231834464,89.10185808320887,90.42630687384316,11831869
2016-10-03,94.11399841308594,94.99696193782272,91.20539735192484,92.01045336634891,9403402
2016-10-04,94.01011657714844,94.89308714228939,93.72445335915816,94.26981297339982,7967290
2016-10-05,94.21785736083984,95.25664278129894,93.6984646506103,94.08800918328247,5347763
2016-10-06,92.39998626708984,94.65934604847358,92.1922305843141,94.16592718247054,5654229
2016-10-07,91.90657043457031,93.28295980369303,91.56896655832738,92.39998931685922,3980080
2016-10-10,92.4779052734375,92.97132416324332,92.03642002329485,92.03642002329485,4458994
2016-10-13,90.89374542236328,92.37401605542863,90.21853771696516,92.2182010602489,14897308
2016-10-14,92.2961196899414,92.71163109034637,89.62124831863557,91.30927483044313,4958871
2016-10-17,91.43912506103516,92.27014788036128,90.78988408048943,91.56897325714431,4534814
2016-10-18,91.62089538574219,92.34805082834357,90.89374698785542,91.80268424639253,7289895
2016-10-19,92.73760986328125,93.8802697972195,91.46509468454003,91.90657997377978,9020687
2016-10-20,92.78953552246094,93.62056534044741,92.37402413582525,93.15311326930349,4037879
2016-10-21,91.90657043457031,93.15311161708306,91.4650851911534,93.15311161708306,10350237
2016-10-24,91.465087890625,92.63372160460544,90.97166194905829,91.72478427150953,2945373
2016-10-25,92.63372039794922,92.9453574598943,91.20539032168979,91.69881625682909,3002870
2016-10-26,91.15345001220703,92.60775395902797,90.78987930903814,92.45193190505691,3927291
2016-10-27,91.15345001220703,91.854631643289,90.21854586724118,90.94569431829407,7017500
2016-10-28,91.36119842529297,91.9325318215588,89.36154210543441,91.30926478948982,4282450
2016-11-01,91.88059997558594,93.25699644043397,90.4522698699412,91.02360332114215,5277438
2016-11-02,90.94569396972656,91.67284241799253,90.60809008782255,91.38717922054647,4859666
2016-11-03,90.86779022216797,91.25733480463497,90.53018632630632,90.97166455066326,4078615
2016-11-04,90.14064025878906,91.33524080745421,88.94603266540862,90.89375554565527,4179894
2016-11-07,90.37435913085938,90.68599618806691,90.14063662148997,90.53018118182064,7660803
2016-11-08,91.93254852294922,92.24418561795612,90.32242940267675,90.5042182951571,3265787
2016-11-09,93.59459686279297,94.16593029283385,86.71264297229577,88.29678803109026,13247214
2016-11-10,97.87959289550781,98.68464888294076,94.08802139201435,96.0876849948146,18046820
2016-11-11,95.10084533691406,97.90556508081987,94.26981543823787,96.60708306561202,8770575
2016-11-15,96.06170654296875,96.91870311334485,94.81516543653856,94.81516543653856,11489252
2016-11-16,97.90555572509766,98.94434123799901,95.23068443831971,96.89274407684792,10203154
2016-11-17,100.1908950805664,102.00876982959319,95.67217502938506,97.61989797477091,9392264
2016-11-18,99.69746398925781,101.43743113992895,99.41180078984523,100.63237518179156,12168642
2016-11-21,96.1136474609375,100.58042622767398,95.72410292392061,100.58042622767398,12187225
2016-11-22,95.43843078613281,96.9706420855063,93.88025266936563,96.55513073892082,11976002
2016-11-23,94.34770202636719,97.41212453842202,93.28294982791711,95.67215761497926,13625626
2016-11-24,96.1136474609375,97.07452539452206,93.64653205983059,94.50352863232482,18404432
2016-11-25,97.98347473144531,98.78853072267849,96.0876854483919,96.6590189154197,14716858
2016-11-28,98.9443359375,101.17772889742297,97.10049456876168,97.1264613873071,10318399
2016-11-29,98.39897918701172,99.48970535707089,97.90555326290652,99.02225329696408,12406804
2016-11-30,99.67150115966797,100.08701256539722,97.43810798090581,99.10016769325368,7446808
2016-12-01,95.72411346435547,99.98313702259819,95.30859501895489,99.98313702259819,11056167
2016-12-02,95.46441650390625,96.55514273004276,94.78920167595732,96.0876836011876,9676372
2016-12-05,96.1396255493164,96.63305150526801,93.93220624744463,95.41247707058407,12282830
2016-12-06,94.9969482421875,96.91870412465974,94.78919256306703,96.29543708729834,4550359
2016-12-07,94.76322937011719,96.34737440931626,94.52949981921869,95.93186303517992,4265108
2016-12-08,96.42530059814453,96.5811156210795,94.29578869797746,95.54233001560442,5413273
2016-12-09,95.80201721191406,96.6070731609178,95.43843946704555,96.6070731609178,3451184
2016-12-12,95.95783996582031,96.32141774003767,95.25665828395292,95.69814356844095,3689403
2016-12-13,96.217529296875,96.89274410730218,94.76323239624206,96.34737748602848,4417447
2016-12-14,94.5035400390625,96.2954479435123,94.24384364970545,96.08768519625433,7312670
2016-12-15,95.23068237304688,96.47722355255166,93.75041164032214,94.01010801291542,5253972
2016-12-16,95.46441650390625,96.73692456380275,94.37369027776974,95.33456831138322,26025533
2016-12-19,95.62022399902344,96.08767604641044,94.97098308745407,95.64619081760031,3627943
2016-12-20,94.5035400390625,95.80202198584774,94.3996586654335,95.56829241754023,5757036
2016-12-21,95.17874908447266,95.41247865585217,94.39965990616167,94.55548196865318,5279390
2016-12-22,94.399658203125,95.28262874050091,94.06205430755729,95.04889917333806,2653684
2016-12-23,94.6853256225586,94.89308131786478,92.97132528567339,94.32174787223637,4805945
2016-12-26,92.86744689941406,94.71128830111124,92.58177666673423,94.71128830111124,5932940
2016-12-27,94.03607940673828,94.37368327329794,91.69881211479715,92.81550507867051,4555998
2016-12-28,93.49071502685547,95.04889325840065,93.02326296633491,94.03608163472525,3739977
2016-12-29,93.51669311523438,94.24384158052605,92.97132648272917,93.07520785407738,14737238
2016-12-30,95.30860137939453,96.13963128093931,93.62057475379751,93.69848226603575,4872601
2017-01-02,95.3864974975586,96.1915604804298,94.84113793231921,95.30858999462653,1811713
2017-01-03,97.67182159423828,97.90554408001259,95.82797330132038,96.03573601496103,7819727
2017-01-04,96.99662017822266,98.08734639569347,96.63304946887588,97.67183500080709,7829503
2017-01-05,99.12613677978516,99.33389248739786,96.6590210206848,97.15244699039111,6362320
2017-01-06,98.0613784790039,100.164916339762,97.77570823408732,99.28195287432071,6298387
2017-01-09,96.89274597167969,98.26913539424758,96.13962364221213,98.26913539424758,2956484
2017-01-10,96.89274597167969,97.80168331324353,96.11365682176783,96.91871279212398,4626997
2017-01-11,98.58078002929688,99.41180992859468,96.55514949300058,97.28229801311774,21835704
2017-01-12,102.83978271484375,103.74871993927798,98.68463407271581,98.68463407271581,26857806
2017-01-13,102.39830780029297,103.82663786792438,101.82697436429739,103.82663786792438,23933005
2017-01-16,103.56694030761719,104.42393692945255,102.19055093985554,102.32039912633711,8473484
2017-01-17,102.70994567871094,104.21618326218038,101.33354923952744,103.566942317175,10193606
2017-01-18,103.07351684570312,103.69679097360383,102.3463683929624,102.83979433127672,21229809
2017-01-19,104.81348419189453,105.80032902566084,102.45024995487134,103.3072465988075,8756982
2017-01-20,103.56694030761719,105.2289928677523,102.55412163517495,105.2289928677523,12987134
2017-01-23,103.98245239257812,105.02123789148469,103.38515213964986,103.80066352132647,7334154
2017-01-24,105.61854553222656,106.3197272019778,104.19021537132109,104.39797812140704,7122776
2017-01-25,105.48870086669922,105.98212684759599,104.86543372972595,105.77437113527158,10336365
2017-01-27,106.24180603027344,107.4883471469053,105.20302059229445,105.69644649322031,11095330
2017-01-30,106.839111328125,107.22865588588907,105.17705877516057,106.11196289590838,5832917
2017-01-31,107.61820983886719,108.68296928320623,106.1898796690371,106.73524632434702,7593736
2017-02-01,106.89105224609375,108.34535615843457,106.34569268191281,108.34535615843457,7325455
2017-02-02,105.93018341064453,106.9949428563518,105.56661268468629,106.94300216843904,7773806
2017-02-03,104.76154327392578,106.8910549913456,104.44990621008371,105.54063241117339,4479429
2017-02-06,104.44990539550781,106.0600243422057,103.74873081322536,105.04721269851153,6337200
2017-02-07,103.82662963867188,105.74837844142998,103.46305192329669,104.73556688239536,6562928
2017-02-08,104.44990539550781,105.28093521103399,102.99560850187335,104.39797175586844,9024346
2017-02-09,104.99526977539062,106.7871705120486,104.29408816334406,105.12511796115055,12790725
2017-02-10,103.82662963867188,106.89104522285386,103.48902578566035,106.57940818749148,16817238
2017-02-13,105.46273040771484,105.93018250550439,103.61888883793335,104.76154873867276,9508762
2017-02-14,104.32006072998047,105.9301797310538,103.93051615123927,105.90421291035719,9403263
2017-02-15,104.63169860839844,105.22899889146242,103.74873511660854,104.60573178750168,7302351
2017-02-16,104.47587585449219,105.15108359494553,103.41111651643592,103.87857561567348,6272531
2017-02-17,105.20303344726562,105.56661121287041,103.64485509990018,104.91737023480148,4966775
2017-02-20,107.22866821289062,107.72209419400198,104.81349308604794,105.90421938212017,9917513
2017-02-21,107.07284545898438,107.92984211376658,106.2418156246108,107.2286604708665,7428835
2017-02-22,104.70960235595703,108.50117370894654,104.34603165288031,108.37132551969447,26345564
2017-02-23,103.43709564208984,104.91736642731053,103.12545857498309,104.91736642731053,13404307
2017-02-27,100.11297607421875,103.87857333617133,99.67149084835724,103.87857333617133,14798634
2017-02-28,99.80134582519531,101.20370205347548,99.48970875956132,99.67149763490741,10051421
2017-03-01,100.06104278564453,101.12579513428966,99.64552434748614,100.50252804412492,10348326
2017-03-02,98.55480194091797,100.76222831859147,98.16525735274891,100.76222831859147,10629352
2017-03-03,99.12613677978516,99.33389248739786,97.64586591538183,98.16525870677138,8454072
2017-03-06,100.6843032836914,101.9048776084993,99.25597327576433,99.64551782338081,14858083
2017-03-07,101.04788208007812,101.77503050103363,100.52848934443637,101.04788208007812,11746802
2017-03-08,101.59324645996094,102.63203198058336,100.84013118433879,101.43743144975365,7938282
2017-03-09,100.9959487915039,101.6971304448969,99.98313710968324,101.6971304448969,9777769
2017-03-10,100.00910186767578,101.64518766203634,98.71061996029196,101.281616954798,16388459
2017-03-14,100.58042907714844,103.2033595494847,100.03506248304565,103.07351136680043,11886293
2017-03-15,100.21686553955078,100.78819903321158,99.9831430044503,100.76223221088345,7772586
2017-03-16,101.33354949951172,101.51533837352264,100.11298215554217,100.84013060687077,5161993
2017-03-17,100.7622299194336,102.32040829686511,100.29477077043165,102.21652692048343,9522200
2017-03-20,100.55445861816406,100.99594386318049,100.11298041786266,100.76222135326475,9378518
2017-03-21,100.37267303466797,101.04788076432438,100.19088417061747,100.762217581327,8126819
2017-03-22,99.77537536621094,101.59325009229592,99.4377714688811,99.48971215571233,8203222
2017-03-23,100.268798828125,100.50252839068978,99.51567649960764,100.24283200771347,5875356
2017-03-24,100.63236999511719,101.35951841091106,100.37267362913975,100.68430363254085,6164329
2017-03-27,101.20369720458984,101.8529381249228,100.58043014789911,100.7622190145353,7104197
2017-03-28,102.16458129882812,102.3204033558761,101.09982894355241,101.09982894355241,6020578
2017-03-29,102.24248504638672,102.55412210431108,101.67115865902625,102.47621460100873,6451066
2017-03-30,101.51533508300781,102.70994261298972,100.8920680212352,102.47621306187817,13016042
2017-03-31,102.4762191772461,103.82664179208021,101.61922251321984,101.61922251321984,8522874
2017-04-03,101.9048843383789,103.5669440025255,101.80101001231677,103.5669440025255,9945512
2017-04-05,101.2816162109375,102.78785380349716,100.86609777679732,102.24248717957225,7061975
2017-04-06,102.42427062988281,102.8138151786069,100.2947590212482,102.00875926246303,7466431
2017-04-07,101.2816162109375,101.93085715986106,101.02191983136807,101.82697579014723,9205565
2017-04-10,101.43743133544922,101.61922021029632,100.94400539582351,101.30758314551773,5763232
2017-04-11,103.43709564208984,104.70960368609587,101.02192070026412,101.4633989135572,10668096
2017-04-12,102.63203430175781,104.65767174855644,101.80101150223722,103.87858259046938,6620702
2017-04-13,103.87857818603516,104.42393775568682,102.21651856803435,102.73591131807022,5910355
2017-04-17,105.07318115234375,105.51466640914968,103.3591878549974,103.85260675225035,11138596
2017-04-18,105.0991439819336,106.11196264763646,104.73557328903341,105.17705852907606,7675098
2017-04-19,109.6957778930664,110.89038550088226,104.89139473040274,105.35884681836748,29099215
2017-04-20,108.50117492675781,110.3190495966905,106.70926707708092,110.11129390049838,11822555
2017-04-21,106.78717803955078,109.30623442980631,105.85227385406327,108.76087482905784,7938078
2017-04-24,106.39762115478516,107.48834727490488,106.00807661507916,107.25462477791005,7520828
2017-04-25,108.3453598022461,109.02056757534167,106.37166307870135,106.99493721133973,6293621
2017-04-26,106.839111328125,108.29341523727318,106.08599607661009,108.29341523727318,5977354
2017-04-27,107.90387725830078,109.15041851020322,106.55345463344175,106.99493990143426,13646716
2017-04-28,108.03372955322266,108.3973002829416,106.96897009650174,107.51433675815362,5477289
2017-05-02,106.99494171142578,108.47521255516406,106.21585253521779,108.47521255516406,5123042
2017-05-03,109.61786651611328,111.04619659513074,107.15075092508316,107.46238798762998,10859280
2017-05-04,109.41011047363281,110.50083666670972,108.5531138378992,109.59189934659814,12952295
2017-05-05,108.55311584472656,110.1112941365811,107.79999351911079,110.1112941365811,4993008
2017-05-08,109.072509765625,109.33220615035539,107.35850939957525,108.60505768205336,6855459
2017-05-09,108.21551513671875,109.85160098229488,107.9038780602482,109.09847863455066,4729357
2017-05-10,109.33220672607422,109.56592924673312,108.55311756778055,108.91668828148839,4623710
2017-05-11,108.13758850097656,109.8515887076878,107.09880305862356,109.59189234709955,4946190
2017-05-12,107.12478637695312,108.8647535554167,106.78717544261723,108.03372371923997,5386419
2017-05-15,107.35850524902344,108.55311279942808,107.17672342251221,108.501172115547,5353854
2017-05-16,107.72208404541016,108.00774724247842,107.12478378672147,107.38448016395265,4077710
2017-05-17,108.44922637939453,108.9166784231172,107.07283706659985,107.82595933600254,3694898
2017-05-18,108.16357421875,108.76087450462502,107.56627393287496,108.03372602422432,5797418
2017-05-19,106.8650894165039,109.98144600180576,106.00808571977372,108.91668660833183,17793954
2017-05-22,105.17706298828125,107.87790113680512,103.46306263863192,107.51433042849058,7423973
2017-05-23,104.60572814941406,105.69645434930516,102.50218325432797,105.4107841057992,6465473
2017-05-24,103.82662963867188,105.90420048146841,103.099481252636,105.12511141541971,6650433
2017-05-25,103.33321380615234,104.37199932868685,101.61922051185647,104.24215113837005,9992276
2017-05-26,105.021240234375,105.90421074602955,102.99560987526097,103.87858038691552,6466364
2017-05-29,108.60505676269531,109.46205341610793,105.48869312759582,105.51466699267817,14504778
2017-05-30,106.0080795288086,108.50116887828061,104.94332724223234,108.50116887828061,10884114
2017-05-31,108.00774383544922,108.70892544079813,106.4495656212138,106.4495656212138,7781359
2017-06-01,107.8519287109375,108.91668100491812,107.17672097007879,107.79998802824494,6369921
2017-06-02,107.04686737060547,108.21550809247674,106.63135599216922,108.08565990612604,6713770
2017-06-05,106.63135528564453,107.6961146334943,106.06002186054403,107.38447757937449,5093948
2017-06-06,105.67047882080078,106.81314568740291,105.07317856791491,106.76120500351826,5324457
2017-06-07,106.50150299072266,106.8391068510279,105.02123232430698,105.90420276945729,7605903
2017-06-08,107.69611358642578,107.87789540857295,105.74838377829236,106.4755392457405,7487370
2017-06-09,107.61820983886719,108.29342469143438,107.25463911337614,107.72209121455924,6432439
2017-06-12,107.09880828857422,107.98177877557818,106.47554121955524,107.20268965576821,3684911
2017-06-13,109.20235443115234,110.70859200499957,106.99493523223562,107.22865774411541,15775215
2017-06-14,109.33220672607422,110.63068865656368,108.81281395387843,109.5919031121721,13639132
2017-06-15,109.25430297851562,110.24114787070086,108.73491018844807,109.07251409304887,5595511
2017-06-16,109.0465316772461,109.85159466556158,107.82596435205477,109.07250554154241,6127735
2017-06-19,110.31903839111328,110.60470156377202,109.0465234335291,109.07249729586185,6393073
2017-06-20,108.18953704833984,111.66947135112915,106.78717378131365,110.241141264042,12876594
2017-06-21,106.839111328125,108.03371886543047,106.34569244845281,108.03371886543047,13855413
2017-06-22,105.07318115234375,108.39729342142721,103.87858061718904,106.91702264023799,33713902
2017-06-23,106.99494171142578,107.51433449556444,105.12512627958351,105.4367633590098,9034020
2017-06-27,106.8650894165039,107.3585083156809,104.65767016858176,106.99493760755816,6947747
2017-06-28,107.82596588134766,108.52714046713761,105.64451348526852,106.9949360616644,7103873
2017-06-29,108.03372955322266,109.33221154089526,107.46239606970359,108.03372955322266,7577681
2017-06-30,109.3581771850586,109.61787357979638,107.92984701400076,107.98178770189142,7751039
2017-07-03,109.82561492919922,110.44888901297584,108.8128033489555,109.07249970974333,8768284
2017-07-04,109.43606567382812,110.63067310882064,108.94264683641511,110.63067310882064,4530105
2017-07-05,109.09847259521484,109.82562103691662,108.81280940034755,109.82562103691662,6062229
2017-07-06,108.99459075927734,109.59189097219384,108.55310554287313,109.59189097219384,5577232
2017-07-07,108.78683471679688,109.28026064390477,108.13759378361016,108.91668290343422,7641379
2017-07-10,109.77368927001953,110.1112931546343,109.07250763599491,109.07250763599491,2844699
2017-07-11,110.08531188964844,110.81246733958704,109.53995234690917,110.37098211489995,13833624
2017-07-12,111.15007781982422,111.66947057515583,110.08531844456536,110.08531844456536,9211263
2017-07-13,111.7214126586914,112.70825749723645,111.38380877244114,112.68229067703074,9596900
2017-07-14,111.77335357666016,112.31871315983778,111.40977582473161,112.31871315983778,4889330
2017-07-17,112.55244445800781,112.94198903620783,111.7993221222683,111.7993221222683,6302565
2017-07-18,111.8772201538086,114.26642810669725,111.53961629023746,112.68228310740174,7549621
2017-07-19,113.56524658203125,114.00673180913242,112.21482408225134,112.91600567297502,8521832
2017-07-20,113.59123229980469,114.26644009780316,113.04586565245319,113.74704731635343,10233967
2017-07-21,111.82528686523438,113.98077246033155,110.8903827128108,113.98077246033155,4948380
2017-07-24,112.57840728759766,112.83810366385772,110.76053265377722,110.76053265377722,6137724
2017-07-25,112.708251953125,113.53928174012708,112.34467421983821,112.96794832126848,6113154
2017-07-26,112.86406707763672,113.20167799235858,111.955129788156,113.149737309731,5258903
2017-07-27,112.52647399902344,113.79898914421777,112.0590218999758,113.07184065184195,21380991
2017-07-28,111.4876937866211,112.60438692268563,110.13727106743602,112.2408161813731,8260545
2017-07-31,115.98042297363281,116.44788207044986,111.48767722919689,111.48767722919689,17403810
2017-08-01,116.55176544189453,117.17503958957734,114.60404253627995,116.24012836805312,15263765
2017-08-02,115.20133209228516,117.38278436135008,114.6300057289386,116.68160277167102,12014487
2017-08-03,115.79865264892578,116.62967547085009,113.87689652261591,114.7858338982217,5285543
2017-08-04,116.6556396484375,116.94130283915949,115.09746141966677,116.55175828196681,7975937
2017-08-07,117.35681915283203,117.512634155025,115.82460777083698,116.8633932380296,4619568
2017-08-08,115.77267456054688,117.69443061677002,115.01955927505476,117.64248993111515,3229672
2017-08-09,115.2532730102539,116.96727323795302,114.68193960102086,115.6168507374153,4573769
2017-08-10,112.91600799560547,115.20133463354857,111.85125570073768,115.20133463354857,6813656
2017-08-11,113.6950912475586,114.52612099439199,110.11128294934873,110.37097930493951,8860877
2017-08-14,115.69476318359375,116.31803730116857,113.74704037206625,113.87688855950142,4990789
2017-08-16,114.6300048828125,116.68160191040131,114.08463829721445,116.1881830507246,5221989
2017-08-17,113.98078155517578,115.09747467209556,113.61720377538063,114.52614118015278,2837686
2017-08-18,115.79865264892578,116.24013088130475,113.59123330816887,113.7470483261008,7721084
2017-08-21,114.42225646972656,116.83743856784893,114.03271187902496,116.34401260174069,5203218
2017-08-22,114.0067367553711,115.48700750118452,113.2536144503054,115.27925181021588,6646897
2017-08-23,114.13658142089844,114.6819409734523,113.04585527107592,114.05867391977858,5312780
2017-08-24,114.7598648071289,115.40910577686402,113.7730128973592,114.00674246435,5492256
2017-08-28,112.76019287109375,114.73388245521843,112.52646332139076,114.73388245521843,9753985
2017-08-29,111.82528686523438,113.51331333940458,111.04619772330967,112.86407238780065,12235532
2017-08-30,111.98110961914062,112.94198764245276,111.27992797809043,112.63035057479541,9313551
2017-08-31,113.87689208984375,114.26643666422567,111.69543965541887,112.31871379231605,8143692
2017-09-01,112.44855499267578,113.59122182437416,112.08497726130408,113.59122182437416,8803556
2017-09-04,113.01988220214844,113.87687875650369,110.52679299117976,112.50048949711926,6239751
2017-09-05,112.2927474975586,113.01989596419895,112.13692544024725,112.96795527842852,3937595
2017-09-06,111.30590057373047,112.21483795880896,110.63069276270126,111.6694783456481,4800221
2017-09-07,112.13692474365234,112.2667729349142,110.9163503368479,111.92916904657643,5008597
2017-09-08,110.6826171875,112.52645850841724,110.31903946900512,112.29273601342587,8588797
2017-09-11,111.98110961914062,112.18886531600711,109.41011261686161,109.591901493388,6205180
2017-09-12,111.82528686523438,112.34467962651752,111.30589410395123,111.98110892044843,4307268
2017-09-13,111.02022552490234,112.24079986373164,110.63068097281098,111.82528144800526,3679773
2017-09-14,111.12409973144531,112.18885195401826,110.44888499115507,110.786488838943,6793237
2017-09-15,110.3709945678711,110.86442052961404,108.08566773158294,110.47486889764323,9054445
2017-09-18,111.85125732421875,112.89004281515365,110.37098659069352,110.37098659069352,10470233
2017-09-19,112.11095428466797,112.3966174782866,110.5268021758587,112.3966174782866,5530915
2017-09-20,110.57874298095703,112.2927432786946,110.37098729039597,112.13692122723754,5687495
2017-09-21,109.87755584716797,110.57873743174959,109.25428880676239,110.57873743174959,5113744
2017-09-22,108.83877563476562,109.7736868073967,108.08566037747629,109.09847200859953,5195124
2017-09-25,109.15042114257812,111.07217727561465,107.85193917288196,108.553120845461,13057600
2017-09-26,109.46205139160156,110.89038146911065,109.15041432938384,110.89038146911065,6570371
2017-09-27,108.11163330078125,110.65665649909845,107.41045164289912,110.11129690114312,7885119
2017-09-28,108.55311584472656,109.53996068729138,106.47554478892052,106.99493755287203,11633088
2017-09-29,109.5918960571289,110.44889266713922,107.0468660014351,109.5918960571289,13782560
2017-10-03,107.07284545898438,110.24114273988137,106.73524157009628,110.18920205434891,12296210
2017-10-04,108.5790786743164,109.41010847503814,106.50150769486952,106.50150769486952,12075908
2017-10-05,106.44956970214844,108.76087029309143,106.03405831364223,108.55311459883833,17352392
2017-10-06,106.345703125,106.91702956464017,105.72242895211805,106.47555132395743,13466622
2017-10-09,104.37200164794922,106.39763205296025,103.69679386118399,106.39763205296025,21446056
2017-10-10,106.345703125,106.99494411978716,104.39798014063851,104.42394696254372,14560236
2017-10-11,105.35884094238281,107.04686736485118,104.60572568841822,106.68329666991775,11830976
2017-10-12,105.07318115234375,106.06002599156483,104.65766976047651,105.46272572398748,5518551
2017-10-13,106.81314849853516,107.5662708228958,103.98245512183085,105.12512201850595,11394674
2017-10-16,106.8650894165039,108.34536020346533,106.55345234903068,107.3585083156809,11521216
2017-10-17,106.42359924316406,107.46238472362523,105.93017332205905,106.60538811118775,4936452
2017-10-18,110.91635131835938,111.279929074996,106.99493872543655,107.09881305253609,18484486
2017-10-19,109.41011047363281,110.63068485529708,108.83877703490538,110.55277735108767,559370
2017-10-23,110.91635131835938,111.25396225439994,109.5919025736544,110.60471424763018,14162373
2017-10-24,111.69544219970703,112.13692746967276,109.79965997014106,110.78650483877803,7050716
2017-10-25,112.24080657958984,113.74704419552498,111.04619898820211,112.18886589392685,16306452
2017-10-26,110.11128997802734,112.05901276928621,109.46204904760774,111.35783115549003,23524154
2017-10-27,109.9814453125,110.91634946434499,109.28026367625867,110.29308237802006,9985329
2017-10-30,110.31903839111328,111.40976449122621,110.03337521845454,110.08530885369105,4118717
2017-10-31,110.03337097167969,113.69508661853959,109.43606374236825,110.47484912243792,16442260
2017-11-01,109.25430297851562,110.83844817033544,108.37133241751455,110.55278495368451,12417385
2017-11-02,111.77335357666016,112.34467998009758,110.00741254696743,110.11129391743708,16259892
2017-11-03,109.09847259521484,114.52612965541371,108.86475008433662,114.52612965541371,26293141
2017-11-06,109.43606567382812,110.78648810069542,108.81279866161468,109.46203953561681,7985183
2017-11-07,107.8519287109375,110.21516284865784,107.2546284717602,109.9035328419322,9702210
2017-11-08,108.11163330078125,109.0465374814805,107.59224052378936,108.03372579317555,12777065
2017-11-09,108.03372955322266,108.96863376646067,106.47555116801554,108.96863376646067,9492091
2017-11-10,109.77368927001953,110.1112931546343,107.25463297837601,107.51432935803585,8999608
2017-11-13,109.5918960571289,110.81247040215688,108.70892558335169,110.05934811306955,7885278
2017-11-14,107.48835754394531,109.61786930672672,107.04687228115772,109.5919024861514,4927717
2017-11-15,107.51433563232422,107.79999884873463,106.16391297034245,107.3585135686058,8653007
2017-11-16,108.18953704833984,108.47520729258636,106.5534512666194,107.56626996444,18027175
2017-11-17,108.3453598022461,109.04653439557028,107.9038745453535,108.70893050902248,9193722
2017-11-20,108.44922637939453,109.22831546717055,106.81314070400784,109.22831546717055,8277194
2017-11-21,107.30656433105469,108.527131573534,106.8910459329065,108.527131573534,15596732
2017-11-22,107.54029083251953,108.11162424831447,106.52747218430511,108.11162424831447,8665005
2017-11-23,108.5790786743164,108.96862323296268,107.2805968121621,107.98177842666841,6824919
2017-11-24,109.6957778930664,110.03338883216101,108.03372524200117,108.29342162917217,7734712
2017-11-27,109.15042114257812,110.03339169985773,108.03372805758254,110.00741783363448,14811199
2017-11-28,108.21551513671875,109.07251181347621,107.09881502563964,109.07251181347621,21546865
2017-11-29,108.42326354980469,108.94265629409664,107.79998943876836,108.34535604710388,7324543
2017-11-30,107.0208969116211,108.29341191246786,106.55344486559882,108.29341191246786,19256592
2017-12-01,105.41078186035156,107.69611558085678,105.02123730045385,107.5143267106282,8172074
2017-12-04,105.3069076538086,105.9301747235021,104.34602966272672,105.69645221413516,7124561
2017-12-05,104.03439331054688,105.15108631544102,102.24248550301519,104.91736380449017,17485101
2017-12-06,104.0084228515625,104.32005285525943,103.1773930707028,103.72275262188724,5557173
2017-12-07,105.07318115234375,105.43675890376397,103.59291037115453,104.00842880773696,11119755
2017-12-08,105.48870086669922,105.85227864680377,103.82664812338811,105.43676722215493,14615599
2017-12-11,106.1119613647461,106.68329478349891,105.22899089533587,105.85226499665072,8231500
2017-12-12,105.38481903076172,106.2158488656158,104.86542626456732,106.2158488656158,8310332
2017-12-13,104.13827514648438,105.151086787919,103.80066422129109,104.39797152296224,12105970
2017-12-14,103.93051147460938,104.70960059703457,103.09948871312784,104.55378559043554,12838407
2017-12-15,103.28126525878906,104.99526546732173,102.58009072022737,104.6057209260254,22654959
2017-12-18,103.82662963867188,103.930503953983,100.45057701912751,103.3332037456219,16832008
2017-12-19,105.22900390625,105.43676666218676,103.46306979379757,104.24215899441326,20133065
2017-12-20,105.41078186035156,105.61853755002068,103.85260362076072,105.4886893633881,14097971
2017-12-21,105.48870086669922,106.3716714499727,104.96930806353029,106.3716714499727,7881749
2017-12-22,105.46273040771484,105.74839362172081,104.83945624751843,105.43676358633812,7399925
2017-12-26,105.15107727050781,105.95614019155056,104.5018363880771,105.38480680606864,7946762
2017-12-27,104.50184631347656,106.21584663271501,104.29409062030936,105.17706112216388,7831439
2017-12-28,103.43709564208984,104.94333324760474,103.09949175468887,104.63169618049798,15796200
2017-12-29,104.06036376953125,104.76154541633653,103.59291168656615,103.64485237238789,8561565
2018-01-01,103.98245239257812,104.78751538105973,103.38515213964986,103.38515213964986,6388017
2018-01-02,104.26811981201172,104.81347936630416,103.51499752778422,104.52781617971571,4383705
2018-01-03,104.73558044433594,105.15109184881295,104.19021380065503,104.65767293658593,8187397
2018-01-04,104.06036376953125,105.35884569149833,103.87858193622809,104.91736747380176,4204055
2018-01-05,104.52781677246094,104.94332814525762,104.19020585675939,104.55378359149265,4923559
2018-01-08,104.16424560546875,105.5666089053301,103.90454921991778,104.91736794145268,11797863
2018-01-09,104.3979721069336,104.60572780033499,104.0343943599448,104.4499057467476,7380366
2018-01-10,103.80066680908203,104.86542620601519,103.0994922108833,104.86542620601519,8710385
2018-01-11,102.76188659667969,104.03440175690253,102.47622337853119,103.41112758766774,12305664
2018-01-12,101.98278045654297,102.9955990520261,101.64517660628674,102.89171769284829,9411915
2018-01-15,103.51499938964844,104.00842531504692,101.35952090787895,102.73591027252344,9962401
2018-01-16,101.9048843383789,103.51500331713682,100.94400631519152,103.41112194635944,13205546
2018-01-17,102.52815246582031,103.20336020216273,100.76221857908915,101.80100404713275,13012437
2018-01-18,102.32039642333984,103.77469325562929,101.67115550808299,103.15141915909679,24603506
2018-01-19,101.85295104980469,102.83980300971169,100.91804682377418,102.32041020753569,8082214
2018-01-22,101.43743133544922,102.29442798005397,101.2816163254175,101.87891659015929,9833311
2018-01-23,101.72309112548828,101.9827874966458,100.78818700720718,101.43742793510098,16134097
2018-01-24,101.77503967285156,102.29443245530025,101.35952826477882,101.43743577320302,11061376
2018-01-25,100.91804504394531,102.24249384824934,100.32074474092028,102.1645863382401,13143678
2018-01-29,100.84011840820312,101.80099630198158,100.76221091297012,101.02190726022299,11002896
2018-01-30,101.2556381225586,101.87891222541317,99.0482189882947,100.65833788340663,22826262
2018-01-31,100.65834045410156,101.43742958020935,99.72343632065822,101.25564070850787,14372442
2018-02-01,101.20369720458984,101.35951925229867,98.16524828848861,101.0219153826685,17028230
2018-02-02,100.1908950805664,101.02192494620748,99.20404315246518,101.02192494620748,22083930
2018-02-05,102.06070709228516,102.29442961105926,98.68464705552277,98.68464705552277,21997294
2018-02-06,101.2556381225586,101.59324199297363,98.68464125417707,98.68464125417707,13495253
2018-02-07,101.54131317138672,102.2424877644632,100.45058696201245,101.69712818213367,14316750
2018-02-08,100.34671020507812,101.09983256264817,99.9052249280445,100.76222866069853,33536651
2018-02-09,100.34671020507812,100.91804367860897,99.20404325801645,99.72344308872083,15183068
2018-02-12,103.0994873046875,103.38515049445496,100.39864223262367,100.86609429074994,11747845
2018-02-14,101.51533508300781,103.07351330451168,100.60639778713055,103.07351330451168,13853923
2018-02-15,102.78784942626953,102.99560511213475,101.12578984991805,101.80100463487359,8833619
2018-02-16,101.56729125976562,102.96965469093112,101.15177982186562,102.8917401321984,6252218
2018-02-19,100.84011840820312,102.29441513493347,100.55444819939639,101.59323358840787,4332550
2018-02-20,101.2816162109375,101.98279080000283,100.63237526201394,101.22967552608058,8479558
2018-02-21,100.73625946044922,101.74907825792519,100.39865554286251,101.5932561880819,9258406
2018-02-22,98.81448364257812,101.0219096920802,98.29509093556926,100.3986356257838,25535938
2018-02-23,100.37267303466797,100.68430303622338,98.86642848514794,98.99627666736761,11567495
2018-02-26,101.87891387939453,102.42427344470993,100.24282813873337,101.28161363054554,8362326
2018-02-27,102.70994567871094,102.96964205671308,101.56727879761543,102.45024930070878,17333449
2018-02-28,102.68397521972656,102.94367160634188,101.48937465918226,102.21652313276206,5795018
2018-03-01,102.52815246582031,103.09948588218727,101.56727449893701,102.37233041878488,8106682
2018-03-05,102.29442596435547,102.34636664824761,100.8920697675578,102.21651846087477,6992551
2018-03-06,100.32074737548828,102.58010749338418,99.7753807016702,102.37234473494921,9525018
2018-03-07,100.42461395263672,100.7622248866567,99.3338877339701,100.1129839284879,9481007
2018-03-08,101.48936462402344,101.74906098496025,99.93118645840254,100.68430167829051,10429826
2018-03-09,100.1908950805664,101.61922524051603,99.61956160764346,101.5413177316437,9887071
2018-03-12,101.2816162109375,101.61922009543473,100.2428306926598,100.50252707222921,14242997
2018-03-13,101.30758666992188,102.3204054045086,100.37268248777674,101.22967916219568,10581316
2018-03-14,100.94400024414062,101.90487820953817,100.50252205667658,101.09982229093512,8577503
2018-03-15,101.17774200439453,101.67116797839603,100.65834920848376,100.73625671892724,6132848
2018-03-16,99.85328674316406,102.39830986980014,99.38582762126512,100.96997977330166,10373796
2018-03-19,100.8661117553711,101.33356389443509,99.98314816929825,100.45060030836224,13496140
2018-03-20,101.22966766357422,101.85293469930261,100.13894154515627,100.81414926170734,9661410
2018-03-21,100.8661117553711,101.54132666265565,100.5544746477564,101.54132666265565,9675146
2018-03-22,100.08700561523438,101.12579110213841,99.85328310750994,100.8660947304124,11371840
2018-03-23,100.89207458496094,101.41146735925231,99.20404102379861,99.20404102379861,9062739
2018-03-26,101.22966766357422,101.54130470379572,100.89206380529868,100.9699713041754,15451169
2018-03-27,101.77503967285156,101.98279537688795,101.33355439882709,101.33355439882709,7563470
2018-03-28,100.37267303466797,101.69712167542275,99.8792471243473,101.54130667464504,14095921
2018-04-02,101.22966766357422,101.38548266132766,100.19088222597895,100.19088222597895,6821616
2018-04-03,103.12545776367188,103.61888370310194,101.04788672559185,101.17773491547185,6269850
2018-04-04,101.82698059082031,103.82664421672287,101.09983210268724,103.33321825439212,9689298
2018-04-05,101.93084716796875,103.07350689923456,101.80099899091255,102.78784372759672,8673501
2018-04-06,101.77503967285156,102.78785841651268,101.67116534319112,102.5801027124763,7948746
2018-04-09,101.72309112548828,102.06070204376499,101.38548725192649,101.80100567260747,4610445
2018-04-10,102.29442596435547,103.1773964563768,101.95682208612908,102.24248528046333,7562115
2018-04-11,102.32039642333984,102.94366347515755,101.69712232680735,102.83978915554533,5790314
2018-04-12,101.98278045654297,102.78784337838492,101.85293227992793,102.424265665977,3537785
2018-04-13,102.58009338378906,102.83978975139648,102.00875996610978,102.06070064857424,3438013
2018-04-16,103.46306610107422,104.346036648144,102.21652483352284,102.45025440325173,9628436
2018-04-17,106.42359924316406,107.59223290868289,105.02123602665552,105.5406287668861,23457958
2018-04-18,106.47554779052734,106.89105919551596,106.13793684866924,106.52748143261435,8814122
2018-04-19,108.08566284179688,108.50117423151866,106.44957001356882,106.73524025812831,10627620
2018-04-20,107.61820983886719,108.86475816830954,107.09881704983806,108.44923971025689,5446620
2018-04-23,107.41043853759766,107.98177193152262,106.57940878686267,107.98177193152262,4139986
2018-04-24,107.22866821289062,108.13760561883153,106.37167149623235,108.13760561883153,3594644
2018-04-25,107.69611358642578,109.07250293029858,105.90420582619477,107.2026876684738,5924775
2018-04-26,107.51433563232422,108.3972991478663,107.09881717379068,107.79999884873463,7950190
2018-04-27,107.98178100585938,108.39729239378744,107.56626961793133,107.77402531189534,7371596
2018-04-30,107.955810546875,108.55311078865579,107.54029212823824,107.79998849811813,5644871
2018-05-02,106.55345153808594,108.60505575901497,106.31972197808105,107.51432955351746,7210903
2018-05-03,107.22866821289062,107.80000170556805,105.56661546885671,106.47555287479761,3782713
2018-05-04,107.72208404541016,107.92983973825208,106.21584646641234,107.51432835256824,22466426
2018-05-07,108.70893096923828,109.07250872226908,107.51433042879181,107.51433042879181,6003886
2018-05-08,110.50083923339844,111.1500801914157,108.47520885332764,108.81281274255356,19748071
2018-05-09,110.03337097167969,110.99424885718697,109.66979327076962,110.11127846624207,13934330
2018-05-10,108.03372955322266,110.00741935659875,106.31972910266543,109.69578227061419,13973187
2018-05-11,107.4364242553711,108.55311730393476,106.9689651257588,108.44923593186196,10688957
2018-05-14,108.5790786743164,108.96862323296268,106.99493362037414,106.99493362037414,13962128
2018-05-15,111.07217407226562,112.18886712505551,108.37132883530445,108.55311771476218,56040833
2018-05-16,110.86441802978516,111.66947400740715,110.3969588998469,111.35783693568675,18183776
2018-05-17,110.86441802978516,112.18886677870272,110.26711070702301,110.37099207916825,17900935
2018-05-18,110.6047134399414,111.66947283676451,110.16323522474049,110.9942650590447,18414996
2018-05-21,110.44889831542969,111.38380951983665,109.90353872972874,111.38380951983665,16669979
2018-05-22,109.46205139160156,111.15007784683957,108.81281044727926,111.02022965797511,9411261
2018-05-23,109.74771881103516,110.34501909384583,108.9166889613912,109.59190379628988,18219990
2018-05-24,109.9814453125,110.31904919818207,109.79965643722038,110.31904919818207,17260447
2018-05-25,110.13726043701172,110.65665319851155,109.20235628419812,109.20235628419812,30090956
2018-05-28,107.48835754394531,110.37099163999468,107.15075365288962,110.24114344768748,17488299
2018-05-29,107.51433563232422,108.91669193749655,106.8650946452864,108.16357661936203,15749359
2018-05-30,108.81281280517578,110.08532085679279,107.51433088839399,107.51433088839399,36016623
2018-05-31,108.78683471679688,110.47486114308234,104.70960024744132,109.02056427063009,274352477
2018-06-01,106.9689712524414,107.98179003165713,104.06037015968042,107.46239723097537,17096388
2018-06-04,104.76154327392578,107.48835525429239,104.19020983100118,107.48835525429239,14456405
2018-06-05,103.28126525878906,104.47587274559328,101.33354255230738,104.29408388404539,13788817
2018-06-06,104.44990539550781,105.56660545262599,102.58009711646781,102.58009711646781,8130515
2018-06-07,105.3069076538086,105.9301747235021,102.96964029184919,104.63169285574688,7683528
2018-06-08,102.78784942626953,104.50184264055117,102.19054918763895,104.34602763733098,12429285
2018-06-11,101.64517974853516,103.489028140298,101.02191270834399,103.15141723489046,19668041
2018-06-12,101.30758666992188,102.03473514989201,100.45058999550294,102.03473514989201,13416832
2018-06-13,102.91770935058594,103.54097647927912,101.33355709513665,101.9568312685455,10866676
2018-06-14,103.28126525878906,103.54096161965329,102.11263163490004,102.9436613986085,7205187
2018-06-15,102.76188659667969,103.35919394416119,101.93086376398746,103.28127938947013,9527937
2018-06-18,103.17739868164062,103.61888393717295,101.93085746491975,102.76188024625688,4303444
2018-06-19,103.203369140625,103.72276191963151,102.21652426945572,102.60606885371061,8099053
2018-06-20,103.43709564208984,103.72275884418715,102.21652123867226,103.20336608058098,8160216
2018-06-21,101.51533508300781,103.1773946704979,100.65833847012365,102.89172443639325,10942576
2018-06-22,102.68397521972656,103.04755297887414,100.81415982715325,101.90488605988062,7677797
2018-06-25,100.8661117553711,102.99562377190279,99.46374829346298,102.68398666428807,8701812
2018-06-26,99.07418823242188,101.12579241354875,98.16525091959365,100.71028103128471,9869227
2018-06-27,97.23033905029297,99.98312463407036,96.45124998700561,99.69745441736964,13094540
2018-06-28,95.98381042480469,98.03540766443717,95.12680670810533,97.85362582849768,22542641
2018-06-29,97.0485610961914,98.8664357814248,95.62023098636517,96.21753125971308,8435793
2018-07-02,96.1136474609375,97.30824788990344,95.30858452427387,97.12645903035265,13100144
2018-07-03,95.85395812988281,96.3214101996286,94.11399099470927,95.59426175283349,9990760
2018-07-04,95.04889678955078,98.29510155920259,94.60741153193509,96.21753050662544,10626271
2018-07-05,94.34770202636719,95.43842808619058,93.77637570215353,95.12679106271044,7739370
2018-07-06,94.42562866210938,94.99695505951244,93.93220272466293,94.34771411272247,7229617
2018-07-09,95.82798767089844,96.08768405717689,94.52950573950612,94.63338711190364,10238815
2018-07-10,95.5942611694336,96.26946892775511,95.2566502455578,96.087680055987,7258266
2018-07-11,94.9969482421875,95.95782618342362,94.73725188210825,95.46440732610183,3825437
2018-07-12,94.84114074707031,95.36053350831884,94.32174798582177,95.15277781276247,11523981
2018-07-13,94.399658203125,95.2306880539408,94.13996181503978,94.63338777028785,4793733
2018-07-16,94.19189453125,94.78919476436046,93.80234998208472,94.0360795294698,12191173
2018-07-17,94.24384307861328,94.65935448118051,93.4907207361554,93.85429849693824,4698206
2018-07-18,92.71161651611328,95.46440200638409,92.47789403189483,94.84112795903977,5845129
2018-07-19,92.16626739501953,93.90623451562222,91.98447852366432,93.02326402316264,5980121
2018-07-20,91.30927276611328,92.42596579358121,90.42630225432086,92.19223623319051,5273662
2018-07-23,91.9585189819336,92.45193790641693,91.2313634389635,91.38718550304948,6336970
2018-07-24,92.32208251953125,92.6856602627043,91.54299339391618,92.55581207510178,6260188
2018-07-25,91.23136138916016,92.97132860837512,90.73794247576305,92.78953972671705,7757736
2018-07-26,94.45159149169922,95.46441014378803,90.47823847415398,91.54299076401979,33869484
2018-07-27,93.43878173828125,95.98381202032427,92.55581823069015,95.17874897681752,19690254
2018-07-30,95.15277862548828,95.43844182872883,93.51669282252419,93.95817103758408,10288607
2018-07-31,94.6853256225586,96.39931891472862,94.45159606239214,95.38650021362758,11713824
2018-08-01,95.9318618774414,96.47722143000313,93.56862071200601,95.04889141216404,10299992
2018-08-02,98.00942993164062,98.81448582741878,95.95782587570781,96.68498131736956,12305598
2018-08-03,98.78852081298828,99.17806535896997,98.16524672153167,98.58076513074099,7491196
2018-08-06,98.39897918701172,99.64552036220151,97.98346781018677,99.64552036220151,4944677
2018-08-07,98.2171859741211,99.0222489175977,97.46407075634384,98.60673051443455,3270258
2018-08-08,98.42495727539062,99.04823145670433,97.5679605596211,98.21720156319131,6225545
2018-08-09,100.03506469726562,100.24282742993097,97.56794917165635,98.4249457873987,6328977
2018-08-10,98.9703140258789,100.68430728563227,98.21719171933316,100.60639978195532,4909902
2018-08-13,97.64585876464844,98.68464427135592,97.20438056006982,97.9574958256037,2537940
2018-08-14,97.59392547607422,98.165251871046,96.89274384758191,97.4121366028036,2304692
2018-08-16,97.49005126953125,98.68465187641988,97.1784141845599,97.33423624940338,3661689
2018-08-17,97.17839813232422,98.16524286779368,96.47721656814097,97.90554651400096,4022502
2018-08-20,97.46407318115234,98.08734023433136,96.39931385097663,97.3861586353795,2487784
2018-08-21,97.4121322631836,97.80167681224601,96.52916180075619,97.46407294533488,3655095
2018-08-23,98.78852081298828,99.20403217748286,97.41213149279591,97.41213149279591,9442607
2018-08-24,99.17807006835938,101.07385220654702,98.45092162360845,98.94434051178601,8393334
2018-08-27,102.73590850830078,102.99560487621616,99.1521000400114,99.2819482239691,14042229
2018-08-28,102.39830780029297,104.11230106356464,101.67115935662362,102.63203031180362,8224129
2018-08-29,100.268798828125,103.38515542384063,99.77537288258394,102.32040307152388,6955827
2018-08-30,102.29442596435547,102.94366690121967,99.93119177205577,100.37267701806643,22347117
2018-08-31,104.65766906738281,105.04721363644678,101.20370158591008,101.20370158591008,11854651
2018-09-03,101.02191925048828,106.47554319008773,100.76222287241212,105.35884312858813,8999761
2018-09-04,100.9959487915039,102.03473433883713,99.54165184312356,101.02192265701646,5387824
2018-09-05,101.61922454833984,102.32040621284577,100.11298688977759,100.84013537549224,7334087
2018-09-06,103.51499938964844,104.78751443217192,101.54130977748444,101.80100614985943,16457730
2018-09-07,101.64517974853516,104.34602472350751,100.16490908041982,104.34602472350751,4580610
2018-09-10,100.21686553955078,101.28162501517221,98.76256850542855,100.32074691829484,6293799
2018-09-11,97.07453918457031,101.20370763669483,96.71096141382021,100.26880343293112,9560546
2018-09-12,100.65834045410156,101.41146276055845,97.17840620626738,97.17840620626738,13582243
2018-09-14,103.95648193359375,104.89138603199373,100.71027736315666,101.41145895931403,22816500
2018-09-17,104.86541748046875,105.72241406395976,102.52815022837619,102.52815022837619,15162744
2018-09-18,103.3072509765625,105.90421488321519,102.9177063905646,104.65767361696498,4937349
2018-09-19,102.99560546875,103.87857594262798,101.90487930828745,103.35918320380914,6025625
2018-09-21,104.08633422851562,104.86542335619974,101.33354841720269,103.35918578495345,11174973
2018-09-24,102.63203430175781,104.06036442491742,101.04788916486692,103.87858259046938,3992299
2018-09-25,100.03506469726562,103.1514211506668,99.54164581897273,102.3203983988651,10770907
2018-09-26,100.16490936279297,100.76221663114269,97.74973460522497,100.47654640612441,7286693
2018-09-27,101.04788208007812,101.74906368213747,99.80134092348086,100.24282615771934,8101331
2018-09-28,97.85362243652344,102.81382046054865,97.30825581346326,101.0219196711899,10284429
2018-10-01,99.93119049072266,100.7102796049701,96.55513766231705,97.80167883616998,4684738
2018-10-03,98.1392822265625,99.87924931541912,97.82764517345588,98.94433815609926,10349581
2018-10-04,98.29510498046875,99.17807552643286,95.85396313555316,97.64586400394086,11239097
2018-10-05,97.28228759765625,99.48970678882496,96.78886166645017,98.1652510472947,7035573
2018-10-08,96.94468688964844,98.19122812355216,94.78920126728698,96.8667723386983,4680183
2018-10-09,96.89274597167969,98.39898358589956,96.2435050134198,97.15244235498365,5552286
2018-10-10,97.20438385009766,98.13928801989158,96.71095789982482,96.71095789982482,3526073
2018-10-11,96.45126342773438,97.90556039731166,95.5942667476365,96.58111162304361,10016561
2018-10-12,97.87959289550781,98.55480068853446,96.65901845914543,96.73692596684613,6856067
2018-10-15,97.69779968261719,98.68464450740679,96.65901417342496,97.87958855566885,6926558
2018-10-16,97.23033905029297,98.06136879340906,96.13961295274777,97.61988358193666,6530627
2018-10-17,98.2171859741211,98.73657869453903,97.64585257271841,97.6718264355681,4151254
2018-10-19,98.2431640625,99.4377645529563,97.15243789376623,98.16524951531443,9497796
2018-10-22,98.2431640625,99.20403500082945,97.7757049582463,98.37301224818938,4377225
2018-10-23,99.17807006835938,100.06104056573092,96.50319880121394,97.64585863018968,4599675
2018-10-24,98.89241027832031,99.85328831273893,98.373017507793,99.46373669012812,4510189
2018-10-25,99.35985565185547,99.80134088592781,96.9706476598594,98.52882586619837,7455415
2018-10-26,97.85362243652344,99.20403797237114,97.54198537259121,98.86643408840922,6390862
2018-10-29,98.450927734375,98.94434665317866,97.33423465583296,98.37302022558657,8374975
2018-10-30,96.68499755859375,98.45093168916975,96.39932728860677,98.16526141918276,5105532
2018-10-31,96.58110809326172,96.99661948517927,92.86745125208486,96.13962283640234,9622136
2018-11-01,97.87959289550781,98.32107816543234,96.37335524933772,96.65901845914543,5603131
2018-11-02,98.60674285888672,99.87925800110109,98.00944256457375,98.19123144842088,6034462
2018-11-05,96.63304138183594,98.42494204762728,96.08767479638361,98.1912195493317,4872816
2018-11-06,97.69779968261719,98.16525175281066,96.08768073442621,97.17840692802108,7337064
2018-11-07,98.19123840332031,98.684657357608,97.69781240431661,98.684657357608,223308
2018-11-09,99.56761932373047,99.82731571228472,98.06138167905891,98.16525600765138,9231137
2018-11-12,96.58110809326172,100.19089060881679,95.69813757954294,99.46373510588829,3906667
2018-11-13,95.5942611694336,97.64585830877363,94.97098705043292,97.12646555784475,7750412
2018-11-14,96.58110809326172,97.1264676757429,95.6202300741478,95.72411144448479,9918943
2018-11-15,97.17839813232422,97.90554651400096,96.37334225345255,96.60706474503733,8814911
2018-11-16,97.69779968261719,98.68464450740679,96.71095485782759,97.12646624361844,5537047
2018-11-19,98.52882385253906,98.94433521451826,97.46407158452064,97.74973476529202,5155461
2018-11-20,97.85362243652344,99.2559786571457,97.38616331826753,99.2559786571457,2673334
2018-11-21,94.5814437866211,97.56795214549156,94.1659323980556,97.38616327122598,6426666
2018-11-22,93.3868408203125,95.4124711148813,92.34805533133209,95.4124711148813,6231287
2018-11-26,94.76322937011719,94.97098505718536,92.89341409707384,93.51668820299327,5022526
2018-11-27,94.81517791748047,96.0617191879984,93.64654415548576,94.50354083867211,6727512
2018-11-28,95.72411346435547,96.08768417877621,94.26980947252645,94.47756517286906,9281286
2018-11-29,93.75041198730469,97.90555396417602,93.12714491760298,96.06171252982537,16395530
2018-11-30,93.5686264038086,95.33456744178595,92.60775542367503,94.01011166330294,10573839
2018-12-03,95.46441650390625,97.90555829651002,94.06205320677141,94.06205320677141,11107638
2018-12-04,97.2563247680664,97.74975075525701,94.60742002917405,95.25666104141649,6304336
2018-12-05,95.30860137939453,97.49005399036008,94.78920857151853,96.13963128093931,5774768
2018-12-06,95.30860137939453,96.2954533501316,94.89308995098006,95.30860137939453,8600328
2018-12-07,94.86710357666016,97.12646340199429,93.82831809785962,95.46441086274237,8378029
2018-12-10,93.12714385986328,94.73725572184125,91.75074745988579,93.7504109224859,6431248
2018-12-11,93.64653778076172,94.16593052851428,92.01044498956914,92.3480559113803,6514193
2018-12-12,94.81517791748047,95.46441889636642,93.85429985978615,93.95817418957863,7396629
2018-12-13,94.81517791748047,95.04890044305012,94.06205556408656,94.71129654297252,4251108
2018-12-14,96.45126342773438,96.73692663952852,93.75041814741604,94.269810928653,9276710
2018-12-17,100.00910186767578,102.08667291948987,98.52883108431519,98.68464609531516,23727234
2018-12-18,101.98278045654297,102.32039135151363,99.15209443316364,100.190879846084,15507368
2018-12-19,103.35919189453125,103.61888828577665,101.30758758580639,101.30758758580639,11434466
2018-12-20,102.8138198852539,103.33321264066296,101.22967479914233,102.34636781432877,7938383
2018-12-21,102.26846313476562,103.41112300139844,101.61922217257133,102.83979659043968,8722621
2018-12-24,100.73625946044922,102.73592318806936,100.34671485291474,102.32041175791893,8563441
2018-12-26,101.43743133544922,101.95682409517515,99.38582711664571,100.55446082602906,4766041
2018-12-27,102.086669921875,103.61888134548299,100.50252485926877,101.30758080032145,46486470
2018-12-28,102.34636688232422,103.02157464032125,101.59324457595325,102.5800964380159,5142112
2018-12-31,103.17739868164062,103.8785803175196,101.80100927474642,102.16457998040262,6317785
2019-01-01,103.87857818603516,104.1382745610531,101.85294082512323,102.55412244661466,3961625
2019-01-02,101.41146850585938,103.8785842116378,100.76222753065451,103.41112507371795,7876559
2019-01-03,100.268798828125,101.28161753961868,99.72343924176087,101.22967685408037,7942863
2019-01-04,101.74906158447266,102.19054680960943,99.41179432226997,100.39863909070151,4017540
2019-01-07,103.07351684570312,103.30724640484468,101.7230942650617,101.85294245464809,3592512
2019-01-08,102.50218963623047,103.09949698042509,101.69713362972163,102.78785989752258,3990870
2019-01-09,102.63203430175781,103.22934162539683,101.59324875764173,102.5021861087433,4087529
2019-01-10,101.61922454833984,102.55412873787077,101.22967996191605,102.55412873787077,3589725
2019-01-11,100.94400024414062,101.74906320745849,100.37267387337191,101.2296704742398,2995789
2019-01-14,99.9831314086914,100.94400234941394,99.20403524789984,100.78818734408459,5370460
2019-01-15,99.9571533203125,103.35917987690098,98.8924010578919,103.35917987690098,11498868
2019-01-16,99.72343444824219,100.84012743241989,99.51567171607572,99.98313081873538,8515441
2019-01-17,100.71028900146484,101.04789290686162,99.7234441069529,99.7234441069529,5325531
2019-01-18,100.55445861816406,102.16457754690425,99.98313223078223,100.76222135326475,4366941
2019-01-21,99.3338851928711,101.12579300946355,99.02225517669422,100.73624844452738,4067143
2019-01-22,98.52882385253906,99.33387975814179,97.90554976485555,99.20403157693394,3577455
2019-01-23,96.76288604736328,99.46372387941406,96.451249016242,98.45091233416292,6173490
2019-01-24,96.99662017822266,98.21719458718488,96.37335308589307,96.97065335781048,6157088
2019-01-25,96.52916717529297,98.21719364854917,96.2175301097488,97.4381045070463,3868441
2019-01-28,97.5419921875,97.95750360529648,94.52950975197074,96.60708093038444,7440853
2019-01-29,96.39933013916016,97.54199716346547,95.38651132012971,97.02260434236597,17469350
2019-01-30,97.17839813232422,97.59391652522126,95.25664229637226,96.13961271715331,12711500
2019-01-31,97.9574966430664,99.4637342314189,97.02259249711386,97.90555595835457,25774313
2019-02-01,98.78852081298828,99.64551740520507,96.55513490057912,99.17806535896997,9474849
2019-02-04,95.87992095947266,98.42494393969703,95.43843572791904,98.42494393969703,3678667
2019-02-05,96.65901184082031,97.10049708051598,95.30858930251621,95.62022635669638,5500377
2019-02-06,97.02259063720703,98.03540226845433,95.95783127752858,96.73692039912574,4322649
2019-02-07,95.87992095947266,97.49003983911331,95.56828391103983,97.10049528975097,4309303
2019-02-08,94.01011657714844,97.61989930292894,93.75042018089705,95.87993203910153,7692145
2019-02-11,94.71129608154297,95.15278135397762,92.3740285689406,93.28296593495263,7913450
2019-02-12,94.13996124267578,96.81483965946283,93.72444984215186,95.0488985954478,11930402
2019-02-14,90.86779022216797,92.89342064205329,89.59527510155628,92.19223898466961,36962390
2019-02-15,94.26981353759766,94.63339131241183,92.24418304365672,92.6596944622595,16005610
2019-02-18,93.8802719116211,95.30860214475001,93.25700476399437,94.24384969794026,7973918
2019-02-19,93.2050552368164,95.04889672687675,92.91938499044629,93.62056662917178,10824411
2019-02-20,94.42562866210938,94.8411400501689,92.76356902044097,93.88026203997671,9658184
2019-02-21,94.42562866210938,95.04889574419867,93.93220272466293,94.89308073485513,9197823
2019-02-22,94.47755432128906,94.84113203866505,93.75040593125163,94.37368000540631,12182132
2019-02-25,94.5035400390625,94.78920324946908,92.71163213461269,94.01011408139793,29907322
2019-02-26,94.11399841308594,94.89308760564431,92.89342393580134,93.23102784363351,13683801
2019-02-27,94.24384307861328,95.72411389792151,93.41281322876345,94.16593557122135,13566494
2019-02-28,94.97099304199219,95.95783792207241,93.8023592786751,94.99695986329083,69863939
2019-03-01,95.15277862548828,95.43844182872883,94.58144517429194,95.10083793997674,7227772
2019-03-05,95.04889678955078,96.32141187714038,94.8411410932361,95.56828955269508,15733697
2019-03-06,95.82798767089844,96.81483957452886,94.37369072562518,95.10083919826181,20336766
2019-03-07,97.20438385009766,98.4249512260188,95.87992805738838,97.1264692986854,12295538
2019-03-08,97.12646484375,97.87958714494577,96.21752753630717,97.64585759086019,6211299
2019-03-11,100.91804504394531,101.80101560995841,97.51601802286248,97.90556261762433,17678891
2019-03-12,101.98278045654297,104.91735488381455,101.09981708238932,101.09981708238932,26457157
2019-03-13,101.15177154541016,102.96964626573323,100.2947678271998,102.89173171337563,6930222
2019-03-14,97.43810272216797,98.55479572892337,97.25631385020428,98.13928434561927,8466765
2019-03-15,100.37267303466797,100.86609190027389,97.17840211629216,97.17840211629216,14301914
2019-03-18,102.34636688232422,102.73591144533367,100.37267724762901,100.84012931429734,14247336
2019-03-19,103.35919189453125,103.98245900669092,101.43743578142909,101.90488787672771,16995997
2019-03-20,102.52815246582031,103.80066043734485,102.06070041414365,103.48903043270361,9060589
2019-03-22,103.0994873046875,104.32005461070749,102.39830569514065,102.78785025103168,8782833
2019-03-25,104.91736602783203,105.69645517027489,101.33355033682274,102.42427654518578,14506515
2019-03-26,105.35884094238281,105.90420755185542,103.56694019766846,104.99527024744938,8371544
2019-03-27,103.98245239257812,106.3197197651179,103.09948894533656,105.43675631787633,11579885
2019-03-28,102.96963500976562,103.87857227056809,102.03472388611146,103.87857227056809,17034861
2019-04-01,101.56729125976562,103.72277005271438,101.33356167299938,102.94368082311489,10617688
2019-04-02,103.77469635009766,104.29408909779097,101.80100672674907,101.80100672674907,17946031
2019-04-03,104.37200164794922,105.20303149338628,103.95649024758836,104.08633844079054,15076661
2019-04-04,103.54096984863281,105.56660726013422,103.09949163584862,104.6316960598916,10130253
2019-04-05,101.95682525634766,104.24215201622602,101.82697706493735,104.24215201622602,9883976
2019-04-08,103.0215835571289,104.03440232650182,101.56728654723948,102.83980171442947,13511642
2019-04-09,103.0215835571289,103.54097635276308,102.34637574069075,103.33322064345255,10655872
2019-04-10,103.17739868164062,103.69679144233392,102.70994660595969,102.70994660595969,8637199
2019-04-11,101.77503967285156,103.5669475901857,101.61922465600315,103.43709939457354,13713296
2019-04-12,102.34636688232422,102.65800394167478,101.30758138096567,102.13861119099552,11004111
2019-04-15,102.86576080322266,104.32005770378294,102.37233486657803,102.73591261407566,8965316
2019-04-16,102.24248504638672,103.80066329129349,102.06070322025295,103.35918509100857,4918434
2019-04-18,100.91804504394531,102.76188664126514,100.50253362741893,102.50219024475724,11593259
2019-04-22,101.17774200439453,102.16458690768187,100.45059349906258,100.86610491790493,7772049
2019-04-23,100.24282836914062,101.04788430925947,99.74940244150972,100.65833974893455,6686014
2019-04-24,99.69746398925781,101.09982725570084,98.71061915662372,100.29476425284831,7288151
2019-04-25,99.48970031738281,101.69711936496697,99.04821509892307,99.827304174541,17599280
2019-04-26,99.10016632080078,100.96998171011792,98.86643675536789,99.2040406484368,8664580
2019-04-30,96.8148422241211,99.98313963237017,96.29544943734962,99.56762117612367,14290974
2019-05-02,98.78852081298828,99.10015785871659,96.8407980830798,97.15243512880811,8897549
2019-05-03,99.12613677978516,100.21686305064632,98.78853287432507,99.152110646184,10782838
2019-05-06,98.91836547851562,100.1649065724006,98.08733573435414,98.6846359413496,5477945
2019-05-07,99.48970031738281,100.65833393080972,98.9443337376215,98.9443337376215,9450289
2019-05-08,98.68463897705078,100.63236874234917,98.11331261478466,99.69745760964018,10180731
2019-05-09,97.59392547607422,98.71061849085785,96.78886247865152,98.63271098651761,7921214
2019-05-10,96.37334442138672,97.8795818983247,96.11364806175209,97.85361508024708,5938686
2019-05-13,94.86710357666016,96.63304452639298,94.55547356879191,96.32140747380984,5504435
2019-05-14,94.34770202636719,95.67215761497926,94.03607204760128,94.47755019909107,11334983
2019-05-15,92.71161651611328,95.87991334147081,92.16625700822267,95.12679112132261,7616268
2019-05-16,94.45159149169922,94.89307672580755,92.89341328523327,93.15310965297759,8660893
2019-05-17,94.60740661621094,95.36052890152462,93.67250250901417,94.37368411176917,10183233
2019-05-20,97.67182159423828,98.11330679365322,95.59425081554609,96.65900302174012,6287120
2019-05-21,95.54232025146484,97.95749512842761,95.4384388836474,97.7757062571046,7748239
2019-05-22,94.5814437866211,96.24350343031332,94.42562877708782,95.51634793325101,6972640
2019-05-23,95.90589904785156,97.69780700336649,95.1008430357887,96.60708072804069,13966122
2019-05-24,96.42530059814453,96.89275271166517,95.69814503853938,96.42530059814453,7240775
2019-05-27,97.30825805664062,98.47689178978976,96.42529457397934,96.84080597232403,6424176
2019-05-28,98.78852081298828,99.35985422270439,97.5419796747898,97.77570217554998,11255911
2019-05-29,98.76255798339844,100.24282872685852,98.34703955740675,99.41179891959014,8310232
2019-05-30,99.30791473388672,100.71027793415242,97.72376971241772,100.45058156704505,34989609
2019-05-31,98.32107543945312,99.93119441439343,97.85362336149373,99.46373529171883,11849847
2019-06-03,100.268798828125,100.50252839068978,98.68464666514042,98.81449485662857,12106965
2019-06-04,100.21686553955078,101.80101781946098,99.69747273526202,100.00910982677844,11447117
2019-06-06,101.51533508300781,102.91769830024725,100.8401273382421,101.28161257661117,26132949
2019-06-07,99.59358215332031,101.82697523220911,99.28195213531663,101.5153381694903,8783688
2019-06-10,100.91804504394531,101.77504174347825,99.93120014615842,100.21686336443086,11231885
2019-06-11,100.58042907714844,101.6451813572735,100.19088452909564,101.43742567392164,6589306
2019-06-12,99.2819595336914,100.55446765460589,98.8404742490004,100.2428376133799,7509749
2019-06-13,100.6843032836914,100.99594033072754,98.50285804386802,99.30791395772282,11041648
2019-06-14,101.07384490966797,102.29441919919395,100.4246040157408,100.76221491635458,34979466
2019-06-17,100.7881851196289,102.03472626889658,100.5544555720785,102.00875945015311,10860754
2019-06-18,102.73590850830078,103.28126806303716,100.84012643146141,101.12578961828241,17815522
2019-06-19,104.03439331054688,104.6576674291792,102.83979280200245,102.8917264412926,32722391
2019-06-20,104.37200164794922,105.30691286583416,103.51500498175785,104.21618663399273,11459458
2019-06-21,103.82662963867188,104.94332255773212,103.12544807028515,104.50183734469495,16601442
2019-06-24,103.38514709472656,104.26811754359652,102.60605800856413,103.8785730005153,9883389
2019-06-25,104.70960235595703,105.07318010374888,103.35918682350761,103.35918682350761,10375296
2019-06-26,108.89071655273438,109.56592430826913,104.42393750423865,104.63169319480973,31182825
2019-06-27,107.87789916992188,109.02056604885442,107.12478390197029,108.60505466272356,13741562
2019-06-28,107.46239471435547,108.8647580612411,106.2937609401893,107.59224291148504,12067819
2019-07-01,107.54029083251953,109.07250221423574,106.81314241455999,107.64417219710582,11211814
2019-07-02,107.69611358642578,108.65698451394039,107.17672084951417,107.72208040538541,12203723
2019-07-03,108.52713012695312,108.89070783989727,107.35849653569407,108.13758559653344,13693989
2019-07-04,109.1763687133789,109.48800574009917,107.87788697263973,108.55310170465269,12324046
2019-07-05,106.91702270507812,110.11129383026605,106.06002605588523,109.09847512549204,12525923
2019-07-08,104.52781677246094,107.17672114700574,104.06035767217107,106.4755395412858,8948141
2019-07-09,106.345703125,106.57942565629398,103.67082459070436,104.89139906984735,6875651
2019-07-10,106.63135528564453,107.22865552995712,105.48868843544352,106.31971823152472,12675299
2019-07-11,108.3453598022461,108.6310230036215,107.04687085179692,107.20269290731413,7808266
2019-07-12,107.35850524902344,108.99459804534469,106.16390474333382,108.3453571086188,6349095
2019-07-15,106.44956970214844,107.3844808933601,105.38481736615432,106.81314745062771,6656137
2019-07-16,108.50117492675781,108.76087130817677,106.11196680876037,106.37166319017933,6627472
2019-07-17,108.03372955322266,109.35817836276244,107.22866649403626,108.44924097139163,6388864
2019-07-18,106.65731811523438,108.50116650705526,106.47553629811956,108.50116650705526,8419638
2019-07-19,106.839111328125,107.85192999619758,105.33287378038023,106.89105201143653,10869152
2019-07-22,106.0080795288086,107.6181984127919,105.22899042798261,106.99493135896002,9061812
2019-07-23,109.30622863769531,109.5918988781956,106.06002393688561,106.3197203129504,14046808
2019-07-24,108.96862030029297,110.63067985700549,108.31937938668882,108.89071279960342,18181391
2019-07-25,110.70858764648438,111.3578285617821,108.9945944479843,109.07250194887706,28085772
2019-07-26,109.87755584716797,111.15007083565737,109.20234812554992,110.70858561242342,10950941
2019-07-29,107.98178100585938,110.37098909823354,107.28059937460505,110.29308159358642,5948953
2019-07-30,108.16357421875,108.96863020692302,107.35851118586156,107.92984465071761,10050004
2019-07-31,109.48802185058594,111.12411472042972,107.4883582666666,107.7740285184924,26229893
2019-08-01,111.15007781982422,112.31871151932033,108.96862542954543,110.08531844456536,27069006
2019-08-02,109.3581771850586,111.124118305048,108.21551727504166,110.60471847085685,20863783
2019-08-05,104.47587585449219,109.07250298751418,102.24248285777176,109.07250298751418,18063375
2019-08-06,102.89173126220703,105.2030319286549,101.93086026430761,104.19021319960125,11846580
2019-08-07,103.28126525878906,104.37199138336173,102.37232799576427,103.35917980282005,9432897
2019-08-08,105.28093719482422,108.371326957923,102.34636948772494,102.86576225162624,6595239
2019-08-09,104.91736602783203,108.47520785393078,104.5278214566106,105.69645517027489,9175926
2019-08-13,104.91736602783203,106.68330000842613,102.19055402928204,104.11230302047863,7558090
2019-08-14,106.55345153808594,107.09881111847712,102.70994652107505,104.42393981206033,8024154
2019-08-16,109.66980743408203,111.27992639007176,105.07318012469925,106.0080842696145,11894601
2019-08-19,107.54029083251953,109.07250221423574,107.07283878131088,108.63101698181626,8100095
2019-08-20,107.0208969116211,109.53995305009883,106.81314122946839,107.51432282085916,8711658
2019-08-21,106.42359924316406,107.82596245967261,106.11196219008274,107.3325365385676,5649369
2019-08-22,105.3069076538086,106.76120452780845,104.29408897907352,106.21584496123725,5059207
2019-08-23,104.65766906738281,106.2677809837418,104.24215063355214,104.94333226681033,7611285
2019-08-26,105.38481903076172,105.6964560994214,103.43709615753271,105.09914878252565,7846961
2019-08-27,107.28059387207031,108.76086456330147,105.46271931487429,105.46271931487429,18828020
2019-08-28,106.8650894165039,109.72174961969728,106.13793391082795,108.00774927095212,15756988
2019-08-29,106.37166595458984,107.41045150726187,105.77436567074652,106.86509190999521,8660979
2019-08-30,104.13827514648438,107.61820236445872,100.76222225227211,106.65732436254761,15630977
2019-09-03,102.34636688232422,105.12511950740131,101.82697413164495,104.60572675672205,9494810
2019-09-04,102.26846313476562,103.35918936019513,101.43743329421386,102.554126340245,8565768
2019-09-05,103.54096984863281,105.5925740803985,102.50218432261782,103.35918801735237,14199248
2019-09-06,105.69645690917969,106.13793512805496,103.9045490341948,104.06036404736075,13782929
2019-09-09,105.38481903076172,106.39763069801164,104.81348557900482,105.56660790787281,4769289
2019-09-11,104.60572814941406,105.90421004339986,103.77469832832011,105.436757970508,7723322
2019-09-12,103.69679260253906,104.91736701276767,102.65800706953009,104.91736701276767,11516235
2019-09-13,105.25496673583984,105.43675560586388,103.38515144149184,103.61888099505346,7223537
2019-09-16,104.99526977539062,105.95614775895704,104.32005498261007,104.39796952983797,6031015
2019-09-17,104.1123046875,105.28093841987618,103.54097123161749,105.12512340677881,5823968
2019-09-18,104.9433364868164,105.4367624453586,102.96964674207851,104.13828049626382,7206830
2019-09-19,104.47587585449219,105.30690564292966,103.41111651643592,105.30690564292966,6306748
2019-09-20,101.9048843383789,108.50117526486137,101.48937294469988,103.98245539620454,51859153
2019-09-23,97.80167388916016,102.9696342368148,96.81482913663969,102.3203933411152,24586363
2019-09-24,98.91836547851562,99.69745454278303,96.08767239379155,97.5939168871468,18234411
2019-09-25,103.22933197021484,105.64450672544703,100.29475744678946,100.50252017195261,48245282
2019-09-26,103.4890365600586,104.60572959537942,102.37233648002254,103.85260726857118,15826874
2019-09-27,102.89173126220703,103.74873497665952,101.82697889142992,102.73591624760587,10034452
2019-09-30,103.38514709472656,103.8785730005153,101.61921324170133,102.32039482819046,9111327
2019-10-01,102.06070709228516,105.25497120658667,101.80101070828154,103.61888539630691,7634447
2019-10-03,103.41111755371094,103.87857665763738,101.02191657447099,102.16457638090858,9432906
2019-10-04,102.086669921875,103.7746963519077,101.59324399367175,103.38515179113092,19442087
2019-10-07,102.06070709228516,102.52815917454863,100.96998087052688,102.16458141905744,11655995
2019-10-09,102.68397521972656,103.30724936548945,101.48937465918226,102.58010089190965,8504262
2019-10-10,103.41111755371094,103.67081392490788,102.06070205925877,102.78785048966722,6982965
2019-10-11,104.3979721069336,106.08599856348204,103.30724591068234,103.38515341511848,10517558
2019-10-14,103.04755401611328,105.07318444315891,102.68397625330607,104.39797664904884,11162487
2019-10-15,104.52781677246094,104.9173613262259,102.99560537643275,103.04754605921106,5013200
2019-10-16,103.12545776367188,104.52782103226195,102.13861292952689,104.39797284238195,6668842
2019-10-17,102.68397521972656,103.74873463167854,102.06070811867902,103.22934185844792,7899823
2019-10-18,105.20303344726562,105.56661121287041,102.32040632252574,102.68397704341507,8795448
2019-10-22,106.50150299072266,107.79998479552332,104.39796528483146,104.39796528483146,10675241
2019-10-23,107.12478637695312,107.51433095221891,105.07318212933386,106.47554541817681,5777589
2019-10-24,106.0080795288086,107.64417227631499,105.7483831618666,107.20268704357065,5428181
2019-10-25,105.41078186035156,106.68329690723674,104.47587773448305,106.68329690723674,3993616
2019-10-27,105.0991439819336,106.11196264763646,104.39796941537077,105.95614764278137,388417
2019-10-29,104.42393493652344,105.3848129070917,103.61887901358817,105.04720903762578,5943950
2019-10-30,103.85260772705078,105.87823810966849,103.51500383740037,105.87823810966849,6419057
2019-10-31,103.0215835571289,104.34603941282545,102.76188715931183,104.03440232650182,15582577
2019-11-01,102.4762191772461,103.28127515517963,102.19055597080911,103.07351945552408,8803683
2019-11-04,101.15177154541016,103.17740196768422,100.78819378345938,102.78785738475784,15175738
2019-11-05,101.48936462402344,102.06069802702736,100.710275541213,101.15176076374851,8153818
2019-11-06,101.33354949951172,102.06070499555544,101.12579380551999,101.48937155354186,9183411
2019-11-07,100.8661117553711,102.24250134889358,100.58044851614203,101.80102307821522,15498054
2019-11-08,99.5416488647461,101.48937170771822,99.12613043141629,101.41146420294235,11762251
2019-11-11,99.59358215332031,100.29476378325883,98.8664337034532,99.54164851346312,10089055
2019-11-13,98.29510498046875,100.94400957364563,97.80168606513683,99.72344217354556,9456977
2019-11-14,97.64585876464844,98.76255882013105,97.07453237173138,98.68464427135592,19380370
2019-11-15,97.46407318115234,98.11331409782724,96.99661408537456,97.64585500204947,18256039
2019-11-18,99.02226257324219,99.20404441468536,96.94469140506337,97.49005101882408,11766437
2019-11-19,101.51533508300781,101.80100531711246,98.78852319537603,99.2040345698911,22218922
2019-11-20,101.85295104980469,102.39831771891893,100.76223180100767,101.77504353842144,9597590
2019-11-21,101.95682525634766,102.2944291450714,100.76222471325895,101.69712887352705,12107895
2019-11-22,103.22933197021484,104.50183991590842,101.8010019806489,101.8010019806489,16199814
2019-11-25,103.15142822265625,104.08633944960242,102.73591681826822,103.35919096956567,6529113
2019-11-26,100.96997833251953,103.56694210727782,100.71028195504371,103.38515323410172,21594044
2019-11-27,101.33354949951172,101.801008616887,100.81415674217484,101.25564199485422,12155700
2019-11-28,101.87891387939453,102.70994368178725,100.86609520699169,101.90488069880385,6724188
2019-11-29,100.39863586425781,101.74905831463134,99.77536179648095,101.48936196051007,17547179
2019-12-02,99.41180419921875,101.28161960369725,98.89241142268112,101.28161960369725,19957065
2019-12-03,98.37300872802734,99.775364856462,98.21718668394703,99.775364856462,7451455
2019-12-04,97.85362243652344,98.68464521405582,97.49004468781665,98.39898201486845,10311154
2019-12-05,97.28228759765625,98.11331740798042,96.86676917013665,97.9055546718631,4569931
2019-12-06,96.918701171875,97.72376409042188,96.52915664362423,97.36018637950207,5388071
2019-12-09,97.61988830566406,98.08734035731312,96.3733471530283,97.12646239048657,5459781
2019-12-10,94.91905212402344,97.61989741056824,94.63338891157075,97.61989741056824,10563080
2019-12-11,94.399658203125,95.20472123301843,92.60775735216619,95.04889917333806,39214905
2019-12-12,95.95783996582031,97.82765543589483,94.03609085204243,94.91905437630288,63493233
2019-12-13,96.45126342773438,97.41214148196582,96.08768566298232,96.45126342773438,12987237
2019-12-16,97.10050201416016,97.59392796207581,96.32141286148195,96.71095743782105,8479418
2019-12-17,97.67182159423828,98.087332932091,96.3993066744036,97.30824389008143,17903634
2019-12-18,97.23033905029297,98.16524310835203,96.6849795238776,97.15243155290713,10099352
2019-12-19,96.8148422241211,97.2043868141997,96.03575304396388,97.1784129480318,5749401
2019-12-20,96.65901184082031,97.36019345154696,96.13961909875835,96.42528933372138,9690984
2019-12-23,96.50318908691406,97.3861524506888,95.9578225247128,96.42528159080369,17045076
2019-12-24,97.20438385009766,97.33423204283099,96.34738014228535,96.84080609255817,3748896
2019-12-26,96.00978088378906,97.38617038424735,95.5942694648749,97.28229605187663,3925143
2019-12-27,98.19123840332031,98.42496094649363,96.34738965757869,96.34738965757869,7122947
2019-12-30,98.84048461914062,99.46375181170015,98.00945465101154,98.16526968797233,6925363
2019-12-31,98.81448364257812,99.85327610131029,98.29509093556926,98.42493911232148,11907723
2020-01-01,101.54131317138672,101.74906886728772,98.81449412559346,98.97031618105561,13620373
2020-01-02,101.33354949951172,102.16457932019374,100.94400493150906,101.56727905819936,5673692
2020-01-03,100.24282836914062,101.17773249603445,99.3338840170008,100.8920693030155,7358268
2020-01-06,100.29476165771484,100.7362469001505,97.64585724781588,99.72343527367279,7355290
2020-01-07,99.56761932373047,101.02192332646348,99.28195611420695,100.32074166842393,14023712
2020-01-08,98.9703140258789,99.17806971725582,98.0873435316332,98.84046583817894,9451757
2020-01-09,100.21686553955078,100.45059511936704,99.28196130971732,99.69747273526202,7714854
2020-01-10,99.80134582519531,100.6064017870942,99.20403851409884,100.6064017870942,4118638
2020-01-13,101.17774200439453,101.28162338146295,99.61956361666222,99.93120070315182,27682638
2020-01-14,101.41146850585938,101.98279492826728,100.89207572569549,101.17773893689944,5994314
2020-01-15,100.89207458496094,101.69713056722642,100.1908929307245,101.48937486645295,7114590
2020-01-16,102.03473663330078,102.68397761498358,100.81416217879402,100.81416217879402,8552344
2020-01-17,102.52815246582031,102.76187496930123,100.58042971323854,101.77503018360277,4698386
2020-01-20,106.29375457763672,109.59189999624999,105.56660612618,106.16390638827961,49337827
2020-01-21,104.19021606445312,106.11197220252402,103.35919323744302,105.77436829846172,17283910
2020-01-22,103.90454864501953,105.0991491940582,100.26879926742237,104.13827820860831,56787054
2020-01-23,104.89138793945312,107.7220811942366,100.71027919458221,102.19054991456333,226059260
2020-01-24,102.29442596435547,102.91770008163111,100.8920697675578,102.03472958960978,16151679
2020-01-27,100.24282836914062,102.03472911980629,99.8792506282847,102.00876230033728,8213919
2020-01-28,98.91836547851562,100.24282111459893,98.21718391173205,100.24282111459893,9174575
2020-01-29,99.93119049072266,100.65833892174395,98.29509771503106,98.918371824315,17600091
2020-01-30,100.96997833251953,101.41146358317147,99.41180006766456,99.93119282261623,26386034
2020-01-31,97.0485610961914,101.54131416832614,96.13962375357471,101.43743279699812,63986362
2020-02-03,97.30825805664062,98.1652547186736,92.16627103972748,93.95817187039364,16329297
2020-02-04,100.94400024414062,101.4374261585843,97.64585497925896,97.82764384482846,14207381
2020-02-05,98.34703826904297,101.64518359063352,97.64585665819854,100.81415379425178,14550344
2020-02-06,100.1908950805664,100.6323803571303,97.98347574246246,98.65868354564334,9175642
2020-02-07,98.89241027832031,100.13895151864283,97.9315322439017,100.13895151864283,18058457
2020-02-10,96.918701171875,99.25596834137956,95.95782325991357,99.04821266858869,30471811
2020-02-11,98.42495727539062,99.30792785813242,97.69780876033515,97.90556447253446,32456571
2020-02-12,98.34703826904297,99.67149398835244,97.93152689320956,98.7106160064334,16386952
2020-02-13,98.9703140258789,99.2819510853018,97.49004327715642,98.06137671197922,18581113
2020-02-14,95.62022399902344,99.41179514941739,95.25664627065869,98.94433605731564,23830630
2020-02-17,95.36053466796875,96.50320157449721,93.77638954478252,96.0876831336163,17670292
2020-02-18,96.0876693725586,96.78885091729529,93.93219110480184,94.84112831786794,30879880
2020-02-19,97.38616180419922,97.61989135969336,95.04889442811792,96.60707267883878,22313738
2020-02-20,98.29510498046875,99.04822733112728,96.55514479914638,97.3861676133297,25907657
2020-02-24,96.65901184082031,98.26913075015541,96.11365227954121,98.16524938385705,14921452
2020-02-25,96.68499755859375,97.49005358960588,96.26947908717153,96.65902369147723,17807428
2020-02-26,96.52916717529297,97.85362294267694,95.54232233833238,96.08768191949831,17113656
2020-02-27,96.84081268310547,97.49005369095657,94.16594113970204,96.13963098568311,28472046
2020-02-28,94.26981353759766,96.24351038774998,93.04923905896797,95.28263230692595,28010970
2020-03-02,95.30860137939453,97.23035758642209,94.39966396561152,95.43844958136353,19540018
2020-03-03,99.56761932373047,101.12579765505595,94.55548043357659,95.46441779351645,16039306
2020-03-04,102.34636688232422,102.83979281335554,97.93152850155042,99.04822150656784,16939245
2020-03-05,101.77503967285156,103.64485509860991,101.04789118636651,101.82698036003953,9715265
2020-03-06,98.99628448486328,100.03507002465105,97.72377642545244,98.94434379893083,14371982
2020-03-09,93.98414611816406,97.95749941809586,92.42596780095822,96.03575038703788,69609292
2020-03-11,94.21785736083984,95.5163391364137,92.06237902233013,93.2310126203466,42604599
2020-03-12,86.27116394042969,92.3999959719632,85.56998227329026,91.51703246624898,58418097
2020-03-13,87.2060775756836,89.64722674197537,77.64925072704021,84.55717268230056,44617540
2020-03-16,82.03810119628906,84.60909810870128,80.5058968213297,84.3494017355168,39669086
2020-03-17,84.14164733886719,88.47857824663384,80.89544262417884,81.31095400977291,35460792
2020-03-18,74.8704833984375,85.64788278254878,63.443836042857605,85.1804307242291,119909061
2020-03-19,76.42866516113281,78.8957807970191,72.76694193788296,75.51972782159575,44039786
2020-03-20,81.67453002929688,84.06373805774828,76.9999953389543,76.9999953389543,131485883
2020-03-23,79.46711730957031,80.94738815707524,73.52006709816384,73.52006709816384,39665620
2020-03-24,76.50657653808594,81.64856376726958,75.5197316427421,78.97369229880333,42302851
2020-03-25,78.03878021240234,81.51870733881353,77.05192837198025,77.12984291864561,23309603
2020-03-26,82.2458724975586,83.98583274336144,76.48061100339538,78.22057829391396,25329120
2020-03-27,83.10286712646484,86.34907204803977,81.36289987955757,82.37571863297516,28883749
2020-03-30,80.84349822998047,83.05091733467248,79.49307572169653,80.50589436408818,22364337
2020-03-31,82.63541412353516,84.03777040749911,81.23305079485574,82.27183635840629,24838523
2020-04-01,80.29814147949219,84.11567254606538,79.5450191761095,82.58346816447012,14182117
2020-04-03,81.12916564941406,83.33658486934951,78.81787210478133,80.27216900826451,21066826
2020-04-07,82.06407928466797,84.08970969083272,81.23304943875759,83.62225760398167,24741992
2020-04-08,82.2458724975586,84.50522554383173,80.6357534071576,82.01214291946069,21481260
2020-04-09,85.41415405273438,86.58278763574798,82.24585715206572,83.57030572826204,15607786
2020-04-13,83.07688903808594,85.64788602319494,81.67453281006617,85.18043394718836,14901247
2020-04-15,82.86913299560547,85.12849290567765,82.29779955189414,83.85597782853493,25249654
2020-04-16,84.86878967285156,86.58278986557534,81.80437405186095,82.1679447268887,31150756
2020-04-17,87.12815856933594,89.98481881311265,85.31028386875074,87.0762178832333,18536308
2020-04-20,85.95951843261719,87.88127436231187,84.21955136838793,87.88127436231187,24177042
2020-04-21,84.479248046875,86.2192151175309,84.21955167945517,85.18042964785154,13915863
2020-04-22,84.24552154541016,84.53119178673336,81.33692776087811,83.10286171426259,19702407
2020-04-23,82.06407928466797,84.08970969083272,81.8563235843692,83.88195399053396,32128585
2020-04-24,82.661376953125,83.15480288987078,80.89544298930687,81.54468393517494,33134279
2020-04-27,82.8951187133789,83.88196368741528,81.88229987085548,83.88196368741528,9762001
2020-04-28,81.6485595703125,83.31061923630028,81.44080387324283,83.12883035959612,26134701
2020-04-29,82.09003448486328,83.41449009562068,81.0252822686102,82.8431567171399,14509262
2020-04-30,84.16761016845703,84.89475858113134,81.64855402033997,82.89510220745566,18702868
2020-05-04,82.60944366455078,83.88195885026676,81.85632832674635,83.57032175940614,12598146
2020-05-05,84.99864196777344,86.14130881825126,83.2067341896866,83.85597511729561,18305545
2020-05-06,85.90758514404297,86.55682611607169,84.50522182657477,84.60910319998553,12853774
2020-05-07,84.01179504394531,85.69982141307578,83.6222504972229,84.99863982003248,8561359
2020-05-08,82.58346557617188,84.45328082153809,82.11601352600901,84.45328082153809,30898767
2020-05-11,82.4795913696289,84.34940677726297,82.24586884662178,82.73928775833598,9453421
2020-05-12,84.81684875488281,85.69981918909235,81.9082481392265,82.32376653844287,19986028
2020-05-13,86.55682373046875,89.28363573783537,84.16761561030924,89.04991322117593,27175817
2020-05-14,83.51837158203125,85.18043118132564,83.10286020456513,85.18043118132564,26454121
2020-05-15,82.99897766113281,84.01179631583042,82.19392173693768,82.68734061009394,20009870
2020-05-18,80.2461929321289,83.20672708231338,79.62291887697727,83.02494527388228,32898286
2020-05-19,82.09003448486328,82.73927535933818,79.98649686945036,80.50588956903027,12276533
2020-05-20,82.29779815673828,83.44046502478983,80.89544195836415,81.15513833340177,24677051
2020-05-21,82.5315170288086,83.02494289539423,81.54467234035144,81.83033549802894,17176100
2020-05-22,80.94738006591797,82.06407303409458,80.03844278221598,81.5446803005506,25080927
2020-05-26,81.72647857666016,82.42765321190971,80.76560050002016,81.10320440675432,18512685
2020-05-27,81.62258911132812,82.01213366773662,80.89544068164192,81.72647047758969,22655078
2020-05-28,81.67453002929688,82.2458634559484,81.05125591936522,82.2458634559484,25797051
2020-05-29,81.8303451538086,82.40167858129367,81.33692627371485,81.67453014845583,63844851
2020-06-01,82.50556182861328,83.64822166491392,81.90825452347792,82.3497397749938,45314328
2020-06-02,85.72579193115234,87.43979223752785,82.37571291159506,83.02495385081721,43626060
2020-06-03,85.46609497070312,86.99830639467001,85.1025242740553,85.95952089902195,13811685
2020-06-04,87.9072494506836,88.27082721581691,85.75177081523302,85.80371150235428,23992166
2020-06-05,89.0499038696289,90.5301744985494,85.46608854338525,86.73860349774301,22851633
2020-06-08,89.51736450195312,90.84181321870649,88.73827536392993,90.08869794544648,11723588
2020-06-09,88.58245086669922,90.40033251667094,88.29678767518772,90.37435865262401,8412588
2020-06-10,88.32275390625,88.94602801321558,87.56963865877441,88.58245027669984,10101681
2020-06-11,88.8161849975586,92.60775645364458,87.18009917743879,87.28397350483581,22109491
2020-06-12,86.3750228881836,87.9851416403193,86.01145223106536,86.24517471534546,20331770
2020-06-15,84.7908935546875,86.21922371797379,84.45328965230838,85.80371230654036,13833335
2020-06-16,84.50521850585938,86.34906702079435,83.85597755934322,86.06340382221329,13972830
2020-06-17,82.84317016601562,84.03777075109682,82.24586987347503,83.5443518332222,28371013
2020-06-18,85.93355560302734,86.3750338107327,82.84316588079903,83.46643296240873,19720997
2020-06-19,89.02393341064453,89.4913925021742,85.7257881749655,86.14130658469023,21577413
2020-06-22,92.7635726928711,93.36087297862146,88.63439728993025,91.62090576339747,33039735
2020-06-23,97.36019134521484,98.16524726010799,92.99729381522607,94.26980177891896,34298071
2020-06-24,92.71161651611328,97.85360979491833,91.93252747929,96.99660621864133,32910525
2020-06-25,93.15311431884766,95.20471854467489,90.55615051132719,92.65968837753269,40909792
2020-06-26,93.07520294189453,94.58144047865805,92.52983633817186,93.98414023671742,11954078
2020-06-29,92.58177947998047,93.64653885188083,92.0104460419748,92.45193129155714,7547198
2020-06-30,90.81584167480469,93.46474601524183,90.37435644394603,92.97132010227367,11889584
2020-07-01,90.08870697021484,91.1015187242758,89.28364388678008,90.89376300893375,15209917
2020-07-02,90.94569396972656,91.82866447136637,89.64721208185337,90.1146641525447,15481100
2020-07-03,92.24417877197266,93.17908294289279,90.94569684307508,91.41314892853515,22720042
2020-07-06,92.45191955566406,92.81549725498269,91.30925986941759,92.65967522182576,11724475
2020-07-07,89.90690612792969,92.71162552405977,89.1797576985204,92.71162552405977,20855578
2020-07-08,88.16693878173828,90.71196179973614,87.6735128606699,89.85496518736231,16818545
2020-07-09,89.10186004638672,89.59527897870122,88.03710058140463,88.5564933805035,16110083
2020-07-10,89.647216796875,90.24451708776883,88.03709776228455,89.1278240144081,23809286
2020-07-13,87.82933807373047,90.47824255308316,87.36188599966003,89.64721272989397,10803798
2020-07-14,84.84283447265625,87.67352094075277,84.66104558789222,87.51770592222105,16288923
2020-07-15,84.94670104980469,86.3750310865962,84.71297854334047,85.72579016078187,15061461
2020-07-16,84.24552154541016,85.4401291055784,82.84316533744973,85.4401291055784,15458966
2020-07-17,84.81684875488281,85.10251897522805,83.95985218327624,83.95985218327624,13711930
2020-07-20,84.92073822021484,85.31028279400415,84.32343794934762,84.81685684931827,8390572
2020-07-21,90.19257354736328,90.60809198702128,85.23237544960507,85.23237544960507,33717545
2020-07-22,93.30892181396484,94.21785907338781,90.27048003966546,90.37435435677074,46076322
2020-07-23,94.399658203125,94.81517665089059,92.16627208347823,92.45193529248583,18738194
2020-07-24,94.52951049804688,95.1787514964253,92.78954321344953,93.23102850129001,14438899
2020-07-27,93.95817565917969,94.29578660925334,92.84148256697273,94.1659384114452,11938756
2020-07-28,94.47755432128906,94.9709802170544,92.81550186473416,93.59459093507024,11893746
2020-07-29,94.399658203125,95.82798833759372,93.75041723291194,94.16593568067753,13335993
2020-07-30,91.8546371459961,95.17874958188533,91.20539616067727,94.78920499069403,23995122
2020-07-31,92.60774993896484,93.15310949240191,91.51702378737588,91.72477947227024,14354565
2020-08-03,92.73760986328125,93.23102879678332,90.42630908384214,92.97133239660884,12500988
2020-08-04,92.58177947998047,92.99729790976419,91.20539009163618,92.37402378744616,9628257
2020-08-05,91.38719177246094,92.42597742543538,90.97167328444152,91.9585252905401,10577794
2020-08-06,91.36119842529297,92.32207635836988,91.10150206741892,91.75074296210406,8564058
2020-08-07,91.38719177246094,92.42597742543538,91.02361397603346,91.30928425743106,8026904
2020-08-10,92.06238555908203,92.8674485439288,91.54299281197378,91.85462986918172,7766140
2020-08-11,91.8546371459961,94.71129748139889,91.17942933915074,92.52984495284144,21833550
2020-08-12,92.4779052734375,93.20505372058798,89.95884900588484,91.51702726894236,19435650
2020-08-13,92.84146881103516,93.64653174499217,91.6208945235429,93.46474288605255,10641012
2020-08-14,91.10150909423828,93.82832106223964,90.42630132957161,93.82832106223964,17130105
2020-08-17,92.78953552246094,94.78919904066478,91.2053904356079,91.41314612892573,17368089
2020-08-18,92.32208251953125,93.43877552396985,91.69881544586822,93.41280870433536,13890131
2020-08-19,92.11433410644531,93.17908651102807,91.95851908689706,92.71163440766773,12400644
2020-08-20,94.11399841308594,97.69780728991137,91.64688263665106,92.03642723293024,44062975
2020-08-21,98.2171859741211,98.9443343737633,94.84113329140442,95.04888897062867,49949864
2020-08-24,96.217529296875,99.0222558183623,95.77604404481013,98.50286306174837,19724617
2020-08-25,95.95783996582031,97.02259942190507,95.04890257499255,96.86677735664807,10109220
2020-08-26,96.26947021484375,98.50286330052661,95.62022926750254,97.12646685639112,18000615
2020-08-27,96.19156646728516,97.4640815916636,95.9318700782051,97.0745370080435,10363056
2020-08-28,94.6853256225586,96.99661918050211,94.42562924224706,96.86677099034634,12114955
2020-08-31,92.94535827636719,96.26947052864655,92.45193233689342,95.30859251450642,24259718
2020-09-01,93.69847106933594,94.68532292214702,92.76356694476382,92.99729649826435,16505345
2020-09-02,94.11399841308594,95.10084331471676,91.02360846471808,92.42597182920943,30959608
2020-09-03,92.71161651611328,94.24382777308476,92.27013131963724,93.69846122047993,11884498
2020-09-04,90.91971588134766,92.45192009230895,90.21853433985692,92.03640875757367,17373558
2020-09-07,91.49105072021484,91.90656913833534,89.8809388647319,90.91972434296083,13069001
2020-09-08,90.84181213378906,91.41314557045904,90.24451187738117,91.3352380665302,9597878
2020-09-09,91.02359771728516,92.42596091619521,90.0627197509738,90.89374953385699,20122483
2020-09-10,92.24417877197266,92.6856640367409,90.45227089220788,91.41314892853515,19635358
2020-09-11,90.9716567993164,92.60774954204491,90.42629724821676,92.50386817768556,31182063
2020-09-14,89.07587432861328,92.1922307085947,88.6863297811156,92.1922307085947,14143608
2020-09-15,90.01078796386719,90.32241797472959,88.8161804249398,89.25766566661481,7858789
2020-09-16,89.30960845947266,90.08869759446051,88.71230819825833,89.8549680360781,13201491
2020-09-17,87.41382598876953,89.02394506725977,87.20607027906142,88.99797824531463,10765947
2020-09-18,89.28363037109375,89.85496378533328,86.89442239454692,87.82933353913383,23788415
2020-09-21,88.55648803710938,89.17976217630667,87.07621724005227,88.81618442098903,13331596
2020-09-22,87.67351531982422,88.53051900095106,86.47891480176122,87.67351531982422,9039386
2020-09-23,85.12849426269531,88.24485086565416,84.55716080987646,88.24485086565416,8404497
2020-09-24,82.7652587890625,85.72579329208625,82.32377353443965,84.27149638302706,20770480
2020-09-25,83.49241638183594,84.40135381065991,82.94704969771199,83.62226458595366,8761400
2020-09-28,87.33592224121094,87.80337436937394,83.62226499425498,83.62226499425498,16915185
2020-09-29,84.81684875488281,87.98514572828141,84.40133740038101,87.77739005103051,13468026
2020-09-30,84.37538146972656,84.79089995725136,83.25868830305157,84.63507788266104,14349950
2020-10-01,85.49207305908203,86.21922153302104,84.55716183997586,85.56998056616204,14856837
2020-10-05,84.5831298828125,86.42697128387665,84.21955214851386,85.18043012226181,10360105
2020-10-06,84.7649154663086,85.38818959712843,84.06374087503025,84.71298182600293,8989183
2020-10-07,82.8951187133789,84.76492727693577,82.58348160454737,84.66105293713603,17614061
2020-10-08,82.21989440917969,83.67419840265562,82.06407939492512,83.20673927046117,12953710
2020-10-09,82.06407928466797,82.7652609373022,81.38886445280282,82.42764999901196,11980039
2020-10-12,82.99897766113281,84.5571558716123,82.34973674009969,82.68734061009394,20670634
2020-10-13,83.33659362792969,84.14165671369936,82.68735261265537,83.10287108926046,11179799
2020-10-14,81.57064819335938,83.51837096979445,81.18110363807237,83.33658210171753,13362234
2020-10-15,80.89543914794922,81.57064688170341,80.2981389150567,81.3369243791184,15536883
2020-10-16,82.55748748779297,83.72612107575193,80.68767938283018,81.07722391214983,18673957
2020-10-19,82.97300720214844,84.34939648541344,82.79121834329128,83.07688151812786,18793008
2020-10-20,81.6485595703125,83.31061923630028,81.49274455868905,83.10286353923063,13701957
2020-10-21,85.05059051513672,86.2971318024646,81.67453737940276,81.8563262648854,36573148
2020-10-22,85.75177001953125,86.16728142321476,83.72613255360676,84.2195585096069,39056262
2020-10-23,88.37469482421875,89.0239357520693,85.54400860561931,85.75176429358851,29149043
2020-10-26,89.36156463623047,89.8290167893199,88.11501616837018,88.32277189810812,36760149
2020-10-27,90.11466217041016,91.07554015524416,89.07587668296041,89.36154691883806,23610507
2020-10-28,89.77706146240234,90.6600319757633,89.10185368963116,90.6600319757633,14060472
2020-10-29,89.12782287597656,90.01079341277827,88.42664121965937,88.84215966715475,17654072
2020-10-30,88.8161849975586,89.33557776868966,87.93321446874965,88.55648861199306,22904945
2020-11-02,89.88093566894531,90.58211020604713,89.30960226729063,89.6212393086218,13423596
2020-11-03,93.46475982666016,93.85430443297285,90.29646228637372,90.3743697986931,27441682
2020-11-04,91.98448181152344,93.49071943069139,90.71196671126768,93.4647526101618,19461431
2020-11-05,92.99729919433594,93.38684376498671,91.724784112324,92.45193256859574,10248002
2020-11-06,92.68566131591797,93.20505407223003,91.98447968595367,92.58177994676952,8815864
2020-11-09,95.5942611694336,95.93186504859436,93.02326423444964,93.43877561730673,15228920
2020-11-10,96.55514526367188,97.04856418137763,94.29578524554198,95.2047226170539,13815795
2020-11-11,98.50286102294922,99.2040355940931,95.51634568951852,95.51634568951852,15502357
2020-11-12,98.42495727539062,99.17807965741837,97.20438982445124,98.9443500782468,26079694
2020-11-13,98.08734130859375,98.65867473046794,96.71095195911157,97.95749312383667,11968619
2020-11-14,97.64585876464844,98.6327106317926,97.1264660112947,98.16525151800218,1162700
2020-11-17,97.02259063720703,98.29509864232006,96.52916470897617,97.12646495992432,16872514
2020-11-18,96.29544830322266,98.5288344421499,95.95783736002501,97.02259678719557,16685757
2020-11-19,98.58078002929688,102.42428538824396,92.65969639974738,92.7116370893377,64832376
2020-11-20,99.64552307128906,100.76222313570662,98.21719298813788,100.50252675695187,27479934
2020-11-23,101.15177154541016,101.74907183028752,98.9443451974453,99.72344140801344,20909280
2020-11-24,101.02191925048828,102.68397184334667,100.37267830529787,101.28161562856445,15308572
2020-11-25,101.43743133544922,102.55412435991694,100.52849400592883,101.02191994555453,19854793
2020-11-26,102.65800476074219,103.43709389297715,100.1649153107613,101.35952287368394,24879552
2020-11-27,99.93119049072266,102.65800239058872,98.00943452435965,102.65800239058872,46793847
2020-12-01,99.90522003173828,102.03473175886933,99.54164932619383,101.20370193307244,18193922
2020-12-02,100.84011840820312,101.38547791954844,98.45091060453387,100.16490367851709,15836732
2020-12-03,100.4765625,101.33355922289527,99.20404730453541,101.28162557795044,21308517
2020-12-04,100.94400024414062,102.29442275945219,100.11297750676256,100.86609274310078,14838659
2020-12-07,100.50252532958984,102.45024814258848,99.98313257945686,100.24282895452336,22078115
2020-12-08,99.51567077636719,101.0738489846127,99.25597440832627,100.76221897873548,15896364
2020-12-09,100.08700561523438,101.15176496613998,99.25597581676816,100.19088698181076,18701467
2020-12-10,100.11297607421875,101.48936538861021,99.46372812227085,100.2428242556654,13612880
2020-12-11,100.29476165771484,101.41146169585062,99.80134277652262,100.76222076424376,14876364
2020-12-14,100.91804504394531,102.32040840297421,100.13895585442161,101.80101560995841,20316890
2020-12-15,100.13894653320312,101.12579133913168,99.38582423554675,100.9699763336169,16084083
2020-12-16,101.9048843383789,102.24248822633253,100.00910215705608,101.1257951916943,35024972
2020-12-17,100.39863586425781,101.48936196051007,99.51566544235968,100.39863586425781,23058726
2020-12-18,100.71028900146484,101.17774110468466,99.74941092863126,100.39865191774645,20310375
2020-12-21,96.34738159179688,100.34670880603835,95.80202199199823,100.24283447711812,21609326
2020-12-22,98.84048461914062,99.23002925625896,96.08769829000781,96.32142789016537,23934507
2020-12-23,98.6586685180664,99.56760575413149,98.16524262917386,99.46372439498114,9836093
2020-12-24,98.68463897705078,99.8532796541157,98.39897579591772,98.81448715842303,12945145
2020-12-28,99.48970031738281,99.87924485519177,98.68463737908219,98.78851874038375,6879688
2020-12-29,98.52882385253906,100.06103520867745,98.16524612727123,99.5156686207757,8549660
2020-12-30,98.78852081298828,99.0222503584632,97.0225869468142,98.68463944950727,19132583
2020-12-31,98.60674285888672,99.2040431531997,97.6718386629808,98.94434676047966,23272111
2021-01-01,98.42495727539062,98.6327200323057,97.90556447253446,98.16526087396255,3074621
2021-01-04,97.87959289550781,98.89241162976319,97.6458633276903,98.68464888294076,7133203
2021-01-05,97.64585876464844,98.42494789467905,96.71095462649774,98.42494789467905,10478882
2021-01-06,101.87891387939453,102.63202913412935,97.12646461858192,97.645857364488,54265234
2021-01-07,102.34636688232422,104.81348244805075,101.54131093665737,102.83979281335554,40129922
2021-01-08,105.72241973876953,105.95614929441044,102.606063235371,103.22933735393671,29487917
2021-01-11,105.72241973876953,106.47554204497686,104.63169355363704,105.95614929441044,12726089
2021-01-12,105.80032348632812,106.3456900818905,103.85260074085136,104.42393415513416,31454127
2021-01-13,106.47554779052734,107.30657764522002,105.22899948613063,105.85227363832898,23792586
2021-01-14,106.52748107910156,107.7740293793616,105.74839191379674,106.96896634838404,12024674
2021-01-15,105.43675994873047,106.86509005891342,105.17706356506083,105.9301788508736,13530190
2021-01-18,101.67115783691406,104.91736248755436,101.04788372610514,104.52781792947752,26118654
2021-01-19,103.69679260253906,103.8785814797587,101.41146583886237,101.56728085092762,19382828
2021-01-20,101.87891387939453,104.1902073718476,101.35952113348846,103.87857736007594,21158179
2021-01-21,101.35952758789062,102.68397635640378,100.84013480891049,102.03473538267862,12509109
2021-01-22,100.8661117553711,101.95683810966452,100.24284458485782,101.28163024709609,16720401
2021-01-25,98.78852081298828,102.21651422657015,98.47688376725998,100.99593990688456,9393599
2021-01-27,99.90522003173828,100.9440055528056,98.32107492999668,98.68464563554114,18874916
2021-01-28,97.28228759765625,99.17806972936401,96.50319847136142,99.17806972936401,16072463
2021-01-29,95.80201721191406,98.16525141941413,95.04889490242147,98.00943641145054,13415015
2021-02-01,98.11331939697266,98.3989825978525,94.78920008828811,95.80201879088968,9485240
2021-02-02,100.8661117553711,101.6192341783803,98.26914759977542,99.20405187790341,10803602
2021-02-03,107.25463104248047,109.07250566728759,101.02191804314175,101.02191804314175,73411707
2021-02-04,106.65731811523438,107.85192560388903,106.06001789326439,107.25462538191904,23523019
2021-02-05,107.56626892089844,108.18953599875174,104.52781990162899,106.81314660985457,28755118
2021-02-08,110.39696502685547,110.83845031590211,106.83912293707832,107.25464140400514,28436890
2021-02-09,109.46205139160156,112.94198567105518,109.07250682500818,109.07250682500818,27738169
2021-02-10,109.30622863769531,111.15007713458425,107.51432786967739,109.35816932185128,34189378
2021-02-11,111.02022552490234,111.56558507994434,108.21550615878739,108.4752025268483,20504448
2021-02-12,110.44889831542969,113.74704378416112,109.35817209931253,113.74704378416112,25066544
2021-02-15,110.34501647949219,111.90320181360434,109.87756440161614,111.1500794891764,8599603
2021-02-16,117.14906311035156,119.40843008411528,110.78650176062925,110.83844244589656,80200957
2021-02-17,119.486328125,120.083635426404,115.40910065189311,117.12309391799441,39034960
2021-02-18,122.83641052246094,123.77131463150303,118.68126862500296,119.97975046795857,44291912
2021-02-19,120.60302734375,122.62866470111251,118.81111954138008,121.27823509972748,36335681
2021-02-22,116.83743286132812,121.48600090121022,116.13625122336893,120.73287857808455,25800846
2021-02-23,117.43473052978516,118.9929017372857,116.68160822332827,117.25294165808366,18293559
2021-02-24,115.69476318359375,118.5254564875664,115.097462930335,117.46069712376902,11421326
2021-02-25,118.18785858154297,120.91466361075958,114.68195029891503,116.18819498504976,30696079
2021-02-26,111.30590057373047,118.03204004119752,109.69578151121975,115.04553149022534,38070699
2021-03-01,118.03202819824219,118.83708412636302,112.9160083066109,112.9679489894898,31441940
2021-03-02,116.88935852050781,119.1227444277319,116.00639511182806,118.94096260913426,18223787
2021-03-03,118.16188049316406,119.53827693611377,116.18819083283319,119.46036238672784,19350542
2021-03-04,116.94129943847656,119.434388758839,115.85057330111268,115.85057330111268,22865747
2021-03-05,114.39627838134766,117.38278661591886,113.92882632748818,117.38278661591886,17342685
2021-03-08,114.34432983398438,116.29205246169394,112.70824423565121,113.14972944020825,15749448
2021-03-09,112.18885803222656,115.35715509906555,110.76052802251934,114.52612532083839,12585004
2021-03-10,111.74738311767578,113.72107990374964,111.15008283105799,113.22765394605231,10661165
2021-03-12,114.29240417480469,114.7338894373799,111.87722920799538,112.03305126551825,18173078
2021-03-15,116.42191314697266,117.64248753377015,114.13658642716689,114.78582737283415,30092241
2021-03-16,116.5777359008789,118.00606598992486,116.08430996132243,116.94130660580696,14767699
2021-03-17,114.50016021728516,116.86339435995015,113.92882679590129,116.83742754090697,12571132
2021-03-18,114.81179809570312,116.08431321035509,114.34434600787509,114.78583127487977,14232655
2021-03-19,119.56424713134766,120.55108494465598,113.82495277294882,115.25328289619013,70334403
2021-03-22,116.11027526855469,121.74569509102174,115.40910068793116,121.74569509102174,29180881
2021-03-23,113.74703979492188,116.3440035304484,113.48734342136922,116.11027397636502,38455903
2021-03-24,114.81179809570312,116.29206891108807,112.65631949175717,112.73422699894262,24398959
2021-03-25,112.3966293334961,116.03237895431418,111.85126970825968,114.8118044583821,20272124
2021-03-26,111.46170806884766,115.30521281442354,110.1891930781819,113.92882350586987,25184863
2021-03-30,114.9676284790039,116.1882029956693,111.87723843092725,112.65632764862228,53328751
2021-03-31,112.00707244873047,114.83776573241536,111.48767970271231,114.2144916193076,20694060
2021-04-01,113.59123229980469,113.92883619880392,111.53962799519206,112.52647287100346,11229344
2021-04-05,111.22798156738281,113.74703775460134,110.81247019503773,111.77334816888994,14484908
2021-04-06,108.65699005126953,113.74704335922931,108.29341934373218,111.77335367626881,25301732
2021-04-07,109.3581771850586,112.29275208136805,108.83878439558302,109.53996607031816,22841720
2021-04-08,108.55311584472656,110.89038328250837,108.2934194627508,110.08532027155438,20468881
2021-04-09,108.18953704833984,109.82562283006028,108.03372203854366,108.76087049211773,11773021
2021-04-12,104.47587585449219,107.33253590900458,103.09948650989737,107.33253590900458,18544315
2021-04-13,108.42326354980469,108.76086742465147,105.15108503393641,106.55344826141067,19831072
2021-04-15,107.92984008789062,109.7996554189554,107.54029552078194,107.98178077244815,10159348
2021-04-16,108.99459075927734,111.56558047001738,107.6441682922175,107.77401647088259,22020846
2021-04-19,104.50184631347656,107.51432852090394,103.87857923397495,106.91702121656496,18404990
2021-04-20,105.80032348632812,106.8391089505824,104.7355712033534,106.47553826492228,14467660
2021-04-22,105.67047882080078,106.4236011253406,104.50184513461384,105.95614905980882,11626459
2021-04-23,109.66980743408203,110.57874475902776,105.95615062967542,106.11196563892292,38318040
2021-04-26,112.08499145507812,112.42260241041123,108.1376047712732,108.1376047712732,19139358
2021-04-27,112.52647399902344,114.5261376365936,112.0849887214224,112.2148369180865,15270611
2021-04-28,114.73388671875,115.14940515091664,112.34467862911603,113.64316052079589,16383579
2021-04-29,114.34432983398438,116.1622042865133,113.7729964542467,115.87654111900164,14761969
2021-04-30,114.29240417480469,115.46103790500744,112.52647016921914,113.0978036240391,16897105
2021-05-03,114.68195343017578,115.74671287685051,112.57841544787969,112.96796004050604,15528063
2021-05-04,113.25361633300781,115.1494055369887,112.5524417449219,114.9935834826356,20857434
2021-05-05,113.33153533935547,114.44822840491561,112.60437981320892,113.25362078675732,23178237
2021-05-06,111.8772201538086,113.95479106158747,110.94231606319399,113.46137219781882,18823613
2021-05-07,111.43574523925781,112.60437898302914,110.89038564338402,112.37065646110409,12509591
2021-05-10,114.18852233886719,114.34433734142847,111.64349934717237,111.87722185101428,17845577
2021-05-11,116.0323715209961,116.96728273328607,113.43540767249391,114.26643751295767,22995780
2021-05-12,117.35681915283203,122.05732057399274,115.85057458963087,116.03236345533254,55645370
2021-05-14,118.86305236816406,119.46035966134849,116.26609568499886,118.29172598380241,18820793
2021-05-17,118.62934112548828,119.979756676267,117.95412630538371,119.95378985595018,10996347
2021-05-18,121.07047271728516,124.57638787353562,118.68127170011294,119.9278199374211,52885042
2021-05-19,121.40808868408203,123.61550796599514,120.18752130514942,121.64181824946485,28081040
2021-05-20,118.91499328613281,122.0313495811157,118.62933011031188,121.53792368319091,10707136
2021-05-21,118.39561462402344,119.07082241686533,117.3827958900452,118.44754826599942,21702883
2021-05-24,119.97975158691406,121.74569254557512,118.62933609341786,118.94096610286165,22028927
2021-05-25,120.96660614013672,121.77166209041097,120.05766882124607,121.01853977972984,9165363
2021-05-26,117.17503356933594,121.43404987729669,116.83742969198462,121.12241986418165,18322114
2021-05-27,118.577392578125,119.25260034886045,115.95446195559666,117.74636979713217,51194207
2021-05-28,117.09713745117188,119.97976466576307,116.75952649628034,119.97976466576307,15307498
2021-05-31,117.20099639892578,117.69442231075168,116.21415161998874,117.38278526353083,13102261
2021-06-01,116.55176544189453,118.42158084022759,116.29206905447926,117.53861030512951,15733731
2021-06-02,118.13591766357422,118.49949542393905,116.39595045848311,116.44789114492315,7995532
2021-06-03,117.53861236572266,120.21349083876613,117.20100846510726,118.96694252154703,10291328
2021-06-04,117.460693359375,118.49948587028003,116.75951176075365,117.3827858583537,6142487
2021-06-07,122.70658111572266,123.51163716366541,117.8502568709715,118.0580125886939,18058790
2021-06-08,121.56389617919922,124.10892624141552,120.52511069901784,124.10892624141552,22511761
2021-06-09,125.7450180053711,127.51094485393428,121.43404702546432,122.57671386243443,39865778
2021-06-10,125.51129150390625,128.8094298214837,124.78413602015169,128.8094298214837,32690784
2021-06-11,127.92646789550781,129.2249498538364,126.73186731173172,129.2249498538364,29142097
2021-06-14,129.17300415039062,129.74433052293807,125.74501773624668,128.78345959926384,18732629
2021-06-15,128.60166931152344,130.62729239037077,128.31599205462726,130.13386650687494,15026686
2021-06-16,125.77099609375,128.54974184428062,125.14772193687996,128.21214498932292,30706682
2021-06-17,124.57637786865234,126.75781597460252,122.96625201732132,126.75781597460252,22261167
2021-06-18,121.0185546875,127.25126849910359,119.51230988058971,126.73187568146996,49278209
2021-06-21,121.97942352294922,122.29105353603502,118.62933747984167,120.44721209817894,11719831
2021-06-22,121.56389617919922,123.09610758035271,120.52511069901784,120.52511069901784,10961545
2021-06-23,120.62899017333984,122.5767129181377,120.49914199035331,122.44686473515117,10721151
2021-06-24,120.05766296386719,120.99256705694225,118.47350387097309,120.62898932923821,12964208
2021-06-25,119.90184020996094,120.91465890157625,119.14873198565515,120.21348431707422,7736431
2021-06-28,120.42123413085938,120.75884506114112,119.82394090961598,120.49914868074912,9989595
2021-06-29,122.57672882080078,123.5635807753008,120.31737577948678,120.81078766730539,61089570
2021-06-30,120.7069091796875,123.40775430350419,120.49914644345925,123.17402474760493,17437744
2021-07-01,119.8758773803711,120.9925774781958,119.56424735231478,120.78481473320447,15924813
2021-07-02,118.39561462402344,120.03169341943675,118.21381869824586,119.87587840407798,9549992
2021-07-05,119.61617279052734,119.92781688664168,118.60335413465776,119.09678005309983,6849185
2021-07-06,118.83708953857422,119.72006005358408,118.57739315706722,119.14873365004085,5343938
2021-07-07,119.95378875732422,120.21348513697474,118.83708868905482,118.83708868905482,7228897
2021-07-08,120.05766296386719,121.09644842049047,119.22662614491088,119.51228932759638,8740010
2021-07-09,119.59020233154297,120.21347641537115,119.4603541511383,120.00571369095199,2990856
2021-07-12,118.94097137451172,120.36930147838963,118.52545998036061,119.82394189297689,5578309
2021-07-13,118.75919342041016,120.44721996193113,118.57739749304933,119.66813078892145,8264289
2021-07-14,119.43441009521484,120.21349932612459,118.6553208643051,118.7592022463128,9228746
2021-07-15,119.66812896728516,120.21348856220406,119.09678846211666,119.9797589959729,5376823
2021-07-16,121.46002197265625,122.83641845079904,119.72006182656384,120.31736914864784,15903784
2021-07-19,121.09645080566406,121.87553991347684,120.23944715129811,121.46001445109955,13725925
2021-07-20,120.13557434082031,122.73253821846504,119.95379250515748,122.00539678638296,14178067
2021-07-22,121.14839935302734,121.79764035610431,118.78516491971342,121.79764035610431,10378326
2021-07-23,121.0185546875,121.51198068213833,120.52512869286167,121.40809930072523,6660369
2021-07-26,120.86272430419922,122.23912073182666,120.52511337985888,121.25226886793189,12963701
2021-07-27,120.42123413085938,121.97942650264173,119.79797408946285,121.01854144153312,10832912
2021-07-28,118.47350311279297,120.70690310178381,118.10993243213035,120.49914037601695,13828088
2021-07-29,115.928466796875,120.18749024481352,115.75533587695416,118.4215492258489,28609665
2021-07-30,118.52542877197266,119.94509383982133,116.482482539398,117.0711248401855,34142169
2021-08-02,118.42154693603516,119.11407060232776,117.24425529439472,118.76780876918146,9575755
2021-08-03,120.81074523925781,121.3301379773276,118.49079382709877,119.49496157435817,20959435
2021-08-04,121.36477661132812,122.29968077447079,120.39524062793069,121.6417889050746,23323277
2021-08-05,121.33013916015625,121.71103280755925,119.97972366378174,121.36477097880375,6621382
2021-08-06,121.19163513183594,122.2304205758231,120.8800051344115,121.53789694649832,5340311
2021-08-09,122.19580841064453,122.57670210380185,120.53376270451112,122.57670210380185,16415005
2021-08-10,119.52957916259766,121.95341193740468,118.66392460016657,121.95341193740468,11925263
2021-08-11,122.12654876708984,122.57669197925001,119.49496722345346,119.77196542530857,31279965
2021-08-12,129.50193786621094,129.9866988427718,122.09193957060138,122.57670054716223,58107755
2021-08-13,127.94376373291016,129.7097049438868,127.14735859679458,127.56287003189736,26776843
2021-08-16,125.13902282714844,127.63211933647082,124.93127417765842,127.42435659755053,21308655
2021-08-17,126.90494537353516,127.25120716173035,125.34676732665683,125.38139914124764,15962459
2021-08-18,125.06978607177734,128.80941712888952,124.75815602094788,127.21660687270582,25227527
2021-08-20,123.68473815917969,124.68890604406347,122.61133480704669,122.78446574346475,18720467
2021-08-23,121.64178466796875,124.58501024646492,120.63761689929439,124.30799796236751,13112745
2021-08-24,122.2996826171875,124.1695050610764,121.50327754420319,122.7844576609057,11029463
2021-08-25,121.53791046142578,122.88832605300261,121.22628042934832,122.71519512641939,12001351
2021-08-26,119.87584686279297,121.4686569715031,118.83706133696386,121.4686569715031,12115246
2021-08-27,120.74150848388672,121.08777034595087,118.94094961903932,120.36062888927488,8051699
2021-08-30,121.53791046142578,122.12655279392258,119.66810209009928,121.33014771375356,14512401
2021-08-31,121.43402862548828,122.61132737543271,121.15701632612308,121.5379099989291,43248333
2021-09-01,121.64178466796875,123.13071336674106,120.94926100244024,123.13071336674106,11817591
2021-09-02,121.71102905273438,121.95340950749973,120.63761178093563,121.46864859796901,13545023
2021-09-03,121.57251739501953,122.43817185072481,120.77611247788509,121.88414736330223,12286475
2021-09-06,120.56837463378906,122.12655297535292,119.80660137357735,121.67640974768163,13950485
2021-09-07,119.80659484863281,120.6029998866109,119.42570119455586,120.56836806735659,12485031
2021-09-08,119.70272064208984,120.22211342539896,117.86753703456023,118.5946855222499,25370295
2021-09-09,120.15286254882812,120.60300577395775,119.04482744119196,119.39108929291768,5078350
2021-09-13,120.42986297607422,120.706875248033,119.5988261601979,120.67224343050212,7522483
2021-09-14,120.56837463378906,121.26089834115078,120.15286322725821,120.42987552808907,8434427
2021-09-15,123.19998168945312,123.96175501973264,120.32600522166786,120.49913616443284,20064238
2021-09-16,124.27336120605469,125.79692166334581,123.47697029388081,123.9270993870471,16214883
2021-09-17,123.82322692871094,124.93126188525862,122.4035478944465,124.34261963547662,21219226
2021-09-20,122.57669830322266,124.10024484975014,121.26090041880467,122.71519741129565,7833069
2021-09-21,121.81491088867188,123.54621998575524,121.50326679753917,121.91879225238277,9481007
2021-09-22,122.40357208251953,122.88833306885584,121.74568015971572,121.74568015971572,9165634
2021-09-23,123.44233703613281,123.78859885110093,122.57668249871253,122.57668249871253,10295913
2021-09-24,121.98802947998047,124.3079806179167,121.74564904875037,123.47695797100548,7093411
2021-09-27,121.8841781616211,122.68058327999528,121.26090397813559,122.23044003139843,5205649
2021-09-28,127.38972473144531,130.81772538579781,121.95341668560395,122.47280944328492,38873626
2021-09-29,135.07675170898438,135.94240632365506,126.35094192155951,127.0780974336551,53686662
2021-09-30,131.51022338867188,137.1196612586398,130.644568961534,135.00745882065237,23618199
2021-10-01,132.86065673828125,134.0033235554774,131.33711037497267,132.133515374196,16994903
2021-10-04,132.72216796875,133.69170395236117,131.61413288295032,132.96454844229515,10757286
2021-10-05,131.5448760986328,135.11137610489595,131.12936468098002,132.7221748863189,17200858
2021-10-06,129.91744995117188,133.06843858320894,129.32880759393183,132.9299253824615,8929507
2021-10-07,130.4022216796875,132.65292376222985,129.9174466236351,132.27203008171946,6733699
2021-10-08,129.9866943359375,131.68338587393643,129.50193337618404,130.8869807919721,8165175
2021-10-11,133.96871948242188,135.1113865362609,131.09475706960225,131.57951807938494,12982042
2021-10-12,133.8994598388672,134.79974632001742,132.72217513837657,134.2803535246072,8539966
2021-10-13,138.0892333984375,141.62110157333365,134.45348384704386,135.11137574914258,33075614
2021-10-14,141.7249755859375,142.62524792679895,137.29282116426188,138.6432367202693,19185455
2021-10-18,141.13632202148438,145.39533109229677,139.9936552093079,145.2914638189048,38546365
2021-10-19,137.56983947753906,141.82886316356957,136.42717252429705,141.27483855307918,16174177
2021-10-20,134.59197998046875,138.6778726800647,133.8994562717044,138.50474175287363,21909934
2021-10-21,134.38421630859375,136.66953583855022,134.003322675553,135.90776266189806,16946547
2021-10-22,134.66122436523438,136.42716539058003,132.44515421801233,135.66539215806185,7705870
2021-10-25,133.4146728515625,135.04210047530222,131.92574431048757,134.66120686383124,7862419
2021-10-26,131.85653686523438,133.62246413542294,131.3717617422828,133.3800836186637,8525850
2021-10-27,131.7526397705078,132.8606749217822,130.57535506404716,131.68339021532154,9862679
2021-10-28,128.74014282226562,132.34125998381933,128.28999965471417,132.06424771998542,11095238
2021-10-29,128.15150451660156,130.64458678907496,125.55454088081063,129.43267042570588,12988035
2021-11-01,130.02133178710938,130.54072459051991,127.8052614616636,127.83987919489873,5475153
2021-11-02,128.463134765625,132.4451456815406,128.2207543103682,130.6445870417951,10946890
2021-11-03,127.38972473144531,129.70969032063115,126.73183287415486,128.46314206642475,13957727
2021-11-04,128.15150451660156,128.70551497191263,127.59747997186106,128.08224088143692,830214
2021-11-08,130.99085998535156,131.82188278521747,127.83987153111794,129.91744262021334,11947323
2021-11-09,129.19029235839844,131.82187377097478,128.3246377971372,131.82187377097478,10381150
2021-11-10,127.70137786865234,129.15567487509693,127.11273551954754,128.77478119009493,13857851
2021-11-11,126.14318084716797,128.29000126228118,125.13901313936574,128.11687035639414,8851354
2021-11-12,126.039306640625,127.21659123171598,124.862022049534,127.21659123171598,9590673
2021-11-15,130.4022216796875,130.71385171688246,126.03931662237143,126.17781573014005,24821341
2021-11-16,129.91744995117188,132.51441395908216,129.15567666007115,130.886985998678,23206330
2021-11-17,132.30667114257812,134.21111149925812,129.5019442542402,129.5019442542402,18359498
2021-11-18,133.310791015625,134.66120637975214,132.30663744634364,132.86064786443978,10742933
2021-11-22,134.4880828857422,136.4271546793936,132.96453654032268,134.62659606496257,25095721
2021-11-23,139.785888671875,140.16678229535714,133.7609388656802,133.83018840919632,19671538
2021-11-24,140.7900848388672,143.66404714672575,139.8897983227992,140.02829743784113,18120478
2021-11-25,141.4479522705078,141.9673449961033,139.3703813681258,140.30528545631182,18537454
2021-11-26,139.88978576660156,141.93272502197524,139.05876297207715,141.30946497079722,12814537
2021-11-29,138.67787170410156,141.27483559369148,137.46595522229293,137.81221707423825,16066147
2021-11-30,143.1792755126953,145.08371569484726,138.7125032666931,138.7125032666931,37739647
2021-12-01,143.49090576171875,144.56432313815765,141.75959650257914,143.3524066567599,20332817
2021-12-02,148.5463409423828,149.5851265433785,143.00615107040582,144.73746040539862,33758843
2021-12-03,142.7291259765625,149.89674316363784,142.31361459126236,147.61142349977203,47614182
2021-12-06,139.88978576660156,144.04492791808477,139.43964254897142,143.59478470045465,11322446
2021-12-07,142.52137756347656,143.31776851601822,139.99366333870947,140.30529335584052,8049102
2021-12-08,141.828857421875,143.80254712152012,140.96320280892272,142.07123789561552,8788449
2021-12-09,140.7208251953125,142.97152746008135,139.95905186204644,142.31363551076797,5755422
2021-12-10,140.33993530273438,141.44797044179734,139.7859106884873,141.44797044179734,6164402
2021-12-13,141.5518341064453,145.18758319776106,141.06705910727888,142.31360728864462,21648126
2021-12-14,146.98812866210938,147.6114026969368,140.72078467820106,141.3440587130285,48042035
2021-12-15,145.3260955810547,149.34273867555396,143.90643045016307,147.57679760534134,15207306
2021-12-16,144.1834259033203,146.676522446434,142.8676421704253,146.3995101539291,13410737
2021-12-17,145.3953399658203,145.776233622935,142.00198522903966,144.18342353427573,15209414
2021-12-20,145.3260955810547,147.2651675762124,143.69866770445662,145.94936972874328,22539246
2021-12-21,143.0753936767578,146.64189355150464,141.82885946976592,146.43413080562397,17566511
2021-12-22,139.57815551757812,140.58230923347358,137.11969077944713,138.36623905866887,14750231
2021-12-23,144.28729248046875,145.15294699989732,139.92440215620616,140.23603214742883,15932489
2021-12-24,142.24435424804688,144.5296737384962,141.86346062159078,144.18341192878304,8975969
2021-12-27,142.7291259765625,143.52553101722202,141.96735275527388,142.24436504195072,8648187
2021-12-28,142.3828582763672,144.49506102467538,140.7900623500795,143.11001373776628,15736206
2021-12-29,141.6903533935547,142.5906398850207,140.3745554788857,140.58231823520293,17172943
2021-12-30,142.20974731445312,146.39952158085956,139.6474151100034,141.69035450900265,87481206
2021-12-31,141.5518341064453,142.7983681983816,140.96319183335626,141.27482183398297,9842223
2022-01-03,141.96734619140625,143.31776165355268,141.37870391532778,142.24435846527538,7410054
2022-01-04,145.84547424316406,147.50753377969437,142.31360653393048,142.86763107591705,14784090
2022-01-05,144.4950714111328,146.364879747092,144.0795600130786,145.4299755791124,9565107
2022-01-06,142.625244140625,144.52968423232247,141.72497182366246,143.87179238187176,5615931
2022-01-07,142.10585021972656,144.39118394674196,141.62108929068935,143.31776663174958,11908249
2022-01-10,141.2748260498047,143.52552793540207,140.89393240262396,143.52552793540207,11085710
2022-01-11,141.17095947265625,142.52138919914586,140.92857898516263,141.65573453707484,7208789
2022-01-12,141.93270874023438,143.14462506205928,141.51719739063736,142.6598641691009,11018139
2022-01-13,144.044921875,146.46875469501202,143.04076819962415,143.76790959196975,20522807
2022-01-14,143.87179565429688,145.1875934745568,143.04077286751715,144.01029475561668,14183654
2022-01-17,142.9022674560547,145.11835182382347,142.52138786197577,144.8413395166735,7574539
2022-01-18,142.07122802734375,143.94103622567155,141.6903343883294,142.83300121594286,8475422
2022-01-19,141.7249755859375,143.62941572819082,139.231893126692,142.65987974697575,13724367
2022-01-20,148.65020751953125,149.13496844928986,142.24436361787636,143.42164821267878,30170343
2022-01-21,148.96185302734375,151.83582935409896,147.50755599736866,148.13083017862414,29509593
2022-01-24,148.20005798339844,150.7970216162851,146.46874889480733,149.8621175263318,12850189
2022-01-25,151.5587921142578,152.49369618766005,146.7803762964552,147.85379354815018,27389035
2022-01-27,148.7886962890625,151.870434838256,147.05738724662652,150.97014850041765,28512473
2022-01-28,145.5684814453125,150.62391027657463,144.91058954194594,150.62391027657463,18932049
2022-01-31,149.16958618164062,150.10449022327703,146.26097860947007,146.8150031249584,19907759
2022-02-01,147.47291564941406,150.3122740788326,146.33026282083858,150.2776422582082,8622355
2022-02-02,148.20005798339844,150.83165343382868,147.6806652568211,148.78870025563353,9921099
2022-02-03,146.3302764892578,148.8926087718849,146.1225137249661,148.2000850101552,4594389
2022-02-04,145.2222137451172,147.74992805914184,144.80670234446,146.81502388530552,7329263
2022-02-07,147.9576873779297,148.4078305888138,145.42997312243932,146.15712862382367,7869237
2022-02-08,145.464599609375,149.1695983518736,144.39118230657576,148.20006241538232,9074237
2022-02-09,144.97982788085938,146.5726379618529,144.5296846762803,145.84548247065365,9833985
2022-02-10,146.84963989257812,149.37733984497888,145.46459264658137,145.46459264658137,19180334
2022-02-11,143.90643310546875,146.81502706244288,143.38704032104974,145.56847874406483,20071130
2022-02-14,139.785888671875,143.31775628548675,139.37037732134934,143.31775628548675,12109375
2022-02-15,140.89393615722656,141.17094844533725,137.81221143674975,139.88978246343441,19046061
2022-02-16,135.94239807128906,139.19725358909298,135.5268726099271,137.5351940119343,20270061
2022-02-17,136.42718505859375,137.7083512374504,135.73466127657042,137.2928397861229,16405551
2022-02-18,135.52687072753906,138.60860937954493,135.21524072527566,136.28865800316873,14600643
2022-02-21,137.2235565185547,137.81219877079542,135.42299794546526,135.52686521570914,10682638
2022-02-22,137.2235565185547,137.43130514847138,132.82603440078947,134.48807979783882,13606058
2022-02-23,137.15431213378906,138.15846577305956,136.8426680430493,137.36206077151942,6493463
2022-02-24,132.3412628173828,135.7346314207884,131.51024009751706,134.34958416139258,13145037
2022-02-25,136.63491821289062,137.05042957415463,133.06841869063496,133.3454309612874,10920938
2022-02-28,144.84132385253906,145.60309704774477,135.7692668781517,136.73878871417915,31938385
2022-03-02,146.05325317382812,147.611431520442,142.79838328502055,143.8718006706825,20502615
2022-03-03,150.86627197265625,151.90505743139306,145.91472513479158,145.91472513479158,19805555
2022-03-04,148.92723083496094,150.6239083042246,146.08787232641689,149.5504909081232,12794317
2022-03-07,147.36903381347656,149.03107925070424,144.63355702663318,145.7762238317992,17635653
2022-03-08,147.05738830566406,154.70977996411162,145.2914615233194,148.20005509978657,28410490
2022-03-09,144.1141815185547,149.58512165627693,143.0753959514972,148.9964793194972,22830958
2022-03-10,144.63356018066406,146.39950110801504,143.38702607556007,146.12248883262652,16516553
2022-03-11,147.12664794921875,147.50754160321506,143.8717923383471,144.94520966184209,12992850
2022-03-14,147.78457641601562,148.2000878631661,145.1529804350089,147.12667037604783,12598659
2022-03-15,145.18759155273438,148.92722222260318,144.25268740762473,147.64604214991672,14528285
2022-03-16,144.97982788085938,146.67651933051425,144.70281559423918,146.2956256752327,11933774
2022-03-17,146.50338745117188,147.334410216149,143.87179187969426,146.81501746568077,28464621
2022-03-21,141.89810180664062,149.5851116718936,141.62108952269554,149.5851116718936,17797415
2022-03-22,144.52969360351562,145.08371821097674,141.30946960211992,141.96736149522783,13285297
2022-03-23,145.4992218017578,145.84548364045284,144.25268763611396,145.08371041320987,9408783
2022-03-24,145.94937133789062,146.2610013704554,144.04493114249703,145.42997855732872,11188958
2022-03-25,145.18759155273438,145.9839965983575,143.14463825401157,145.94936477877073,9842670
2022-03-28,147.02276611328125,147.33439609792842,143.69864719304417,145.18757575293012,12823578
2022-03-29,146.3302764892578,148.51171506716076,145.2222271989447,148.09620362800933,10470515
2022-03-30,150.34689331054688,151.45492841898727,146.6765261332487,147.57679849473053,54218485
2022-03-31,150.13914489746094,150.4507749289753,148.71946566627133,149.27349026610895,10326026
2022-04-01,155.85244750976562,156.33720841170464,149.654352609664,149.654352609664,39663961
2022-04-04,157.47988891601562,157.96464986014095,155.1599373872494,156.51035293833453,9907530
2022-04-05,161.39263916015625,162.4660423433267,157.133615976791,159.24580461495643,17167487
2022-04-06,163.88572692871094,165.13226106283867,160.07684679936577,160.21534589556998,17153675
2022-04-07,160.21536254882812,166.1364460920371,159.28045832869813,163.4009688975158,11913911
2022-04-08,161.08102416992188,162.11980981257756,159.69597664638096,161.35803649251648,6746769
2022-04-11,159.90371704101562,163.1239549006407,158.17240787879032,161.0117520869538,12413822
2022-04-12,161.42727661132812,161.80817029380188,158.3109198655904,158.76106310230543,14769907
2022-04-13,158.93418884277344,162.98544966205603,157.58377326615616,162.70843736470536,11015439
2022-04-18,160.04220581054688,160.526980798345,157.5837554124911,158.9341708361112,19069923
2022-04-19,157.79150390625,161.60038381400838,156.85659983768605,161.15024064338746,15036942
2022-04-20,157.202880859375,158.58792826782764,154.7444160735992,158.0685354896579,9814641
2022-04-21,157.37599182128906,158.3455277021003,155.99094458853844,156.57958684457165,11134333
2022-04-22,156.12945556640625,159.41894299470675,155.61006281456935,155.852457370304,12032249
2022-04-25,154.3289031982422,157.13362980940295,153.39399902433217,155.09067644774552,11042683
2022-04-26,160.3884735107422,160.80398488023613,155.36767707990214,157.2028675587158,15389155
2022-04-27,158.7957000732422,161.2541509098275,157.51451987579492,160.21536529423133,12680209
2022-04-28,163.15858459472656,163.60872782780038,159.31508642639878,161.6350380560179,18378146
2022-04-29,157.72225952148438,163.67796002691247,157.23749860768413,162.8123054741052,9026331
2022-05-02,160.3538360595703,161.53112047657592,156.44107512510314,156.44107512510314,12634353
2022-05-04,164.54360961914062,165.8247755007855,161.2887542344829,161.35800377873386,23124643
2022-05-05,161.87741088867188,166.65582711888666,161.25413675613422,165.09764883225773,16481935
2022-05-06,165.09764099121094,165.61703372875286,160.28459316966465,160.28459316966465,17715186
2022-05-09,169.7721710205078,170.67244328748413,163.19319652356754,165.51314787039217,54118806
2022-05-10,168.7333984375,171.98825411677885,167.9369933829525,170.22232717610092,30997494
2022-05-11,165.65167236328125,171.74588688865114,165.3054104945541,168.9757919388342,15412618
2022-05-12,163.3663330078125,167.5214749371875,160.76936930195313,165.51315352010363,26538994
2022-05-13,163.6433563232422,166.10180701025456,161.427272024472,166.10180701025456,15074553
2022-05-16,162.88156127929688,164.7513836388677,161.3580148435844,163.08932401572588,7960529
2022-05-17,165.27078247070312,165.72092568990638,161.1848898562462,162.67381861695048,15470937
2022-05-18,157.82614135742188,164.9937582582029,157.27211680619752,164.47436552496615,19181550
2022-05-19,158.10316467285156,159.038068840073,153.49787929869484,154.4327834659163,15085602
2022-05-20,158.62255859375,161.42727111577292,157.0297484532698,159.79984324406618,15148281
2022-05-23,155.54080200195312,160.66547960018983,155.2637897364808,160.66547960018983,11572501
2022-05-24,157.202880859375,159.0380714934609,155.54082115134565,155.81783345092236,16336858
2022-05-25,155.71395874023438,158.86494736506387,154.12116260601832,158.17242363120522,11062614
2022-05-26,157.3413543701172,158.6571520119958,155.0560349715761,157.20285528757356,14150454
2022-05-27,155.61004638671875,158.34552304459862,154.70977416556846,158.31089122902688,8430491
2022-05-30,158.0685272216797,159.2111940917706,155.33306436883996,155.47156346666853,9305758
2022-05-31,161.2887725830078,162.8469509083471,158.0339027386406,158.06853455942044,26351545
2022-06-01,158.72642517089844,161.35802084622281,157.9992837452069,160.7693785236828,10282009
2022-06-02,156.19871520996094,158.86492844998068,155.50619155855688,158.86492844998068,10071898
2022-06-03,156.51034545898438,157.96464231129252,155.817821806511,156.51034545898438,16082518
2022-06-06,155.6793212890625,157.5144976798018,154.81366673138186,156.5103440286641,12693293
2022-06-07,155.8178253173828,156.68347990247938,154.91753891311032,155.09066983012966,9103195
2022-06-08,155.50619506835938,156.85661058330453,154.4674095678077,154.4674095678077,11240130
2022-06-09,155.71395874023438,156.30260109612797,153.0477451827648,155.6100773622693,9468041
2022-06-10,155.4369354248047,157.51450647930116,153.77488985275187,153.77488985275187,9019239
2022-06-13,153.9826202392578,156.1640724056032,153.3939779948608,153.63635843791502,10186775
2022-06-14,155.09066772460938,157.41063325271628,153.7402522259641,153.98263268861453,17023962
2022-06-15,153.91339111328125,156.7181177119727,153.6710106380756,155.29843850237714,5898563
2022-06-16,149.82749938964844,155.33307124774365,149.3427384363508,154.6751652803475,11883333
2022-06-17,146.3648681640625,150.2083799931147,145.6030949796766,148.33855771569898,19675226
2022-06-20,144.21804809570312,146.05323856042511,142.90225036121777,144.8066903720854,7402273
2022-06-21,145.67234802246094,147.61141989238058,143.56015932820793,144.77207572455026,9459619
2022-06-22,145.880126953125,146.29563837440864,144.183435356189,145.98400833080376,10257637
2022-06-23,144.42581176757812,146.60724997728684,142.76375220207132,145.49921496342552,13114525
2022-06-24,144.7028045654297,146.8150072393141,143.87178185833727,146.8150072393141,9499105
2022-06-27,146.50338745117188,147.74992159863754,145.18758966543305,147.74992159863754,17545390
2022-06-28,145.6377410888672,146.5033957218504,144.28731140775486,145.11834830907728,6770087
2022-06-29,146.19175720214844,148.89260257843424,144.35656649201633,144.80670973630254,41502918
2022-06-30,146.7457733154297,148.71946302193243,145.70698777627766,146.46876102043635,22260722
2022-07-01,143.0061492919922,147.43830395234212,142.10586281321926,146.1571378782662,11133663
2022-07-04,145.91473388671875,146.9189016773851,142.00198636233483,142.00198636233483,20178279
2022-07-05,148.303955078125,149.5504893004806,146.08787075599685,146.12250257721405,20083997
2022-07-06,145.74160766601562,148.3039538208697,144.1834293342075,148.20007244752966,19203527
2022-07-07,147.19590759277344,149.1003476322077,146.88426349629907,147.6806685124939,14069302
2022-07-08,151.52418518066406,151.9396965662832,147.26516177684985,148.20006591685046,17142257
2022-07-11,150.31228637695312,153.2208805067319,149.72362991476032,152.35522581460347,10826079
2022-07-12,147.8538055419922,150.24300659998994,147.61142507210448,148.96184061107186,8503695
2022-07-13,148.51170349121094,150.0698818336484,147.81917978346095,148.54633531237081,10210005
2022-07-14,148.7886962890625,151.83580302163563,147.4036490551137,151.83580302163563,10898403
2022-07-15,144.94520568847656,150.27763216166704,144.59894386321926,150.27763216166704,22067479
2022-07-18,145.6031036376953,147.09203236673974,144.66819948810985,145.67235318777009,15155654
2022-07-19,145.42999267578125,146.4687783377511,145.15298034803615,145.36074311620305,14922395
2022-07-20,144.91058349609375,147.02278640624158,144.3911907237063,146.330262709725,14181034
2022-07-21,147.02276611328125,147.64602608257556,145.0490625790868,145.395324379552,12461554
2022-07-22,145.42999267578125,148.16545594986232,145.08373078845796,148.16545594986232,9272199
2022-07-25,143.97567749023438,146.1224981042111,143.62941564638555,145.4299744165134,6635194
2022-07-26,144.8066864013672,146.1224840997723,143.42163915871532,143.9756636915477,11451315
2022-07-27,145.880126953125,146.12250744142116,145.01447228818768,145.3607341541626,9209354
2022-07-28,148.3385467529297,148.75407217682175,145.46458513738978,146.1224769095048,13192642
2022-07-29,148.1654510498047,150.8316787655636,147.4036777407729,149.86214269523597,15433067
2022-08-01,151.6280517578125,152.4590886146325,148.3039465988229,148.92722071908037,12136557
2022-08-02,154.15577697753906,154.70980158831753,150.52002745406205,152.32058630494538,17748747
2022-08-03,154.84829711914062,155.6447021952002,152.11283412901287,154.67516619345074,12406038
2022-08-04,152.9092254638672,155.26379457011126,151.73192682131562,155.1252954777779,9712267
2022-08-05,154.88291931152344,155.64469251931595,151.55880010915428,153.53248972143538,14099223
2022-08-08,153.67100524902344,156.71811221606225,153.11698067704177,155.8178258089496,8392041
2022-08-10,154.77903747558594,155.74857341412437,152.73609832141167,152.8745974171615,8585266
2022-08-11,154.3289031982422,157.13362980940295,153.53249812808525,155.57545148974268,5040626
2022-08-12,157.93003845214844,158.31091804080077,153.74026435095584,154.43278806424843,13279062
2022-08-16,158.48403930664062,159.24581252693235,157.23750515237148,158.72641977362935,11298246
2022-08-17,158.2416534423828,159.93833074286408,157.68762888865075,158.48403390110448,11225465
2022-08-18,160.21536254882812,160.45774303709422,157.72227993200434,157.86077904260458,11360485
2022-08-19,159.55099487304688,160.63494004069386,157.83764015855516,159.7607838275255,9829530
2022-08-22,158.01246643066406,161.4042038133073,157.80267748278467,159.5160179155777,9190493
2022-08-23,159.13140869140625,160.040522650441,156.7886585702008,157.31315231772976,8903751
2022-08-24,160.4601287841797,160.80979131299927,158.39712555526611,158.99154900869843,13007225
2022-08-25,158.2572479248047,161.5440696243079,157.41804941604852,161.1944071359436,12124365
2022-08-26,161.159423828125,161.68391752367472,158.46702570319684,158.46702570319684,7966045
2022-08-29,158.78173828125,160.07548661512897,157.7677085498725,159.62092254435993,7517013
2022-08-30,160.5650177001953,161.01958179730107,159.51603019662983,159.5859598513068,7214498
2022-09-01,158.11737060546875,160.9146704453808,157.34811599505346,157.38308793417346,13109081
2022-09-02,156.7886505126953,160.04051442581942,156.50893191063096,159.0964285743454,6897237
2022-09-05,156.2292022705078,157.73275381241413,155.04034127625027,157.34811938501844,18055474
2022-09-06,157.38308715820312,159.44609008884564,156.64879026272553,156.64879026272553,14103701
2022-09-07,156.92852783203125,158.71179798837747,155.9844419577535,155.9844419577535,7866745
2022-09-08,156.92852783203125,158.67684027617642,156.26416056657422,158.04744495072353,7187735
2022-09-09,155.87954711914062,158.15235339500035,155.59981427039713,158.0824237397654,9162027
2022-09-12,156.61383056640625,157.13832432480388,155.39001179681182,156.33411194417053,8778919
2022-09-13,158.60691833496094,159.09644015199942,156.5089432999895,156.8586058058181,11278383
2022-09-14,162.62802124023438,163.0825710710947,157.13830905360396,157.3481122276952,25072958
2022-09-15,166.15960693359375,166.6141710011932,162.48815090943313,163.2574055165539,23606369
2022-09-16,164.7959442138672,166.75404573800066,163.2224629149973,166.71908802359707,29399642
2022-09-19,163.04762268066406,166.50927565642573,161.99863520585103,165.00572409696642,13920046
2022-09-20,162.73291015625,165.21551941960206,162.31331803185597,163.64203828227252,20162973
2022-09-21,158.78173828125,163.88680196614044,156.85859463613724,163.53713948521084,14468837
2022-09-22,153.92141723632812,158.3271700720011,153.2570642310484,156.64878736184937,26264530
2022-09-23,141.64828491210938,153.67666926098298,138.53628011507968,152.66265369873273,87162722
2022-09-26,140.45941162109375,146.4036736224209,130.31919997177096,139.86498826652152,167547134
2022-09-27,143.2567138671875,145.38966066630894,140.73914688035413,143.9210811096397,54127095
2022-09-28,145.2498016357422,147.1379877351715,141.6482891483015,143.5014890776432,52877873
2022-09-29,145.4595947265625,148.32682427705433,144.09591671712218,146.12394776135588,36761869
2022-09-30,148.39674377441406,152.9423557985704,144.7602598462098,144.7602598462098,62897614
2022-10-03,147.41770935058594,150.11010763922334,146.15891871360594,148.9562185932922,11740863
2022-10-04,145.77430725097656,148.5016779088388,145.45961665606387,148.3268466388195,19179333
2022-10-06,144.27073669433594,147.48762848093642,143.7812007136303,146.05400670374397,20692745
2022-10-07,146.4386444091797,146.6834052911611,142.66228691011617,142.66228691011617,14282850
2022-10-10,146.1239471435547,148.2219220586254,145.14490356543072,145.42462217186446,16834226
2022-10-11,145.704345703125,147.87225013138712,144.4455693711351,146.85823467830065,17807162
2022-10-12,150.73948669433594,151.0192052698832,146.40366381193513,147.17291835029292,35288330
2022-10-13,149.62059020996094,151.9633405324647,149.131068361327,150.31991526675498,16436903
2022-10-14,148.71145629882812,152.45284200711183,147.94220168471978,152.45284200711183,23365190
2022-10-17,148.15199279785156,150.31989737024978,147.55756941590732,148.22192244964447,9520537
2022-10-18,148.50164794921875,150.35486188310585,147.9421965347072,148.921240067053,13256574
2022-10-19,149.58563232421875,151.68360749222236,148.92126498433478,148.95623692825671,11595367
2022-10-20,152.10317993164062,152.4528424142421,148.5016535152849,148.6415270450072,16371066
2022-10-21,151.96331787109375,153.08223494954592,149.65553983669656,150.59962567702175,11634491
2022-10-24,153.04725646972656,154.0263142069543,152.87242523907167,153.71162368289632,1132859
2022-10-25,152.80250549316406,153.43190080986355,149.83037437945265,153.04726638637973,20622687
2022-10-27,156.57887268066406,157.24322574945032,151.99828817123114,153.3619804782504,24298489
2022-10-28,158.60691833496094,160.14542766948514,156.08933691075222,156.5089432999895,11669879
2022-10-31,159.55099487304688,161.0195744656091,158.53696512908982,159.41112134225818,11755682
2022-11-01,164.44627380371094,164.97076754480648,160.7048879627902,161.29931135713778,15220278
2022-11-02,163.15252685546875,165.42533308686237,162.83782207136298,164.44627524931676,12884449
2022-11-03,159.48106384277344,163.36230885900414,158.53696375847142,162.94271672587146,9358215
2022-11-04,158.15235900878906,160.460123080281,157.34813237553107,159.44610747387148,8059667
2022-11-07,159.4460906982422,162.17346088469372,158.32717360907822,158.95656891792132,14862038
2022-11-09,152.97732543945312,161.5440556640625,152.4878036891676,161.5440556640625,22831150
2022-11-10,150.28494262695312,153.95639881053762,149.30588479910327,151.05419726747684,16217631
2022-11-11,149.6905059814453,152.3479321614342,149.34084351872556,151.05418389493153,12123886
2022-11-14,147.8023223876953,149.44573314184223,147.03306780360552,147.5225895677166,18460862
2022-11-15,151.05418395996094,151.4038464228312,146.6134735270688,146.85823440551758,15258103
2022-11-16,151.82345581054688,152.06821671684997,149.27091669554903,151.01922920886213,9825807
2022-11-17,152.66265869140625,154.1661961133344,151.22903669863285,151.68360081057105,9449665
2022-11-18,152.69760131835938,153.0123060852849,151.64861388421292,152.69760131835938,5828998
2022-11-21,153.1871337890625,153.50182432092296,151.40384950104703,152.10317444100568,4712051
2022-11-22,152.31297302246094,153.29201652664676,151.68357774991156,152.80249477455385,4366445
2022-11-23,150.45977783203125,153.01231694856858,149.83038248129822,152.62768250428627,13510578
2022-11-24,154.37599182128906,154.55082306910478,150.4248027750929,150.63460596359312,7622243
2022-11-25,154.2710723876953,154.48087555193467,151.47377274611316,154.375973969815,10989671
2022-11-28,154.7606201171875,155.39000120210954,153.25706860006775,153.25706860006775,4526153
2022-11-29,153.39691162109375,155.4249566456068,152.83746024633928,154.76060369189796,6476054
2022-11-30,156.64877319335938,157.31312613855005,152.20806304884,153.39690965427627,17317951
2022-12-01,155.1802215576172,157.24322463260913,154.20116370440942,156.64880122352702,13241961
2022-12-02,153.71163940429688,154.9004862032228,152.83748316161504,152.83748316161504,12880949
2022-12-05,155.1802215576172,155.4249824639682,151.89338549526278,153.6416980089182,16477957
2022-12-06,156.29913330078125,156.7536973841294,153.43190372337452,154.93545527854,11299945
2022-12-07,154.58578491210938,156.7187174594542,154.16617856251798,155.84456127747623,5813973
2022-12-08,152.31297302246094,155.14523040723034,151.68357774991156,155.11027269796764,11176439
2022-12-09,151.89337158203125,153.1171902294899,150.84438416992384,152.7325700483986,6020031
2022-12-12,150.73948669433594,152.45282699466924,150.0751195079077,151.0541772057273,8194429
2022-12-13,151.2639923095703,151.61365478441647,148.99118622307026,150.73949859730106,8235450
2022-12-14,153.29202270507812,154.2361227658551,151.26399174083755,151.26399174083755,10055353
2022-12-15,151.2989501953125,154.13122193596223,150.9842596587081,153.5018266349509,5385778
2022-12-16,149.09608459472656,152.5927096014303,148.67649243948281,150.35487528826135,11166617
2022-12-19,153.08224487304688,153.2920338357172,149.3058870391425,149.6905214790767,7758862
2022-12-20,151.96331787109375,153.08223494954592,149.58561018700627,153.08223494954592,6541929
2022-12-21,151.0891571044922,152.6276662622925,149.55063371888974,151.78848203581998,7005861
2022-12-22,150.35487365722656,151.75352364473565,148.8513220750936,151.12412830479587,6961415
2022-12-23,147.73240661621094,150.56467856435322,147.17294092370267,149.23595821549878,4554651
2022-12-26,148.15199279785156,149.8303755798964,147.52259747610935,147.90723190267488,6864331
2022-12-27,148.71145629882812,150.49472641865165,148.11703292555362,148.92124525114707,13115851
2022-12-28,150.87936401367188,152.73257805105743,148.60655783501863,148.60655783501863,16815549
2022-12-29,150.87936401367188,151.40385774720724,149.30588281306578,149.69051724211295,22536873
2022-12-30,149.4457550048828,151.57870206298074,149.13106442874576,151.08918022725547,4643134
2023-01-02,150.3898468017578,150.70453736034477,148.9562248619649,150.04018430208183,5959394
2023-01-03,150.7744598388672,151.19405197294788,149.90030363128122,150.52969894630368,2873110
2023-01-04,147.59254455566406,150.6346054109362,147.20791012075927,150.6346054109362,9954542
2023-01-05,146.01905822753906,148.1869627711686,144.48053476949664,148.1869627711686,21273509
2023-01-06,145.52952575683594,147.068049252313,145.14490555381906,145.56449769702073,11510471
2023-01-09,146.2288360595703,148.22190921056483,142.83711308643203,146.29876570511715,52485126
2023-01-10,148.11703491210938,148.57158476213158,146.15891929738683,146.78831461839073,17248326
2023-01-11,148.221923828125,148.9911926884103,146.92817546061366,148.39675507313473,9164361
2023-01-12,149.30587768554688,149.58561051271965,147.837298127643,149.34084962436944,21179555
2023-01-13,149.65554809570312,150.59963398812937,149.16602629305348,149.3758152537019,6560245
2023-01-16,150.8094482421875,150.98427950279105,148.7464308303829,150.35488411905737,8362194
2023-01-17,152.73257446289062,152.9423634146943,150.28493709722827,150.80943081844163,13000571
2023-01-18,153.39691162109375,153.95637722364953,151.33390888879677,152.66262902401576,11171369
2023-01-19,154.37599182128906,154.72565431692053,152.90741218519761,153.0123137794477,11586815
2023-01-20,156.12429809570312,156.57886216752217,154.55081692788528,154.55081692788528,10112645
2023-01-23,157.4180450439453,159.65589344400507,156.33409989680314,156.64879043646962,14393610
2023-01-24,154.51585388183594,158.46704299844083,154.2011633212813,158.22228209269795,6150893
2023-01-25,153.43190002441406,154.7256483629049,152.31298292701126,154.34101394139012,5790331
2023-01-27,153.32699584960938,154.86550505412868,151.75351470634087,153.3619677883586,10458603
2023-01-30,148.15199279785156,153.0472676125973,147.24287886893774,152.45284423065306,24288177
2023-01-31,151.50875854492188,153.991353667288,148.36179616021323,148.6764867075629,20997546
2023-02-01,151.43882751464844,157.34811780324932,149.3758103223241,157.34811780324932,20246369
2023-02-02,148.7464141845703,151.8234468724113,147.80232832852212,151.05419225740175,12820663
2023-02-03,150.2499542236328,150.4597573879709,147.13796406202877,149.0960652753768,10815686
2023-02-06,151.7884979248047,151.99828688948213,148.99119790667646,149.27091652624637,6948201
2023-02-07,151.6486053466797,152.5926911387007,150.42478674240752,152.45283184647604,10035526
2023-02-08,148.25689697265625,149.13105320480636,147.17293755366885,148.85132036495767,12432719
2023-02-09,148.85130310058594,149.62055765009615,148.25687977722814,148.25687977722814,7011082
2023-02-10,149.7254638671875,149.97022474581888,148.15198278309742,148.18695472053136,10892159
2023-02-13,151.05418395996094,151.4038464228312,149.65553410847983,149.72546375549348,7710133
2023-02-14,150.35487365722656,151.78849558554475,148.78139242127884,151.78849558554475,6010681
2023-02-15,150.00521850585938,150.49474033433728,148.95623096386035,149.1310622208602,8107497
2023-02-16,150.07513427734375,151.6835873840412,149.65554214492786,151.6835873840412,3963115
2023-02-17,149.51568603515625,150.98426564386352,148.95622036145676,149.65554533967958,6491149
2023-02-20,150.91433715820312,151.75352144743633,149.79540580215456,150.77446362479546,6841917
2023-02-21,151.89337158203125,152.97733093232983,151.08915928165746,152.13814669376487,6701434
2023-02-22,150.11012268066406,151.96333688221387,148.95623351911007,151.05420863909754,9128659
2023-02-23,149.13104248046875,150.98425640491897,148.67647842687873,150.35486111747142,10345874
2023-02-24,150.3898468017578,150.6346077059703,148.53663270791444,148.53663270791444,9808830
2023-02-27,153.29202270507812,153.81651641537533,150.04017308347738,151.36887910065502,17763618
2023-02-28,155.4249725341797,155.94946625476746,152.9773351714367,154.27108350332603,36559278
2023-03-01,153.08224487304688,155.4249807702549,152.03325737628475,154.93545896288734,12896085
2023-03-02,154.09625244140625,154.55081651200211,150.9143324028408,152.4528416272238,79708558
2023-03-03,155.32005310058594,157.6627886045061,154.13120649495514,154.13120649495514,9951869
2023-03-06,158.85166931152344,160.00555835417333,155.94946784904124,156.64879281697415,15659957
2023-03-08,159.48106384277344,159.69085279543836,157.8376387939827,158.7117949995936,11591495
2023-03-09,157.9075927734375,161.15944268407657,157.6977895795494,160.14542711182622,13941653
2023-03-10,158.43206787109375,159.5509849085082,155.42496499447796,155.42496499447796,9605434
2023-03-13,158.11737060546875,160.87971273406356,157.62784882460522,159.4810628141075,13209653
2023-03-14,157.48797607421875,159.27126042209662,156.64879180921906,157.45301836272873,9583405
2023-03-15,159.65589904785156,160.87971776609194,157.83764271279475,158.46703804202187,12228069
2023-03-16,162.34829711914062,162.87279085467878,159.69085650129267,160.46011113452133,18437817
2023-03-17,160.6349334716797,163.64203641312733,159.65588993521058,163.60706447490958,33711025
2023-03-20,159.096435546875,160.42515587612385,157.55792625688372,157.55792625688372,9281411
2023-03-21,156.05438232421875,159.23630265434292,155.56484626956606,158.92161208391224,11272787
2023-03-22,156.71871948242188,157.13831160962704,154.4109556688922,155.94946487791196,7589846
2023-03-23,155.35504150390625,156.99845230159178,154.72564619923023,156.6487898243054,17091298
2023-03-24,155.52987670898438,156.8236250623776,154.41095959869298,155.94946884686826,10371666
2023-03-27,153.92141723632812,158.22226848490368,153.53679705404073,155.8795327694722,19983733
2023-03-28,155.32005310058594,156.01937798102784,152.94234566152323,154.72562979777055,8689166
2023-03-29,155.56483459472656,156.43899081121256,154.23612852791024,155.32007369967107,19743258
2023-03-31,157.837646484375,158.57194342398674,155.94947467937837,156.64879967794062,10202058
2023-04-03,157.06837463378906,158.9915181692664,156.54388094229523,158.9915181692664,7643214
2023-04-05,157.80270385742188,158.46705697844826,156.43901144317135,158.46705697844826,12019382
2023-04-06,157.52293395996094,159.02648534276395,157.10334186489538,158.88661182587438,4282875
2023-04-10,160.18038940429688,160.42515029721966,157.3481175964398,157.4879768987377,4145643
2023-04-11,161.78883361816406,162.24339770730123,159.76078830126212,160.0754930834971,5106602
2023-04-12,158.95655822753906,161.9286891042649,158.78172699949636,161.8237875218789,9118795
2023-04-13,161.6839141845703,161.99861893208208,158.74675524127102,158.95655840627887,11428621
2023-04-17,165.49525451660156,167.76806063505026,162.45319378823848,162.66298273941365,21815047
2023-04-18,161.05453491210938,166.08966864952146,160.59997086813976,165.6700765427041,13482833
2023-04-19,160.80978393554688,161.82381375928594,159.90066993900615,160.14543085239004,8264190
2023-04-20,161.47413635253906,162.8727862746437,160.5999801512237,161.43916441336535,7308750
2023-04-21,161.92868041992188,162.48813178297368,160.56498837764352,162.10351163858826,5030650
2023-04-24,162.20843505859375,162.45321020139926,160.80978499823837,161.5440819710466,5725067
2023-04-25,162.87278747558594,163.57211244179473,161.29930630161618,161.75387037521247,8338703
2023-04-26,166.64913940429688,167.48832364375005,162.24338657766185,163.67700840018023,13581018
2023-04-27,165.00572204589844,166.64914711825315,163.29238154945577,166.43934393477718,9794457
2023-04-28,165.9148406982422,166.40436246123625,163.0126393747146,165.70503752678633,10585487
2023-05-02,167.90792846679688,168.64222540272448,166.61418007150849,166.9288706281612,6732907
2023-05-03,167.628173828125,169.23662679873777,166.99879279665197,167.83797699048375,4789217
2023-05-04,167.03378295898438,168.32753143742772,164.3064124574146,167.59324868210794,9189783
2023-05-05,168.57229614257812,168.886986699966,166.57920851977673,166.99881490003187,3896441
2023-05-08,171.15977478027344,172.20876216401362,168.60723596761193,169.131729659482,8758321
2023-05-09,170.2156982421875,172.66333560409464,169.72616223312443,170.67026231210224,9166941
2023-05-10,173.18783569335938,173.39762465255603,171.05488879413878,171.43952322770423,9689409
2023-05-11,173.81723022460938,174.27178008133993,172.45353797100813,173.22279260678658,12616726
2023-05-12,169.0618133544922,174.551511583731,168.64222121344392,174.02701785046992,13853807
2023-05-15,170.1107940673828,171.78917679274483,169.48139876689672,170.2156956554309,12187763
2023-05-16,168.25758361816406,171.01992576470326,167.8379914850121,170.32060080018238,11418509
2023-05-17,166.99880981445312,169.16671439260412,166.05470971543306,168.46738941721327,11560929
2023-05-18,164.7959442138672,168.53733023450812,164.06164724993965,168.53733023450812,14497723
2023-05-19,163.43223571777344,166.08967622855127,162.2433889895743,164.79592791191044,10071694
2023-05-22,163.88681030273438,167.13867438635597,162.6979634982206,164.13157120627503,12566129
2023-05-23,163.71197509765625,165.42532983664861,163.18748136225508,163.67701738531142,12458561
2023-05-24,164.90081787109375,166.33442538601986,164.23645067635098,166.29946767753967,8877971
2023-05-25,166.4043731689453,168.04779825289472,165.25049833509573,166.22954192408287,12502747
2023-05-26,165.94981384277344,166.36940596093396,164.20150149393598,166.3344340228363,6811801
2023-05-29,163.99169921875,166.68409740513917,163.71196639584412,166.57919581807414,13638297
2023-05-30,164.41131591796875,164.9707816474182,163.43225800533452,164.9707816474182,9469926
2023-05-31,163.53713989257812,164.48122574787917,160.84474162827408,164.34136644628006,48104157
2023-06-01,162.94271850585938,163.71197312963974,160.8797155292025,162.90774656613178,8804790
2023-06-02,164.06163024902344,164.41129272364958,163.01264282514504,163.64203812503257,6617781
2023-06-05,164.76097106933594,166.43935395477683,164.2015195927249,165.35539448789936,27428302
2023-06-06,164.55116271972656,165.74000941682763,163.9567251433738,165.35537501187025,6898603
2023-06-07,167.27853393554688,167.87297156646304,165.14560122698927,165.53022143944875,11153571
2023-06-08,168.99188232421875,171.6493086810561,167.31349954590922,167.31349954590922,19300834
2023-06-09,171.2646942138672,171.68428636553386,169.0967895737531,170.32060831566628,11037141
2023-06-12,168.99188232421875,172.34863365303482,168.67717755014655,171.33461813478687,8188909
2023-06-13,169.41146850585938,170.25065275160952,168.8520028568243,169.23663726901123,6443218
2023-06-14,172.3835906982422,172.8731124452098,169.306558241841,169.306558241841,10297426
2023-06-15,172.34861755371094,172.69828000703782,170.49541793331966,172.69828000703782,9732749
2023-06-16,172.34861755371094,172.9780128152597,170.98493967685667,172.31365984505922,9702361
2023-06-19,170.0059051513672,173.64240369867883,169.51638334105775,172.3486410626543,10431647
2023-06-20,173.9570770263672,174.62143002137717,170.4604523625206,170.5303820102371,13426365
2023-06-21,180.56568908691406,181.16012665258447,173.95707426814937,173.9920462053542,31172093
2023-06-22,177.31387329101562,180.4258640929702,176.71943561234158,180.4258640929702,7430965
2023-06-23,174.9011688232422,178.08310306731428,174.5165486337429,177.34880617166607,5593393
2023-06-26,173.78225708007812,175.00607579190967,172.838171205083,174.8312445473623,7305362
2023-06-27,174.5165557861328,174.86621827880964,173.18783546840015,173.502526020688,11142907
2023-06-28,174.93614196777344,176.57955278176595,172.3486310734976,175.39070603831675,17808717
2023-06-30,178.43275451660156,181.6146743361942,175.6704125717268,179.3768403042213,17659979
2023-07-03,175.180908203125,178.29289868567201,174.4815832202782,178.01318007477585,12467239
2023-07-04,174.551513671875,176.57955897697317,174.27178083189537,176.57955897697317,8637967
2023-07-05,177.10403442382812,177.5935561723784,174.48156599701923,174.62142528866164,5340907
2023-07-06,183.71266174316406,184.34205705423986,177.90827309787173,181.78951809853413,16705046
2023-07-07,178.64256286621094,183.60778167361335,178.1180691241166,183.60778167361335,13149183
2023-07-10,174.83123779296875,179.30692032602926,173.78225036621092,178.64255308573445,15319047
2023-07-11,177.2788848876953,178.60760521367658,174.86621936436873,176.22989740315273,7486045
2023-07-12,176.26486206054688,178.1530337635835,175.63546675026708,177.62854004298413,9390877
2023-07-13,170.0059051513672,176.36975982440805,169.0268473029447,176.05506926460964,30591450
2023-07-14,167.87295532226562,170.9150159255512,165.5302054219471,169.93595817691389,72085831
2023-07-17,168.5373077392578,171.2996355152327,167.2785171770554,169.5862951318258,11474161
2023-07-18,168.64222717285156,170.42549739227388,167.5582677280196,168.53732557693178,14940593
2023-07-19,170.1107940673828,172.17379697851783,168.2226223937271,168.53731293006888,22954874
2023-07-20,170.81011962890625,171.92903670721984,169.4464416628057,170.60031645205882,10249082
2023-07-21,170.70523071289062,172.2437542591123,169.37651035909124,170.11080730476564,18466409
2023-07-24,173.04795837402344,173.5374943903803,169.83106635314772,170.67026485498678,14825562
2023-07-25,175.63546752929688,175.88022842110166,173.53749263759386,174.09694407203298,10500017
2023-07-26,175.5305633544922,178.78242723430924,174.83123840088865,177.55860856550302,12898171
2023-07-27,175.32077026367188,177.20895628371227,174.62144526983545,176.2298984467806,10836773
2023-07-28,180.56568908691406,182.6287061425542,174.90116006685832,176.0900209703972,17518458
2023-07-31,186.055419921875,186.7197729735434,181.2300746286834,183.22314801149201,24269734
2023-08-01,176.0900421142578,183.22315148078525,175.18091391578895,183.22315148078525,31395702
2023-08-02,173.81723022460938,177.48868638554606,172.45353797100813,176.85929105525344,20825405
2023-08-03,173.92210388183594,175.25082409043864,172.10386191481217,174.13190705133186,10882019
2023-08-04,172.97804260253906,174.16690368525659,172.45354883222947,173.43260671570152,7406390
2023-08-07,173.39761352539062,174.09693846677604,172.03393558081,173.99205110781008,6345966
2023-08-08,168.88697814941406,171.50944675421863,168.29255477788558,171.50944675421863,15171726
2023-08-09,168.08274841308594,170.28562484493617,167.66315628982935,169.9359623709219,18442141
2023-08-10,169.09678649902344,169.69120988872632,167.87296777936328,168.22263027069476,9962450
2023-08-11,170.84512329101562,172.2088015103307,169.79613566760244,171.68430769862408,23866073
2023-08-14,170.98495483398438,171.54442050002248,168.36248620156132,171.22971572744996,9188486
2023-08-16,173.4675750732422,173.8871672352576,169.97095001010732,171.05489524299685,9191471
2023-08-17,170.4254913330078,173.99206010065473,169.3765038667124,173.467566367507,15301142
2023-08-18,168.5373077392578,170.3905216450217,167.9079124581566,170.3905216450217,12292241
2023-08-21,172.8731231689453,173.2227856464131,169.02683591679983,169.44644227200325,9129526
2023-08-22,173.29273986816406,174.9361507647989,172.52347098957443,173.43259917637846,11107830
2023-08-23,174.551513671875,174.83124651185463,172.87313085980054,174.83124651185463,8487619
2023-08-24,172.24375915527344,176.6844702134778,171.89409664316594,174.83125605374727,18982087
2023-08-25,169.2366485595703,173.01300637298917,168.8170564087023,172.1388501304294,12851343
2023-08-28,173.78225708007812,174.13191956917285,169.62127915097216,169.93596970003617,11908665
2023-08-29,175.63546752929688,176.92921586695317,173.8521831802282,174.5515081441292,12363321
2023-08-30,172.80320739746094,175.9501699474148,172.34864329468462,175.74038098076682,6748007
2023-08-31,171.01992797851562,174.5515105583799,170.32060300494214,173.3276918546263,20715819
2023-09-01,176.3697509765625,176.64948380890766,171.4744762078322,172.733266839484,13120723
2023-09-04,178.60760498046875,179.37685962256822,175.39071287763247,177.3488143095399,10240031
2023-09-05,177.83836364746094,179.72653556735813,176.9292354028856,178.53768868857907,10893186
2023-09-06,177.9781951904297,179.90133875339112,176.3347844458231,179.51670434967795,10018473
2023-09-07,179.7265167236328,180.21603850996902,176.33479347538164,177.6285418202441,13760453
2023-09-08,180.8804168701172,182.7336309941047,179.79645741236874,180.60068402026562,16781751
2023-09-11,184.97145080566406,185.32111328355757,180.14610576517316,182.06924939358743,17683806
2023-09-12,178.37449645996094,190.44950507444463,177.7684062669833,189.2839634277222,29826173
2023-09-13,180.14610290527344,181.45151800536675,178.37448540319264,180.14610290527344,10692151
2023-09-14,181.96434020996094,182.43055682769366,180.61231486409645,181.07853148182917,10941807
2023-09-15,180.9853057861328,182.94340714228744,179.21367401307546,182.89678263261175,20516593
2023-09-18,186.5799102783203,186.95287790971219,180.98531044062318,182.0576030517272,25627043
2023-09-20,190.8224639892578,192.0346300920111,185.04138053128378,185.2744888499747,33369524
2023-09-21,187.9785614013672,191.66167013842298,186.85963004465887,191.1488289712322,20332556
2023-09-22,185.694091796875,189.19071678095727,183.12990014188134,186.99950699428115,21193988
2023-09-25,185.46096801757812,187.0927262075742,183.40961771000062,186.486650285268,11951847
2023-09-26,184.94813537597656,186.53326900868316,184.24881045909407,185.64746029285905,7440011
2023-09-27,185.88058471679688,186.11369304263795,183.9690935993394,185.83396020606804,6736870
2023-09-28,187.18597412109375,190.6359742854862,184.4352988911512,186.57989820235804,50185120
2023-09-29,186.25357055664062,188.2582966637505,185.6474945413203,187.37248778451138,16293959
2023-10-03,186.06707763671875,186.48666979820393,183.59612072521026,185.32112811196518,10830728
2023-10-04,185.55421447753906,185.92718208185048,182.19744912752807,185.46096546256018,14120040
2023-10-05,183.31637573242188,186.0204263643926,182.150834213848,186.0204263643926,14575590
2023-10-06,183.73599243164062,184.1089600763955,181.6846419298815,183.68936791909536,12857229
2023-10-09,182.9900360107422,183.5961119675546,180.65895274945885,183.22314433687052,7853369
2023-10-10,184.57516479492188,185.1346304536322,182.47718991646224,182.99003106564624,7440527
2023-10-11,185.08799743652344,185.69407334909903,184.01570490571982,184.01570490571982,10031916
2023-10-12,187.18597412109375,188.35151567851028,184.0157067760417,184.0157067760417,21872719
2023-10-13,188.16505432128906,188.72450579890523,185.83397092837868,186.9062635979959,13105921
2023-10-16,189.33058166503906,190.0765311397825,186.57990631548776,186.76639012722293,18336656
2023-10-17,193.15354919433594,194.8785564617935,188.910989132075,189.79679790679532,19378328
2023-10-18,192.54747009277344,194.36571212218098,190.21638691973743,194.36571212218098,14923328
2023-10-19,191.89476013183594,193.38664475189944,188.53799483803982,190.21637748493788,13192888
2023-10-20,189.1440887451172,191.335298326143,187.32583254179931,191.335298326143,22081120
2023-10-23,186.25357055664062,191.2887051959612,185.55424551074586,188.35154569432495,6988219
2023-10-25,186.0204620361328,186.90627091455352,184.4353281124635,185.5542453393004,16817158
2023-10-26,185.50759887695312,186.48665667003135,183.03665636719631,185.32111506584366,11070090
2023-10-27,187.37245178222656,188.16502570640833,185.69406914900753,185.7873181616648,9995487
2023-10-30,187.27923583984375,188.5380122705543,184.2954378682265,187.3724706340798,7679981
2023-10-31,188.4914093017578,189.23735887991486,186.99952437324848,187.8853332726454,7474770
2023-11-01,187.37245178222656,188.67786682041995,186.95285968087225,188.67786682041995,5598615
2023-11-02,189.377197265625,189.8900241668199,187.32583274963682,188.1184066969779,12924797
2023-11-03,190.58937072753906,192.54748645035914,189.3772187568258,189.65693737911116,8684015
2023-11-06,194.13259887695312,194.83192381111203,191.10219082893116,191.14881533676888,9804415
2023-11-07,193.94610595703125,194.97178817004,191.84813125316913,194.13258975181424,10730361
2023-11-08,193.01370239257812,195.43803478041798,192.68734503074455,194.87856908236148,7435543
2023-11-09,195.62451171875,196.27721219164138,192.1745113096357,193.29342843856423,13777877
2023-11-10,196.88328552246094,198.6082928178688,195.43802529030103,196.2772095688328,12066023
2023-11-13,197.95559692382812,200.56641306858404,196.46369791888094,197.6758640819251,11352269
2023-11-15,195.9508514404297,200.47315861662355,195.62450832354952,200.47315861662355,19182861
2023-11-16,196.94891357421875,198.51728961333515,195.5231250862241,196.4736507448872,27533260
2023-11-17,199.1351318359375,200.27575976190855,196.6637592431078,197.42418269504546,16705395
2023-11-20,198.9450225830078,200.75101552678328,198.51728893883683,199.70544600812872,11156900
2023-11-21,198.61233520507812,199.75296310462474,197.66180953814415,199.6103900561329,9608081
2023-11-22,201.1312255859375,202.08175119928526,197.89942979823314,197.89942979823314,13079580
2023-11-23,200.46583557128906,202.55700341440445,198.89747419282162,201.55894867180285,11382709
2023-11-24,200.03810119628906,201.60647707257175,199.13510481508516,200.84605372381674,7250200
2023-11-28,199.80047607421875,203.84020983084918,199.13511106213588,203.84020983084918,15629209
2023-11-29,200.60842895507812,200.9886333900701,198.75490695272057,199.895534761566,10062023
2023-11-30,198.61233520507812,202.27186482432214,197.94697013899847,199.99059452135825,60354322
2023-12-01,199.80047607421875,201.9391586512584,199.0875818818722,201.03616224172666,20719909
2023-12-04,202.3668975830078,203.50753992382784,201.22626974605765,201.22626974605765,27914088
2023-12-05,211.30184936523438,212.2048458083256,201.08369889518062,203.12732318764338,40709207
2023-12-06,213.29794311523438,215.05642131204104,211.49195024057073,214.81878990727634,29544730
2023-12-07,218.6208953857422,220.90215110126275,213.15537300109864,213.86826722518256,24534268
2023-12-08,217.29014587402344,221.8526568971221,215.2465072453862,220.33182472404548,22206320
2023-12-11,219.5238800048828,221.37740198683693,215.3415732505315,216.71983244204253,19106395
2023-12-12,219.90411376953125,221.75763587648385,218.14563552475525,218.62089834724927,14355329
2023-12-13,225.22705078125,225.74984279164684,219.19122158156404,219.57142604155968,26878281
2023-12-14,220.6170196533203,225.84491097682204,219.6664939581382,225.51222118195986,29972018
2023-12-15,225.60726928710938,226.3201635260568,215.9118960343281,223.37352820352595,41341690
2023-12-18,220.37937927246094,225.17952223493756,219.999160307519,225.17952223493756,29051897
2023-12-19,221.99525451660156,222.80319256603946,219.42883832355085,220.6645099878523,12612164
2023-12-20,215.91189575195312,223.75373237011902,215.00889928457477,223.32599872808407,20400245
2023-12-21,220.85464477539062,221.6625828909196,211.68206337628502,213.34548329539078,17755207
2023-12-22,220.28433227539062,222.61311735336378,219.09617514337666,221.4724894074046,9735375
2023-12-26,221.80516052246094,224.13394540427203,219.61894868293356,220.52194512642725,6772092
2023-12-27,222.47052001953125,224.18146900367952,220.99720243585165,223.37351644053822,10231881
2023-12-28,227.27069091796875,228.07862902597248,222.5180626219332,223.4685882811403,39164340
2023-12-29,225.4646759033203,226.4627307127971,223.13589101712117,226.03499708126992,12665999
2024-01-01,226.4627227783203,227.65087977086134,224.7042446278118,226.130033018861,5952776
2024-01-02,226.08251953125,228.22120212907143,224.46661440980031,228.12614376762042,9128513
2024-01-03,225.3220977783203,226.89045922650013,222.99331294465009,224.324042991356,8284439
2024-01-04,229.50440979003906,231.07278577726413,225.3221028318456,226.22509927692488,19663959
2024-01-05,229.31431579589844,232.87878702588648,227.46079365707874,230.02721004189604,16345257
2024-01-08,230.35987854003906,233.11639690165055,228.50634206861253,230.40739321561884,13585746
2024-01-09,230.3123779296875,232.546104602181,229.5519544757844,230.59753853788504,8688409
2024-01-10,227.3181915283203,230.1222536525246,226.225092889436,229.07666969056336,16872195
2024-01-11,229.9796905517578,231.07280381068483,227.36574487292143,228.36379976016048,18812468
2024-01-12,227.65089416503906,230.64504417401227,226.98552910791952,230.50247112744037,11296498
2024-01-15,229.21925354003906,229.55194331740952,225.27457791397953,228.50635930613407,12597366
2024-01-16,227.22314453125,230.4073965461929,225.93992918692396,229.69450235576053,7478450
2024-01-17,227.36572265625,229.26677387328198,225.93993424347602,226.70035763106276,13620300
2024-01-18,221.90020751953125,224.03889020724034,214.8663235926139,216.00695145861803,25522629
2024-01-19,223.7537384033203,225.2270561023848,220.90216137437127,223.37353393434208,20931080
2024-01-23,226.1775665283203,234.58972399806527,224.56167588831065,229.0766725463825,27492163
2024-01-24,234.0194091796875,234.77983259087733,223.3735249346404,224.466623616815,28309825
2024-01-25,233.3540496826172,236.39572889583238,231.0727938986734,232.64115543715093,20651484
2024-01-29,241.385986328125,242.38404116310008,233.02135769309493,233.306518289355,26181011
2024-01-30,241.528564453125,244.23756825607788,239.05719205380416,241.43350609012427,16031367
2024-01-31,246.47128295898438,247.13666249957927,239.91266194804356,241.43350874958898,34369455
2024-02-01,252.64971923828125,257.5449497952392,245.52077649445005,246.1861560869712,29929092
2024-02-02,263.3906555175781,267.477904086907,250.89124939647797,251.41402688520378,33900724
2024-02-05,268.9036865234375,275.08210292539013,261.2994817210342,263.77085408336313,27440927
2024-02-06,260.681640625,268.90368110022985,258.8281041387003,268.90368110022985,29668277
2024-02-07,254.693359375,260.8242324093508,253.60023167193228,258.6380350186969,27335466
2024-02-08,262.5351867675781,273.79889211207103,257.402325234492,257.402325234492,69776717
2024-02-09,259.4934997558594,265.62440173780277,255.78645556089518,264.81644914214303,24496638
2024-02-12,256.92706298828125,262.34507061494674,253.07744583778828,259.6836104871664,19140023
2024-02-13,256.8795471191406,257.44986828894565,251.1763934365695,256.92706179673286,22031847
2024-02-14,260.111328125,261.39454350374814,253.7903386018209,256.16665263367315,13546941
2024-02-15,272.19158935546875,273.83451154465087,262.2374970122589,262.86566273421687,25475670
2024-02-16,265.3299865722656,273.3995808386285,264.1219643615146,272.5298107454337,25129188
2024-02-19,267.0695495605469,268.95404646646875,264.1219577445219,265.8615273800602,11429901
2024-02-20,278.2316589355469,279.0531199056764,268.37421577217833,269.0023813989614,43053543
2024-02-21,270.6936340332031,279.72964644035,269.8721729975114,277.89342901019285,24651085
2024-02-22,273.10968017578125,273.97945030996505,264.07366771498397,270.69363564042,26793590
2024-02-23,272.48150634765625,275.62236414971096,269.6305620840837,273.0613334246206,14313526
2024-02-26,278.135009765625,281.71076714917245,272.5781078407271,273.44790738837213,31012494
2024-02-27,282.67718505859375,283.5469551140745,274.5592820528926,274.5592820528926,36510093
2024-02-28,270.16204833984375,283.7885434100249,269.0506739158798,281.7107513143137,18824161
2024-02-29,273.3512878417969,275.42908026807993,265.1850454192121,270.2104299089153,35043015
2024-03-01,278.03839111328125,279.6812835491615,275.0424902690276,275.42905146025066,15149735
2024-03-04,284.7549743652344,287.0260618983291,278.32830244686454,278.32830244686454,23131460
2024-03-05,285.0932312011719,285.52813097806177,280.0195381035239,282.2422870920687,13220556
2024-03-06,283.8369140625,284.99659770400353,276.8786942425583,280.55107001308136,15969436
2024-03-07,282.8221740722656,288.8622855529339,281.2275905399155,284.12684405063635,14908694
2024-03-11,275.9605712890625,282.1456683616253,274.84919679696185,278.71486772094926,19020659
2024-03-12,275.5740051269531,278.9564671244606,273.2546085129222,275.33240069855975,17906155
2024-03-13,255.4241943359375,274.3659877494562,253.0081500100481,273.78613121269706,39389523
2024-03-14,257.4053955078125,259.38654026675135,251.9451406543695,255.18261679808933,26005940
2024-03-15,257.0188293457031,262.8656453213841,248.9975437965075,259.0966217465722,43817794
2024-03-18,256.0040588378906,257.6952899186334,250.7854088301445,257.018815181974,12423655
2024-03-19,250.3022003173828,257.5503335312066,249.62569608700076,253.3464103686429,20031514
2024-03-20,255.76243591308594,256.24564475837525,250.25387277242424,251.22029046300284,11308487
2024-03-21,264.5568542480469,265.28166754735656,258.13018222604643,258.8066569430983,23559105
2024-03-22,266.4897155761719,268.9057601416857,262.2374830394139,264.55687992376085,22097588
2024-03-26,260.9811096191406,264.8951193226874,257.16377708484305,261.0294482037652,28477120
2024-03-27,261.1744079589844,263.6387615283877,260.15968107575486,261.8992213020713,18094214
2024-03-28,267.60107421875,270.11376631558045,262.5273809337525,262.8656330512983,26646830
2024-04-01,270.7419128417969,272.1432303043297,268.3258685910353,271.3217693605252,8945400
2024-04-02,270.16204833984375,272.2398699282817,269.1473215815999,269.8721348354103,13229425
2024-04-03,270.6936340332031,273.5928874584226,269.1956687345345,270.74194312653105,14499308
2024-04-04,268.3258972167969,277.0719960332488,265.8132050293982,273.30294300578544,23722104
2024-04-05,269.0506896972656,270.54865487197424,265.9098320798576,270.54865487197424,9308711
2024-04-08,272.2882385253906,274.6559741357482,269.6788984442918,271.12852526873934,14473340
2024-04-09,271.7566833496094,274.80089336639224,271.56338800233806,273.3512667400452,5780865
2024-04-10,273.06134033203125,275.7673278948139,270.5969867144032,270.5969867144032,8809693
2024-04-12,266.0065002441406,274.89755582777644,265.4266436638634,272.0466115121729,17731780
2024-04-15,264.8467712402344,266.9245929863251,259.38651687911624,261.1743956060476,13378690
2024-04-16,265.0400695800781,266.2964008657725,262.1408163121101,263.83204738509147,9662195
2024-04-18,270.6936340332031,280.1645167584943,268.37423719157374,278.23168114168135,51039603
2024-04-19,272.19158935546875,272.77144598063495,265.4750028010983,268.7608176867294,18755469
2024-04-22,274.1243896484375,275.13914598438646,272.23989272635384,274.46264176042047,14965203
2024-04-23,275.7673034667969,277.50684357306227,271.2734669483376,274.12438153875746,11464036
2024-04-24,280.6477355957031,282.04905326458197,274.84922854003685,275.42908514414984,19324163
2024-04-25,283.4503173828125,284.6100304926076,279.53633724953056,282.19398609114234,22022414
2024-04-26,282.43560791015625,286.20463150981226,281.6624854512073,284.36844355026,15581578
2024-04-29,283.8369140625,284.7066841668102,279.8745952620535,282.483905574984,9804396
2024-04-30,291.7132263183594,294.12927088039197,283.20873176436584,283.8369269446795,33288857
2024-05-02,303.0686340332031,306.59605317512717,291.71322465634654,291.8098723368235,44059506
2024-05-03,300.41094970703125,305.4846426618151,297.8982577737356,301.52232417000977,27074447
2024-05-06,296.5453186035156,300.36265135657993,292.92125172183523,299.7828242496965,16855909
2024-05-07,285.3348388671875,297.9465786271384,284.6100255593115,296.6902473572449,13857464
2024-05-08,291.858154296875,292.67961526546156,282.1939770022765,282.1939770022765,18754452
2024-05-09,286.2046203613281,294.12925797415875,285.33485025570775,292.58298362376127,11196567
2024-05-10,293.54937744140625,294.2258816309549,286.3012446650752,286.3012446650752,11786977
2024-05-13,296.25537109375,297.31843659490573,287.6059492954301,293.9843128096331,11710605
2024-05-14,298.86468505859375,302.48875157102617,297.4150584536208,297.65666288778294,9957875
2024-05-15,304.2766418457031,305.6779299214591,298.47813520545236,299.5895097462878,11397656
2024-05-16,302.0055236816406,305.0014243751079,295.04730461892484,303.93835903320314,19843532
2024-05-17,302.6337585449219,305.38805544989964,300.3143614906846,304.3249898646602,9069551
2024-05-21,314.71392822265625,316.45349783420977,300.5559143611049,300.5559143611049,21976662
2024-05-22,314.8105773925781,316.7434128639063,309.44697075673395,316.7434128639063,10287081
2024-05-23,309.15704345703125,309.93019538050453,298.62309550132346,308.7221731495121,35705284
2024-05-24,308.0939636230469,312.1046208370342,306.74098468599607,307.320841228369,15058182
2024-05-27,307.2725524902344,310.7033238963522,303.93839927030405,310.7033238963522,12857918
2024-05-28,302.29547119140625,308.7704821445819,301.52234876090625,308.28727325233683,10935739
2024-05-29,307.03094482421875,307.99736261782004,298.71974590070164,298.71974590070164,16812268
2024-05-30,296.40032958984375,306.9825860377692,293.59769457864434,304.0350237583432,22768893
2024-05-31,299.5895080566406,301.03913470852757,295.43392345165654,298.188190496058,36929443
2024-06-03,326.31097412109375,336.98990882907395,314.665651076674,323.74997277233655,55218939
2024-06-04,286.0113525390625,323.70164579446663,270.3553727743411,323.70164579446663,73262478
2024-06-05,288.765625,290.9400650361227,269.8238598350713,286.34958051541923,45312613
2024-06-06,290.3602294921875,300.9908249145408,288.08914184432064,293.2111442052717,36508044
2024-06-07,298.9613342285156,300.2176654953612,286.8327738771772,288.04079605403984,38016104
2024-06-10,305.1947021484375,312.4911735815308,301.1357654470787,302.4887443475316,25478964
2024-06-11,305.9195251464844,308.96376463506743,304.5665462030747,305.58130253017873,12238518
2024-06-12,313.7475280761719,316.11526344707596,306.2577902406442,309.15704359633236,20346144
2024-06-13,310.655029296875,316.9367453141361,309.88187732218813,316.0186365606743,11756503
2024-06-14,310.70330810546875,315.0521880011907,308.6255158316141,315.0521880011907,14159988
2024-06-18,320.65740966796875,321.3339139154091,311.1865271601856,311.1865271601856,21653702
2024-06-19,316.3085021972656,323.60497354599545,314.47231446125795,322.7835126004129,14235150
2024-06-20,313.65087890625,317.2749455836111,311.4764388998334,316.5018231561994,11749507
2024-06-21,315.0038757324219,318.53129460259504,312.15293158800944,315.72868904106275,17209541
2024-06-24,321.7688293457031,322.7835562734221,311.7180602867166,312.2496077905903,18044357
2024-06-25,316.4051513671875,323.74993183879224,314.85887713747155,323.74993183879224,13979671
2024-06-26,315.7286682128906,319.1111300967452,314.0374372709633,314.7622505317893,12946277
2024-06-27,320.4158020019531,321.3339106867215,313.4576117067809,317.51654867244883,27061015
2024-06-28,319.8359680175781,326.0210357549625,318.5312981489532,321.8171126194953,21676594
2024-07-01,318.53131103515625,320.60910339523787,314.3273877296191,319.88429004920494,11959181
2024-07-02,319.69097900390625,323.1700887926685,317.0333301988798,318.9661656934445,12684459
2024-07-03,323.8948974609375,325.58612849444216,318.0480819707699,319.9809174376324,9369793
2024-07-04,323.7499694824219,327.3257272111113,322.6869039825901,325.6828051211229,12878827
2024-07-05,328.002197265625,328.48540616834185,321.67217243712713,323.74996482026324,10894118
2024-07-08,328.002197265625,329.548471652865,325.5378436588616,329.548471652865,7828162
2024-07-09,329.69342041015625,330.8531335455759,326.7458579723325,328.5820458594717,9214579
2024-07-10,334.4288635253906,336.1200946533038,324.23316766563494,331.481301070977,10662609
2024-07-11,331.2879943847656,337.03819182007805,330.5148719783991,336.7965873814973,12642065
2024-07-12,331.57794189453125,334.2838998461679,328.6786885923221,331.2879988686725,11380570
2024-07-15,332.302734375,333.80067002341855,328.77531564379694,333.80067002341855,5277531
2024-07-16,330.94976806640625,335.3469570023425,330.03165941296817,331.2396815923714,11363095
2024-07-18,329.7900695800781,333.1242227399578,325.63448489601467,330.51488291981457,13908161
2024-07-19,321.0439758300781,330.36990085542874,319.8842627782019,328.14712242145396,12937990
2024-07-22,327.22906494140625,328.00218736532514,318.4346572788613,318.9178661669931,10678640
2024-07-23,323.0251159667969,329.06522658696883,310.3167291205006,327.71224770659586,15954324
2024-07-24,325.8277587890625,327.42234227724197,319.20779089107947,319.78764747570773,12573882
2024-07-25,328.0505065917969,331.094716508845,319.35274711867163,319.35274711867163,16271884
2024-07-26,332.6409912109375,333.94563153949946,327.1323984067023,328.92027708826834,11468068
2024-07-29,330.8531188964844,334.28389007337466,326.40759139784944,328.388735966015,31849674
2024-07-30,338.05291748046875,344.9628279938475,331.771202099382,333.4141240730656,25813219
2024-07-31,336.5066833496094,338.8743892188871,331.09473787411304,336.5549924415972,17976593
2024-08-01,348.97344970703125,350.32642863632236,338.3911637207874,339.3575814549566,26792459
2024-08-02,346.2191467285156,348.92510453600175,342.1118714358535,345.9775422995355,13771470
2024-08-05,331.2879943847656,342.8850074366393,330.0316631012377,340.9038628373693,13566586
2024-08-06,329.3068542480469,339.0193410135166,327.8572275969183,331.2879988741641,12273667
2024-08-07,340.22735595703125,340.71056483042156,331.8678483459246,334.2355836226288,12441847
2024-08-08,331.1430358886719,343.0783009906969,329.7900569382403,343.0783009906969,15489731
2024-08-09,334.38055419921875,337.2314984670845,332.7376321647316,336.2167420954083,8720610
2024-08-12,329.69342041015625,332.2544216337502,328.0988369685019,331.48129920529055,12521136
2024-08-13,325.6344909667969,330.9497888906235,323.8949212233606,325.68280005992114,10435954
2024-08-14,322.3003234863281,326.9874555285283,321.3339057247499,325.6827856518518,12385993
2024-08-16,329.9497985839844,330.8755111103973,322.1541744224629,324.49285572333014,13013828
2024-08-19,331.6063537597656,334.5297128457628,330.6319007310999,333.89632432471933,5891370
2024-08-20,331.8012390136719,333.8963069688124,330.1446570558706,331.75252825994914,6393840
2024-08-21,328.0495910644531,332.23975673776164,327.5623645725297,331.31401450792913,10118601
2024-08-22,325.46728515625,329.07277296483517,322.05669983275635,327.4161910553892,18370039
2024-08-23,327.6598205566406,328.3419495503754,324.83391281020965,326.10068981235077,7494822
2024-08-26,329.60870361328125,332.7756756361731,327.27002252858057,327.8547002342416,7993675
2024-08-27,326.7828063964844,332.7269754057648,326.44174191256894,330.3395537563011,9589690
2024-08-28,325.9057922363281,330.2420899041561,325.2236632945406,326.78279392009557,8790600
2024-08-29,324.7851867675781,327.3187706225277,320.4001480817623,324.00563622972294,17653536
2024-08-30,328.78045654296875,332.14233149562375,325.516032843917,326.44177514622703,22713812
2024-09-02,326.9776916503906,331.21656814014403,325.6622038931788,329.75488864284597,9789776
2024-09-03,326.1007080078125,329.31642092320243,325.4673194714007,327.4162255760199,8434423
2024-09-04,324.3953857421875,326.1494189200145,322.5439310583238,322.73883354628606,9025610
2024-09-05,322.78753662109375,325.7596061951822,321.1796952164567,323.8594408034997,13912371
2024-09-06,321.3746032714844,324.59031617201487,316.69724053719085,324.54157567685627,23755639
2024-09-09,320.1565246582031,320.789942905293,315.28425960640914,319.32826338975485,18597200
2024-09-10,325.61346435546875,326.7340793590947,318.64613134550325,318.64613134550325,15472387
2024-09-11,324.687744140625,328.63426680605346,323.518388671934,328.2932023161899,10134008
2024-09-12,329.5600280761719,330.3395786083876,324.7364736614902,326.2956044638684,18410837
2024-09-13,328.63427734375,332.53208938044384,327.51366233078966,331.119120621964,10417461
2024-09-16,329.60870361328125,332.7756756361731,328.4393482019592,328.6342506831607,7748570
2024-09-17,328.2931823730469,331.3139923687031,325.9545013156799,328.09830963206645,11451846
2024-09-18,325.7596130371094,330.24210260626126,324.59028732642474,329.8523273693664,6583254
2024-09-19,326.34429931640625,329.7061740158864,324.5902958354267,327.61110604195386,10589610
2024-09-20,332.1423034667969,334.18866066798813,326.19813435398225,329.5112685312731,31236123
2024-09-23,332.43463134765625,333.7501488307827,331.55762960488704,333.26292233613924,6542941
2024-09-24,341.1072692871094,342.03301155544364,333.6039988421936,335.7477776530497,26145769
2024-09-25,354.457275390625,356.8934078675365,343.34851724349755,344.8101967296445,40770462
2024-09-26,356.1138610839844,356.74724958699784,348.0746238263358,354.74960309232995,18733959
2024-09-27,345.1999816894531,354.018769608783,344.3229799206824,352.9468950791444,33148043
2024-09-30,343.8357238769531,348.318213323125,340.7662030809468,345.19995203762886,16356171
